"id","profile_id_1","profile_id_2","created_at"
1224,216,2,2024-12-16 15:57:05.986 +0000
2,5,3,2024-12-16 15:57:05.986 +0000
1230,216,85,2024-12-16 15:57:05.986 +0000
4,1,4,2024-12-16 15:57:05.986 +0000
5,4,5,2024-12-16 15:57:05.986 +0000
6,4,3,2024-12-16 15:57:05.986 +0000
7,4,1,2024-12-16 15:57:05.986 +0000
8,1,3,2024-12-16 15:57:05.986 +0000
9,3,1,2024-12-16 15:57:05.986 +0000
10,6,2,2024-12-16 15:57:05.986 +0000
11,6,3,2024-12-16 15:57:05.986 +0000
12,6,4,2024-12-16 15:57:05.986 +0000
13,6,1,2024-12-16 15:57:05.986 +0000
14,8,2,2024-12-16 15:57:05.986 +0000
15,8,3,2024-12-16 15:57:05.986 +0000
16,8,4,2024-12-16 15:57:05.986 +0000
17,8,1,2024-12-16 15:57:05.986 +0000
18,8,5,2024-12-16 15:57:05.986 +0000
9263,1551,512,2025-01-22 18:09:33.173 +0000
20,4,8,2024-12-16 15:57:05.986 +0000
9269,1551,1480,2025-01-22 18:10:12.258 +0000
9277,1553,448,2025-01-22 18:16:47.707 +0000
23,6,8,2024-12-16 15:57:05.986 +0000
24,8,6,2024-12-16 15:57:05.986 +0000
25,10,6,2024-12-16 15:57:05.986 +0000
26,10,3,2024-12-16 15:57:05.986 +0000
27,10,8,2024-12-16 15:57:05.986 +0000
4597,388,488,2024-12-22 21:25:18.023 +0000
9285,1555,448,2025-01-22 21:14:13.815 +0000
30,6,10,2024-12-16 15:57:05.986 +0000
31,8,10,2024-12-16 15:57:05.986 +0000
32,4,6,2024-12-16 15:57:05.986 +0000
1240,216,43,2024-12-16 15:57:05.986 +0000
34,1,11,2024-12-16 15:57:05.986 +0000
36,9,10,2024-12-16 15:57:05.986 +0000
37,9,1,2024-12-16 15:57:05.986 +0000
38,8,11,2024-12-16 15:57:05.986 +0000
39,9,3,2024-12-16 15:57:05.986 +0000
40,9,8,2024-12-16 15:57:05.986 +0000
41,9,6,2024-12-16 15:57:05.986 +0000
42,9,11,2024-12-16 15:57:05.986 +0000
43,11,1,2024-12-16 15:57:05.986 +0000
44,6,11,2024-12-16 15:57:05.986 +0000
45,4,10,2024-12-16 15:57:05.986 +0000
46,4,2,2024-12-16 15:57:05.986 +0000
47,15,6,2024-12-16 15:57:05.986 +0000
48,15,10,2024-12-16 15:57:05.986 +0000
49,15,1,2024-12-16 15:57:05.986 +0000
50,15,3,2024-12-16 15:57:05.986 +0000
51,15,11,2024-12-16 15:57:05.986 +0000
52,15,4,2024-12-16 15:57:05.986 +0000
53,15,9,2024-12-16 15:57:05.986 +0000
54,15,12,2024-12-16 15:57:05.986 +0000
9328,1573,745,2025-01-23 00:38:49.699 +0000
56,15,8,2024-12-16 15:57:05.986 +0000
57,8,15,2024-12-16 15:57:05.986 +0000
58,8,12,2024-12-16 15:57:05.986 +0000
59,21,8,2024-12-16 15:57:05.986 +0000
60,6,15,2024-12-16 15:57:05.986 +0000
61,6,21,2024-12-16 15:57:05.986 +0000
62,8,21,2024-12-16 15:57:05.986 +0000
63,22,12,2024-12-16 15:57:05.986 +0000
64,22,8,2024-12-16 15:57:05.986 +0000
65,6,22,2024-12-16 15:57:05.986 +0000
9352,443,1042,2025-01-23 02:26:05.114 +0000
67,22,9,2024-12-16 15:57:05.986 +0000
68,6,12,2024-12-16 15:57:05.986 +0000
69,6,9,2024-12-16 15:57:05.986 +0000
70,8,22,2024-12-16 15:57:05.986 +0000
71,23,11,2024-12-16 15:57:05.986 +0000
72,23,15,2024-12-16 15:57:05.986 +0000
73,23,8,2024-12-16 15:57:05.986 +0000
74,23,6,2024-12-16 15:57:05.986 +0000
75,23,1,2024-12-16 15:57:05.986 +0000
9353,1575,553,2025-01-23 04:24:46.316 +0000
77,23,10,2024-12-16 15:57:05.986 +0000
78,23,21,2024-12-16 15:57:05.986 +0000
79,10,15,2024-12-16 15:57:05.986 +0000
80,15,23,2024-12-16 15:57:05.986 +0000
81,8,23,2024-12-16 15:57:05.986 +0000
82,23,9,2024-12-16 15:57:05.986 +0000
83,23,12,2024-12-16 15:57:05.986 +0000
84,8,9,2024-12-16 15:57:05.986 +0000
9369,1169,352,2025-01-23 04:57:16.073 +0000
9376,1169,1283,2025-01-23 05:00:00.820 +0000
87,8,26,2024-12-16 15:57:05.986 +0000
88,26,1,2024-12-16 15:57:05.986 +0000
89,23,26,2024-12-16 15:57:05.986 +0000
9405,1482,1223,2025-01-23 13:02:07.242 +0000
91,27,12,2024-12-16 15:57:05.986 +0000
9427,1589,1333,2025-01-23 14:53:35.509 +0000
93,8,27,2024-12-16 15:57:05.986 +0000
94,8,28,2024-12-16 15:57:05.986 +0000
95,15,27,2024-12-16 15:57:05.986 +0000
9599,417,1028,2025-01-24 17:31:43.664 +0000
97,15,26,2024-12-16 15:57:05.986 +0000
98,15,21,2024-12-16 15:57:05.986 +0000
99,29,1,2024-12-16 15:57:05.986 +0000
100,29,23,2024-12-16 15:57:05.986 +0000
101,29,8,2024-12-16 15:57:05.986 +0000
102,23,29,2024-12-16 15:57:05.986 +0000
103,15,29,2024-12-16 15:57:05.986 +0000
104,15,28,2024-12-16 15:57:05.986 +0000
105,8,29,2024-12-16 15:57:05.986 +0000
106,31,1,2024-12-16 15:57:05.986 +0000
107,31,23,2024-12-16 15:57:05.986 +0000
108,8,31,2024-12-16 15:57:05.986 +0000
109,31,8,2024-12-16 15:57:05.986 +0000
110,33,29,2024-12-16 15:57:05.986 +0000
112,34,1,2024-12-16 15:57:05.986 +0000
113,34,8,2024-12-16 15:57:05.986 +0000
114,23,31,2024-12-16 15:57:05.986 +0000
115,8,33,2024-12-16 15:57:05.986 +0000
116,23,33,2024-12-16 15:57:05.986 +0000
117,8,34,2024-12-16 15:57:05.986 +0000
118,23,34,2024-12-16 15:57:05.986 +0000
119,23,35,2024-12-16 15:57:05.986 +0000
120,8,35,2024-12-16 15:57:05.986 +0000
121,23,27,2024-12-16 15:57:05.986 +0000
122,35,29,2024-12-16 15:57:05.986 +0000
123,35,12,2024-12-16 15:57:05.986 +0000
124,35,27,2024-12-16 15:57:05.986 +0000
125,35,8,2024-12-16 15:57:05.986 +0000
126,35,31,2024-12-16 15:57:05.986 +0000
9656,1658,1517,2025-01-24 18:53:28.104 +0000
128,35,15,2024-12-16 15:57:05.986 +0000
9690,213,1536,2025-01-24 22:57:47.337 +0000
130,35,10,2024-12-16 15:57:05.986 +0000
131,8,32,2024-12-16 15:57:05.986 +0000
132,35,32,2024-12-16 15:57:05.986 +0000
133,35,1,2024-12-16 15:57:05.986 +0000
134,35,11,2024-12-16 15:57:05.986 +0000
135,35,33,2024-12-16 15:57:05.986 +0000
136,35,21,2024-12-16 15:57:05.986 +0000
137,35,28,2024-12-16 15:57:05.986 +0000
138,35,34,2024-12-16 15:57:05.986 +0000
139,35,23,2024-12-16 15:57:05.986 +0000
140,1,31,2024-12-16 15:57:05.986 +0000
141,1,32,2024-12-16 15:57:05.986 +0000
142,36,35,2024-12-16 15:57:05.986 +0000
143,8,36,2024-12-16 15:57:05.986 +0000
144,36,31,2024-12-16 15:57:05.986 +0000
145,36,23,2024-12-16 15:57:05.986 +0000
146,36,15,2024-12-16 15:57:05.986 +0000
147,36,1,2024-12-16 15:57:05.986 +0000
148,23,32,2024-12-16 15:57:05.986 +0000
149,23,36,2024-12-16 15:57:05.986 +0000
150,36,10,2024-12-16 15:57:05.986 +0000
151,36,11,2024-12-16 15:57:05.986 +0000
152,35,36,2024-12-16 15:57:05.986 +0000
153,36,26,2024-12-16 15:57:05.986 +0000
154,36,21,2024-12-16 15:57:05.986 +0000
155,36,28,2024-12-16 15:57:05.986 +0000
156,15,35,2024-12-16 15:57:05.986 +0000
157,15,32,2024-12-16 15:57:05.986 +0000
158,15,33,2024-12-16 15:57:05.986 +0000
159,15,34,2024-12-16 15:57:05.986 +0000
160,15,31,2024-12-16 15:57:05.986 +0000
161,15,36,2024-12-16 15:57:05.986 +0000
162,24,1,2024-12-16 15:57:05.986 +0000
163,8,24,2024-12-16 15:57:05.986 +0000
164,1,29,2024-12-16 15:57:05.986 +0000
165,1,36,2024-12-16 15:57:05.986 +0000
166,1,26,2024-12-16 15:57:05.986 +0000
167,37,29,2024-12-16 15:57:05.986 +0000
168,8,37,2024-12-16 15:57:05.986 +0000
169,35,24,2024-12-16 15:57:05.986 +0000
170,23,24,2024-12-16 15:57:05.986 +0000
171,23,37,2024-12-16 15:57:05.986 +0000
172,43,1,2024-12-16 15:57:05.986 +0000
1243,259,28,2024-12-16 15:57:05.986 +0000
174,15,37,2024-12-16 15:57:05.986 +0000
175,15,24,2024-12-16 15:57:05.986 +0000
176,23,43,2024-12-16 15:57:05.986 +0000
177,23,28,2024-12-16 15:57:05.986 +0000
178,1,12,2024-12-16 15:57:05.986 +0000
179,1,35,2024-12-16 15:57:05.986 +0000
182,1,33,2024-12-16 15:57:05.986 +0000
183,1,21,2024-12-16 15:57:05.986 +0000
184,1,28,2024-12-16 15:57:05.986 +0000
185,1,27,2024-12-16 15:57:05.986 +0000
186,1,24,2024-12-16 15:57:05.986 +0000
200,48,21,2024-12-16 15:57:05.986 +0000
206,48,15,2024-12-16 15:57:05.986 +0000
210,48,12,2024-12-16 15:57:05.986 +0000
216,23,48,2024-12-16 15:57:05.986 +0000
221,50,37,2024-12-16 15:57:05.986 +0000
227,50,15,2024-12-16 15:57:05.986 +0000
239,53,1,2024-12-16 15:57:05.986 +0000
243,53,31,2024-12-16 15:57:05.986 +0000
1225,216,84,2024-12-16 15:57:05.986 +0000
1232,216,181,2024-12-16 15:57:05.986 +0000
1249,259,26,2024-12-16 15:57:05.986 +0000
1259,260,49,2024-12-16 15:57:05.986 +0000
1261,259,54,2024-12-16 15:57:05.986 +0000
1263,1,119,2024-12-16 15:57:05.986 +0000
1271,1,57,2024-12-16 15:57:05.986 +0000
1276,1,230,2024-12-16 15:57:05.986 +0000
1280,1,55,2024-12-16 15:57:05.986 +0000
1889,323,321,2024-12-16 15:57:05.986 +0000
1890,323,34,2024-12-16 15:57:05.986 +0000
1899,313,119,2024-12-16 15:57:05.986 +0000
1905,318,29,2024-12-16 15:57:05.986 +0000
1914,318,48,2024-12-16 15:57:05.986 +0000
1928,293,56,2024-12-16 15:57:05.986 +0000
1933,327,149,2024-12-16 15:57:05.986 +0000
1938,329,50,2024-12-16 15:57:05.986 +0000
1953,330,87,2024-12-16 15:57:05.986 +0000
9264,1551,818,2025-01-22 18:09:36.861 +0000
1964,331,55,2024-12-16 15:57:05.986 +0000
1969,331,167,2024-12-16 15:57:05.986 +0000
9299,1559,1292,2025-01-22 22:25:01.447 +0000
1987,333,181,2024-12-16 15:57:05.986 +0000
2004,334,171,2024-12-16 15:57:05.986 +0000
2033,337,27,2024-12-16 15:57:05.986 +0000
2041,337,66,2024-12-16 15:57:05.986 +0000
2047,337,166,2024-12-16 15:57:05.986 +0000
2067,340,63,2024-12-16 15:57:05.986 +0000
2072,340,80,2024-12-16 15:57:05.986 +0000
9323,1573,572,2025-01-23 00:38:39.623 +0000
2118,356,48,2024-12-16 15:57:05.986 +0000
2120,356,205,2024-12-16 15:57:05.986 +0000
2124,333,217,2024-12-16 15:57:05.986 +0000
2760,147,329,2024-12-16 15:57:05.986 +0000
2769,147,29,2024-12-16 15:57:05.986 +0000
2774,147,52,2024-12-16 15:57:05.986 +0000
2775,147,88,2024-12-16 15:57:05.986 +0000
4598,596,260,2024-12-22 21:39:25.828 +0000
2788,147,192,2024-12-16 15:57:05.986 +0000
2790,147,302,2024-12-16 15:57:05.986 +0000
2806,50,166,2024-12-16 15:57:05.986 +0000
2810,298,21,2024-12-16 15:57:05.986 +0000
2818,298,415,2024-12-16 15:57:05.986 +0000
2829,260,323,2024-12-16 15:57:05.986 +0000
2856,260,411,2024-12-16 15:57:05.986 +0000
2859,36,34,2024-12-16 15:57:05.986 +0000
2867,36,55,2024-12-16 15:57:05.986 +0000
2868,36,80,2024-12-16 15:57:05.986 +0000
2872,36,12,2024-12-16 15:57:05.986 +0000
2878,36,53,2024-12-16 15:57:05.986 +0000
2882,36,79,2024-12-16 15:57:05.986 +0000
2896,36,166,2024-12-16 15:57:05.986 +0000
2903,36,66,2024-12-16 15:57:05.986 +0000
2912,36,310,2024-12-16 15:57:05.986 +0000
2917,36,382,2024-12-16 15:57:05.986 +0000
2923,388,400,2024-12-16 15:57:05.986 +0000
2925,388,314,2024-12-16 15:57:05.986 +0000
2928,417,399,2024-12-16 15:57:05.986 +0000
2929,419,56,2024-12-16 15:57:05.986 +0000
2931,48,359,2024-12-16 15:57:05.986 +0000
2937,48,375,2024-12-16 15:57:05.986 +0000
2942,48,382,2024-12-16 15:57:05.986 +0000
2946,1,51,2024-12-16 15:57:05.986 +0000
2953,149,51,2024-12-16 15:57:05.986 +0000
2957,149,33,2024-12-16 15:57:05.986 +0000
2963,48,380,2024-12-16 15:57:05.986 +0000
2975,149,399,2024-12-16 15:57:05.986 +0000
3819,448,436,2024-12-16 18:17:26.926 +0000
3821,448,475,2024-12-16 18:17:28.891 +0000
3826,448,32,2024-12-16 18:17:33.221 +0000
3833,448,272,2024-12-16 18:17:39.100 +0000
3835,448,459,2024-12-16 18:17:49.721 +0000
3840,448,198,2024-12-16 18:17:53.342 +0000
3848,487,448,2024-12-16 18:30:50.628 +0000
3857,487,484,2024-12-16 18:33:12.001 +0000
3858,487,458,2024-12-16 18:33:28.917 +0000
4616,598,423,2024-12-22 22:08:05.583 +0000
3886,260,200,2024-12-16 21:14:55.761 +0000
3902,260,385,2024-12-16 21:15:57.211 +0000
3929,492,488,2024-12-16 23:23:13.846 +0000
3933,458,316,2024-12-17 01:21:45.052 +0000
3939,495,487,2024-12-17 12:50:38.182 +0000
3945,497,396,2024-12-17 15:14:33.358 +0000
3950,497,463,2024-12-17 15:15:24.213 +0000
3951,468,48,2024-12-17 15:23:08.048 +0000
3964,459,411,2024-12-17 19:40:30.644 +0000
3981,489,70,2024-12-17 22:12:27.966 +0000
3992,505,230,2024-12-18 00:30:18.177 +0000
4626,388,436,2024-12-22 22:16:42.228 +0000
9325,1573,681,2025-01-23 00:38:43.797 +0000
4673,419,600,2024-12-22 23:29:23.865 +0000
4715,213,483,2024-12-23 00:57:22.479 +0000
4723,213,495,2024-12-23 00:58:16.646 +0000
9337,1573,1223,2025-01-23 00:41:23.818 +0000
9351,443,1077,2025-01-23 02:26:03.691 +0000
4772,484,239,2024-12-23 03:29:35.481 +0000
12111,1893,572,2025-02-05 01:27:50.245 +0000
4788,588,448,2024-12-23 09:15:51.266 +0000
5257,692,217,2024-12-26 11:15:56.924 +0000
5272,692,272,2024-12-26 11:21:04.034 +0000
5314,692,335,2024-12-26 11:24:12.644 +0000
5326,692,550,2024-12-26 11:24:56.468 +0000
5462,725,515,2024-12-27 07:32:26.872 +0000
5464,726,386,2024-12-27 10:11:23.373 +0000
9381,1581,1292,2025-01-23 09:45:01.338 +0000
5488,692,230,2024-12-27 12:13:34.798 +0000
5497,692,144,2024-12-27 12:14:07.526 +0000
5516,728,260,2024-12-27 15:07:03.159 +0000
5531,728,469,2024-12-27 15:30:28.673 +0000
5535,489,66,2024-12-27 15:36:57.406 +0000
5569,735,501,2024-12-27 21:09:50.537 +0000
8076,1141,845,2025-01-10 23:44:47.895 +0000
5577,735,309,2024-12-27 21:13:47.877 +0000
5589,738,196,2024-12-27 21:38:39.282 +0000
8109,1150,156,2025-01-11 11:04:36.404 +0000
5655,738,148,2024-12-27 21:45:53.293 +0000
5673,738,217,2024-12-27 21:53:38.088 +0000
6717,845,150,2024-12-31 04:11:45.270 +0000
9388,1581,1025,2025-01-23 09:52:01.500 +0000
6767,848,386,2024-12-31 10:56:12.642 +0000
6778,849,600,2024-12-31 11:47:10.188 +0000
6782,850,595,2024-12-31 13:03:17.211 +0000
6786,850,818,2024-12-31 13:07:50.200 +0000
8152,1072,419,2025-01-11 16:26:17.639 +0000
8169,1174,413,2025-01-11 19:28:25.622 +0000
9436,1589,1356,2025-01-23 14:56:49.283 +0000
8233,1184,418,2025-01-12 09:44:33.607 +0000
8264,1194,339,2025-01-12 11:37:56.553 +0000
8310,1204,149,2025-01-12 16:29:51.496 +0000
9614,417,1486,2025-01-24 18:16:37.777 +0000
12124,1893,970,2025-02-05 01:30:32.994 +0000
8397,213,836,2025-01-13 21:05:59.275 +0000
8406,1244,309,2025-01-13 22:46:21.692 +0000
8411,1244,921,2025-01-13 22:47:47.366 +0000
8445,1257,701,2025-01-14 20:33:28.401 +0000
8483,1257,499,2025-01-14 20:36:31.953 +0000
12128,1893,1269,2025-02-05 01:31:34.248 +0000
8807,1080,239,2025-01-19 22:07:43.697 +0000
12135,1893,1180,2025-02-05 01:35:09.044 +0000
9071,1490,1022,2025-01-21 17:16:45.785 +0000
9073,1490,1079,2025-01-21 17:18:54.155 +0000
9082,1506,1057,2025-01-21 18:44:06.437 +0000
9215,1163,1050,2025-01-22 08:27:08.448 +0000
9655,1658,970,2025-01-24 18:53:16.043 +0000
9707,850,902,2025-01-25 11:51:15.276 +0000
9727,242,927,2025-01-25 12:14:42.065 +0000
10040,1897,1307,2025-01-27 15:43:05.315 +0000
10070,1904,1369,2025-01-27 18:32:22.608 +0000
10099,1913,448,2025-01-27 20:40:51.894 +0000
10120,1918,656,2025-01-27 21:28:27.261 +0000
10187,553,1609,2025-01-28 10:54:16.649 +0000
10253,1986,1027,2025-01-28 21:24:03.813 +0000
10270,1992,1913,2025-01-28 23:14:30.540 +0000
10288,1992,1236,2025-01-28 23:23:53.745 +0000
10305,1997,417,2025-01-29 02:17:52.054 +0000
10315,1998,1861,2025-01-29 09:04:02.232 +0000
10343,1365,436,2025-01-29 13:11:30.650 +0000
10363,1706,832,2025-01-29 13:12:18.276 +0000
187,1,43,2024-12-16 15:57:05.986 +0000
188,47,1,2024-12-16 15:57:05.986 +0000
189,23,47,2024-12-16 15:57:05.986 +0000
190,35,37,2024-12-16 15:57:05.986 +0000
191,35,47,2024-12-16 15:57:05.986 +0000
195,48,47,2024-12-16 15:57:05.986 +0000
197,15,48,2024-12-16 15:57:05.986 +0000
203,48,31,2024-12-16 15:57:05.986 +0000
207,8,48,2024-12-16 15:57:05.986 +0000
213,48,23,2024-12-16 15:57:05.986 +0000
228,50,1,2024-12-16 15:57:05.986 +0000
233,48,52,2024-12-16 15:57:05.986 +0000
234,48,49,2024-12-16 15:57:05.986 +0000
236,53,29,2024-12-16 15:57:05.986 +0000
237,53,50,2024-12-16 15:57:05.986 +0000
1226,216,126,2024-12-16 15:57:05.986 +0000
1238,216,193,2024-12-16 15:57:05.986 +0000
1242,216,110,2024-12-16 15:57:05.986 +0000
1256,213,80,2024-12-16 15:57:05.986 +0000
1257,213,110,2024-12-16 15:57:05.986 +0000
1268,1,30,2024-12-16 15:57:05.986 +0000
9265,1551,970,2025-01-22 18:09:48.778 +0000
9280,1553,927,2025-01-22 18:19:54.016 +0000
1943,330,33,2024-12-16 15:57:05.986 +0000
1946,330,54,2024-12-16 15:57:05.986 +0000
1948,330,48,2024-12-16 15:57:05.986 +0000
6795,1,525,2024-12-31 13:40:42.476 +0000
9300,1559,1369,2025-01-22 22:25:20.157 +0000
1984,333,54,2024-12-16 15:57:05.986 +0000
1997,334,144,2024-12-16 15:57:05.986 +0000
2010,331,312,2024-12-16 15:57:05.986 +0000
2013,311,272,2024-12-16 15:57:05.986 +0000
2039,337,147,2024-12-16 15:57:05.986 +0000
12112,1893,1027,2025-02-05 01:28:05.597 +0000
2051,337,211,2024-12-16 15:57:05.986 +0000
2054,339,48,2024-12-16 15:57:05.986 +0000
2060,339,320,2024-12-16 15:57:05.986 +0000
2071,340,195,2024-12-16 15:57:05.986 +0000
12118,1893,2359,2025-02-05 01:29:42.121 +0000
6817,63,146,2024-12-31 19:22:07.897 +0000
2093,213,331,2024-12-16 15:57:05.986 +0000
2095,213,329,2024-12-16 15:57:05.986 +0000
2103,351,23,2024-12-16 15:57:05.986 +0000
4625,388,492,2024-12-22 22:16:21.061 +0000
12120,1893,1288,2025-02-05 01:30:02.124 +0000
2770,147,233,2024-12-16 15:57:05.986 +0000
12165,2422,572,2025-02-05 09:28:15.559 +0000
12197,1765,2423,2025-02-05 12:15:51.565 +0000
2795,147,279,2024-12-16 15:57:05.986 +0000
4651,600,517,2024-12-22 23:09:57.679 +0000
2805,50,135,2024-12-16 15:57:05.986 +0000
2813,298,24,2024-12-16 15:57:05.986 +0000
2815,298,87,2024-12-16 15:57:05.986 +0000
2838,260,230,2024-12-16 15:57:05.986 +0000
2842,260,415,2024-12-16 15:57:05.986 +0000
2849,260,413,2024-12-16 15:57:05.986 +0000
2865,36,49,2024-12-16 15:57:05.986 +0000
2870,36,33,2024-12-16 15:57:05.986 +0000
2875,36,27,2024-12-16 15:57:05.986 +0000
2884,36,87,2024-12-16 15:57:05.986 +0000
2886,36,151,2024-12-16 15:57:05.986 +0000
6836,63,623,2024-12-31 19:22:52.419 +0000
2895,36,149,2024-12-16 15:57:05.986 +0000
2900,36,84,2024-12-16 15:57:05.986 +0000
2906,36,68,2024-12-16 15:57:05.986 +0000
2909,36,192,2024-12-16 15:57:05.986 +0000
2911,36,260,2024-12-16 15:57:05.986 +0000
2914,36,359,2024-12-16 15:57:05.986 +0000
2916,36,381,2024-12-16 15:57:05.986 +0000
2924,388,359,2024-12-16 15:57:05.986 +0000
2927,417,386,2024-12-16 15:57:05.986 +0000
2933,48,335,2024-12-16 15:57:05.986 +0000
2939,48,373,2024-12-16 15:57:05.986 +0000
2951,149,34,2024-12-16 15:57:05.986 +0000
2954,149,56,2024-12-16 15:57:05.986 +0000
2967,149,207,2024-12-16 15:57:05.986 +0000
2971,149,396,2024-12-16 15:57:05.986 +0000
2976,149,397,2024-12-16 15:57:05.986 +0000
3823,448,331,2024-12-16 18:17:30.669 +0000
3829,448,309,2024-12-16 18:17:35.489 +0000
3836,448,194,2024-12-16 18:17:50.469 +0000
3854,448,396,2024-12-16 18:31:59.449 +0000
3859,487,430,2024-12-16 18:33:55.506 +0000
4661,600,542,2024-12-22 23:27:12.284 +0000
3891,260,30,2024-12-16 21:15:02.911 +0000
3893,260,462,2024-12-16 21:15:04.951 +0000
3899,260,373,2024-12-16 21:15:40.837 +0000
3906,260,472,2024-12-16 21:16:35.512 +0000
3912,260,384,2024-12-16 21:16:53.510 +0000
3927,492,233,2024-12-16 23:22:51.432 +0000
3941,495,447,2024-12-17 12:50:51.020 +0000
3952,468,415,2024-12-17 15:23:57.391 +0000
3961,459,386,2024-12-17 19:39:18.749 +0000
3970,468,87,2024-12-17 19:42:11.346 +0000
3972,459,444,2024-12-17 19:42:32.865 +0000
6838,63,845,2024-12-31 19:23:14.137 +0000
3998,505,48,2024-12-18 00:30:56.214 +0000
4006,505,458,2024-12-18 00:31:55.847 +0000
4007,505,217,2024-12-18 00:37:17.608 +0000
4009,505,156,2024-12-18 00:37:34.124 +0000
4728,213,398,2024-12-23 00:58:27.072 +0000
5690,738,396,2024-12-27 21:54:20.897 +0000
5696,738,440,2024-12-27 21:54:52.820 +0000
5702,738,518,2024-12-27 21:55:11.773 +0000
5718,741,396,2024-12-27 23:51:35.486 +0000
12209,2427,194,2025-02-05 13:24:39.150 +0000
5744,713,385,2024-12-28 03:03:56.027 +0000
5779,746,600,2024-12-28 05:33:40.024 +0000
5787,738,216,2024-12-28 09:22:33.914 +0000
12224,428,1574,2025-02-05 16:45:10.646 +0000
6861,551,836,2025-01-01 01:47:58.110 +0000
6875,867,413,2025-01-01 02:33:00.796 +0000
6887,867,663,2025-01-01 02:34:00.863 +0000
5851,351,260,2024-12-28 14:32:39.573 +0000
5853,697,54,2024-12-28 16:21:18.878 +0000
5868,468,26,2024-12-28 17:44:20.842 +0000
5911,769,436,2024-12-28 23:55:08.417 +0000
6913,868,457,2025-01-01 03:04:53.970 +0000
5946,370,88,2024-12-29 03:15:05.453 +0000
5955,770,181,2024-12-29 10:54:22.324 +0000
5977,785,385,2024-12-29 12:05:39.363 +0000
5979,785,639,2024-12-29 12:06:07.463 +0000
5980,785,468,2024-12-29 12:06:30.354 +0000
5995,785,563,2024-12-29 12:11:54.304 +0000
6923,868,818,2025-01-01 03:11:41.966 +0000
6110,794,223,2024-12-29 15:44:00.168 +0000
6718,845,233,2024-12-31 04:11:46.302 +0000
6747,847,468,2024-12-31 07:08:13.428 +0000
6752,847,615,2024-12-31 07:12:23.175 +0000
6777,849,802,2024-12-31 11:47:07.857 +0000
6792,850,639,2024-12-31 13:31:05.646 +0000
6964,850,492,2025-01-01 14:44:26.279 +0000
6972,881,181,2025-01-01 14:45:44.124 +0000
6981,654,194,2025-01-01 20:30:14.744 +0000
6997,834,34,2025-01-01 22:50:50.730 +0000
7010,783,414,2025-01-02 12:02:20.805 +0000
7026,783,585,2025-01-02 12:02:59.219 +0000
7048,842,500,2025-01-03 03:07:14.934 +0000
7054,896,386,2025-01-03 20:02:26.527 +0000
7059,896,512,2025-01-03 20:03:30.362 +0000
8077,460,976,2025-01-11 01:27:49.923 +0000
8135,1146,316,2025-01-11 14:43:41.405 +0000
8150,147,623,2025-01-11 15:12:55.259 +0000
8154,1072,444,2025-01-11 16:26:40.700 +0000
8189,1175,525,2025-01-11 19:38:25.793 +0000
8220,1183,213,2025-01-12 09:26:28.765 +0000
8251,1194,171,2025-01-12 11:37:08.562 +0000
8257,1194,347,2025-01-12 11:37:37.143 +0000
8324,1224,512,2025-01-13 10:34:49.572 +0000
8349,1232,941,2025-01-13 14:56:29.364 +0000
8387,213,1183,2025-01-13 21:05:23.968 +0000
8393,213,967,2025-01-13 21:05:44.615 +0000
8401,1244,144,2025-01-13 22:41:36.871 +0000
8457,1257,439,2025-01-14 20:34:53.720 +0000
8819,1428,845,2025-01-19 22:14:19.725 +0000
8820,1428,1027,2025-01-19 22:14:22.863 +0000
8906,1374,298,2025-01-20 10:47:01.303 +0000
8910,1444,639,2025-01-20 11:12:47.935 +0000
8920,1449,464,2025-01-20 12:47:33.186 +0000
8937,1453,448,2025-01-20 14:08:50.998 +0000
9072,1490,964,2025-01-21 17:17:25.742 +0000
9216,1163,1044,2025-01-22 08:27:28.453 +0000
9218,1163,1031,2025-01-22 08:27:57.662 +0000
192,8,47,2024-12-16 15:57:05.986 +0000
4600,596,553,2024-12-22 21:41:20.093 +0000
1233,216,154,2024-12-16 15:57:05.986 +0000
1237,216,169,2024-12-16 15:57:05.986 +0000
1244,259,233,2024-12-16 15:57:05.986 +0000
1246,259,10,2024-12-16 15:57:05.986 +0000
6796,1,347,2024-12-31 13:40:45.138 +0000
1894,323,144,2024-12-16 15:57:05.986 +0000
9266,1551,1027,2025-01-22 18:09:52.758 +0000
1910,318,33,2024-12-16 15:57:05.986 +0000
1917,318,121,2024-12-16 15:57:05.986 +0000
1925,300,323,2024-12-16 15:57:05.986 +0000
1931,293,50,2024-12-16 15:57:05.986 +0000
1934,328,29,2024-12-16 15:57:05.986 +0000
1940,330,37,2024-12-16 15:57:05.986 +0000
1945,330,230,2024-12-16 15:57:05.986 +0000
1960,330,124,2024-12-16 15:57:05.986 +0000
1993,334,48,2024-12-16 15:57:05.986 +0000
1999,334,85,2024-12-16 15:57:05.986 +0000
2008,334,201,2024-12-16 15:57:05.986 +0000
9278,1553,670,2025-01-22 18:18:44.465 +0000
2029,337,33,2024-12-16 15:57:05.986 +0000
2052,337,243,2024-12-16 15:57:05.986 +0000
2057,339,243,2024-12-16 15:57:05.986 +0000
2069,340,149,2024-12-16 15:57:05.986 +0000
2077,340,213,2024-12-16 15:57:05.986 +0000
2107,351,24,2024-12-16 15:57:05.986 +0000
6816,63,5,2024-12-31 19:22:03.011 +0000
2117,354,147,2024-12-16 15:57:05.986 +0000
9282,1553,1236,2025-01-22 18:20:59.321 +0000
2782,147,167,2024-12-16 15:57:05.986 +0000
2799,147,374,2024-12-16 15:57:05.986 +0000
2804,50,185,2024-12-16 15:57:05.986 +0000
4643,600,201,2024-12-22 23:07:16.838 +0000
2814,298,47,2024-12-16 15:57:05.986 +0000
2835,260,110,2024-12-16 15:57:05.986 +0000
2840,260,72,2024-12-16 15:57:05.986 +0000
2847,260,124,2024-12-16 15:57:05.986 +0000
2855,260,279,2024-12-16 15:57:05.986 +0000
2863,36,57,2024-12-16 15:57:05.986 +0000
2894,36,67,2024-12-16 15:57:05.986 +0000
9346,443,970,2025-01-23 02:25:55.710 +0000
2908,67,77,2024-12-16 15:57:05.986 +0000
2921,36,271,2024-12-16 15:57:05.986 +0000
2922,36,254,2024-12-16 15:57:05.986 +0000
2936,48,277,2024-12-16 15:57:05.986 +0000
2940,419,157,2024-12-16 15:57:05.986 +0000
2956,149,54,2024-12-16 15:57:05.986 +0000
2966,149,205,2024-12-16 15:57:05.986 +0000
2977,149,95,2024-12-16 15:57:05.986 +0000
3825,448,397,2024-12-16 18:17:32.502 +0000
3830,448,191,2024-12-16 18:17:36.273 +0000
3844,448,479,2024-12-16 18:18:37.808 +0000
3853,448,201,2024-12-16 18:31:58.180 +0000
3872,489,56,2024-12-16 20:26:41.825 +0000
4648,600,512,2024-12-22 23:09:46.272 +0000
4667,600,419,2024-12-22 23:27:48.543 +0000
3918,260,455,2024-12-16 21:18:39.301 +0000
3956,499,415,2024-12-17 17:59:52.516 +0000
3968,468,157,2024-12-17 19:41:15.974 +0000
4002,505,85,2024-12-18 00:31:21.881 +0000
4012,505,167,2024-12-18 00:37:51.429 +0000
4684,370,386,2024-12-23 00:02:40.222 +0000
4698,602,347,2024-12-23 00:42:23.758 +0000
9360,1169,406,2025-01-23 04:53:31.972 +0000
5691,362,213,2024-12-27 21:54:21.943 +0000
9399,1584,1517,2025-01-23 12:27:51.283 +0000
9463,254,1369,2025-01-23 16:32:13.527 +0000
5745,744,600,2024-12-28 03:10:27.703 +0000
6820,63,181,2024-12-31 19:22:14.886 +0000
5869,763,518,2024-12-28 21:14:30.721 +0000
9482,1600,1206,2025-01-23 18:37:59.102 +0000
5890,767,543,2024-12-28 23:08:43.552 +0000
5927,738,49,2024-12-29 02:55:18.812 +0000
5964,783,433,2024-12-29 10:57:40.004 +0000
5967,783,468,2024-12-29 10:58:45.367 +0000
9498,1600,735,2025-01-23 18:52:59.477 +0000
6118,794,481,2024-12-29 15:44:11.480 +0000
6130,794,201,2024-12-29 15:44:29.508 +0000
6822,63,147,2024-12-31 19:22:19.368 +0000
6842,63,33,2024-12-31 19:25:14.136 +0000
6857,866,195,2024-12-31 23:52:22.030 +0000
6866,867,410,2025-01-01 02:32:02.484 +0000
6874,867,458,2025-01-01 02:32:49.954 +0000
6878,867,396,2025-01-01 02:33:12.443 +0000
6884,867,509,2025-01-01 02:33:51.265 +0000
6889,867,487,2025-01-01 02:34:05.528 +0000
6892,867,543,2025-01-01 02:34:16.767 +0000
6916,868,512,2025-01-01 03:06:46.593 +0000
6917,868,347,2025-01-01 03:08:49.805 +0000
6921,868,504,2025-01-01 03:09:34.283 +0000
6926,542,50,2025-01-01 06:19:57.920 +0000
6934,868,802,2025-01-01 06:38:50.346 +0000
6947,877,720,2025-01-01 13:30:37.595 +0000
6950,874,500,2025-01-01 13:45:07.468 +0000
6952,874,518,2025-01-01 13:45:39.104 +0000
6953,874,525,2025-01-01 13:45:55.453 +0000
6954,874,699,2025-01-01 13:46:13.936 +0000
6956,878,525,2025-01-01 13:50:15.611 +0000
6958,417,56,2025-01-01 14:15:52.142 +0000
6965,850,496,2025-01-01 14:44:30.606 +0000
7028,876,386,2025-01-02 14:23:36.054 +0000
7038,843,171,2025-01-02 21:38:34.878 +0000
7056,896,423,2025-01-03 20:02:56.425 +0000
7069,896,670,2025-01-03 20:04:25.227 +0000
9663,1673,512,2025-01-24 22:45:16.453 +0000
9665,15,1163,2025-01-24 22:45:35.709 +0000
7091,903,496,2025-01-03 23:10:19.849 +0000
7093,903,572,2025-01-03 23:10:22.879 +0000
7095,903,600,2025-01-03 23:10:27.209 +0000
7099,903,794,2025-01-03 23:10:31.934 +0000
7101,903,720,2025-01-03 23:10:34.567 +0000
7104,903,789,2025-01-03 23:10:37.144 +0000
7105,903,802,2025-01-03 23:10:37.918 +0000
8078,1144,54,2025-01-11 01:50:38.584 +0000
9736,761,845,2025-01-25 13:04:43.777 +0000
8105,1150,124,2025-01-11 11:02:42.146 +0000
10046,1603,748,2025-01-27 16:56:39.634 +0000
8167,1174,386,2025-01-11 19:28:05.179 +0000
8229,1184,201,2025-01-12 09:43:39.109 +0000
8237,1184,977,2025-01-12 09:45:42.130 +0000
8254,1194,201,2025-01-12 11:37:16.093 +0000
8306,1204,464,2025-01-12 16:26:25.085 +0000
8315,623,1201,2025-01-12 21:26:18.374 +0000
8444,1257,719,2025-01-14 20:33:23.071 +0000
8478,1257,492,2025-01-14 20:36:20.747 +0000
10429,1977,1685,2025-01-29 18:56:05.268 +0000
10439,1977,277,2025-01-29 18:56:33.807 +0000
9075,1506,230,2025-01-21 18:43:26.720 +0000
9081,1506,921,2025-01-21 18:44:03.437 +0000
9091,1506,1193,2025-01-21 18:44:36.608 +0000
9231,361,468,2025-01-22 13:00:47.840 +0000
9252,1489,48,2025-01-22 16:23:45.405 +0000
10443,2011,1292,2025-01-29 19:34:59.482 +0000
10472,370,448,2025-01-29 21:14:06.746 +0000
10499,2020,448,2025-01-29 21:23:03.640 +0000
10554,2032,1670,2025-01-30 02:38:20.806 +0000
10562,2032,1621,2025-01-30 02:41:07.638 +0000
10568,1918,1379,2025-01-30 03:05:03.403 +0000
10593,1798,1552,2025-01-30 05:12:52.389 +0000
10615,1585,1027,2025-01-30 09:44:29.908 +0000
10929,2109,512,2025-01-31 13:05:15.232 +0000
10953,2111,902,2025-01-31 14:09:58.283 +0000
10976,260,921,2025-01-31 14:36:58.018 +0000
10990,12,1083,2025-01-31 14:38:17.046 +0000
11061,213,1977,2025-01-31 17:42:48.664 +0000
11188,2134,778,2025-02-01 11:10:10.346 +0000
11191,213,1990,2025-02-01 12:11:53.327 +0000
11232,1365,512,2025-02-01 13:25:07.928 +0000
11268,2143,745,2025-02-01 19:58:21.653 +0000
11397,2175,2161,2025-02-02 01:22:25.849 +0000
11411,927,468,2025-02-02 02:06:26.671 +0000
11413,927,2020,2025-02-02 02:12:17.935 +0000
11582,1291,1974,2025-02-02 15:25:01.405 +0000
11607,2175,2218,2025-02-02 17:27:46.607 +0000
11634,2233,1286,2025-02-02 20:17:04.306 +0000
11648,487,889,2025-02-02 21:24:26.699 +0000
11655,2086,1486,2025-02-02 22:29:37.497 +0000
11661,2245,1115,2025-02-02 22:51:30.937 +0000
11663,2245,1412,2025-02-02 22:53:18.502 +0000
193,48,37,2024-12-16 15:57:05.986 +0000
9267,1551,1269,2025-01-22 18:09:59.917 +0000
205,48,11,2024-12-16 15:57:05.986 +0000
212,48,1,2024-12-16 15:57:05.986 +0000
223,50,48,2024-12-16 15:57:05.986 +0000
225,23,50,2024-12-16 15:57:05.986 +0000
226,8,50,2024-12-16 15:57:05.986 +0000
230,50,23,2024-12-16 15:57:05.986 +0000
240,53,11,2024-12-16 15:57:05.986 +0000
6797,1,738,2024-12-31 13:47:50.924 +0000
1247,259,31,2024-12-16 15:57:05.986 +0000
6801,852,483,2024-12-31 15:01:28.507 +0000
1274,1,15,2024-12-16 15:57:05.986 +0000
1278,1,52,2024-12-16 15:57:05.986 +0000
1895,323,180,2024-12-16 15:57:05.986 +0000
9297,1559,1031,2025-01-22 22:24:31.490 +0000
1904,318,243,2024-12-16 15:57:05.986 +0000
1912,318,2,2024-12-16 15:57:05.986 +0000
1919,318,76,2024-12-16 15:57:05.986 +0000
1939,330,34,2024-12-16 15:57:05.986 +0000
1950,330,47,2024-12-16 15:57:05.986 +0000
1966,331,47,2024-12-16 15:57:05.986 +0000
1983,213,320,2024-12-16 15:57:05.986 +0000
1990,334,28,2024-12-16 15:57:05.986 +0000
1996,334,88,2024-12-16 15:57:05.986 +0000
2005,334,167,2024-12-16 15:57:05.986 +0000
2024,337,34,2024-12-16 15:57:05.986 +0000
2044,337,196,2024-12-16 15:57:05.986 +0000
2059,339,313,2024-12-16 15:57:05.986 +0000
2066,340,31,2024-12-16 15:57:05.986 +0000
2074,340,8,2024-12-16 15:57:05.986 +0000
2098,213,321,2024-12-16 15:57:05.986 +0000
12132,1893,1541,2025-02-05 01:32:42.067 +0000
2102,351,34,2024-12-16 15:57:05.986 +0000
12140,1893,2126,2025-02-05 01:35:44.399 +0000
12143,2211,1893,2025-02-05 02:01:34.719 +0000
2778,147,85,2024-12-16 15:57:05.986 +0000
2783,388,135,2024-12-16 15:57:05.986 +0000
2811,298,31,2024-12-16 15:57:05.986 +0000
2816,298,151,2024-12-16 15:57:05.986 +0000
2821,47,33,2024-12-16 15:57:05.986 +0000
2823,47,87,2024-12-16 15:57:05.986 +0000
2827,47,95,2024-12-16 15:57:05.986 +0000
2833,260,227,2024-12-16 15:57:05.986 +0000
2836,260,43,2024-12-16 15:57:05.986 +0000
2848,260,406,2024-12-16 15:57:05.986 +0000
2852,260,300,2024-12-16 15:57:05.986 +0000
2866,36,56,2024-12-16 15:57:05.986 +0000
2873,36,52,2024-12-16 15:57:05.986 +0000
2877,36,415,2024-12-16 15:57:05.986 +0000
2887,36,157,2024-12-16 15:57:05.986 +0000
2905,36,386,2024-12-16 15:57:05.986 +0000
2910,36,216,2024-12-16 15:57:05.986 +0000
2919,36,277,2024-12-16 15:57:05.986 +0000
2935,48,371,2024-12-16 15:57:05.986 +0000
2943,419,166,2024-12-16 15:57:05.986 +0000
2945,419,413,2024-12-16 15:57:05.986 +0000
2948,417,147,2024-12-16 15:57:05.986 +0000
2955,149,55,2024-12-16 15:57:05.986 +0000
4601,596,542,2024-12-22 21:41:43.439 +0000
2978,149,216,2024-12-16 15:57:05.986 +0000
3928,492,88,2024-12-16 23:23:03.528 +0000
3936,489,85,2024-12-17 11:32:05.789 +0000
3944,495,417,2024-12-17 12:51:36.676 +0000
3949,497,386,2024-12-17 15:15:22.256 +0000
3987,504,121,2024-12-17 23:44:55.484 +0000
4071,260,439,2024-12-18 14:19:30.976 +0000
4075,260,499,2024-12-18 14:31:26.029 +0000
4078,497,388,2024-12-18 16:42:36.754 +0000
4081,515,201,2024-12-18 16:58:03.682 +0000
4083,515,488,2024-12-18 16:59:23.519 +0000
12154,2396,2126,2025-02-05 04:54:32.431 +0000
4104,448,492,2024-12-18 17:15:36.739 +0000
4106,515,463,2024-12-18 17:15:42.092 +0000
4123,448,245,2024-12-18 17:17:38.090 +0000
4124,448,374,2024-12-18 17:17:41.071 +0000
4126,515,400,2024-12-18 17:18:42.561 +0000
4129,484,156,2024-12-18 17:19:21.669 +0000
4131,484,135,2024-12-18 17:19:50.414 +0000
4139,519,468,2024-12-18 18:50:30.684 +0000
4143,520,233,2024-12-18 19:09:57.003 +0000
4145,520,113,2024-12-18 19:10:11.139 +0000
6803,802,822,2024-12-31 15:59:38.737 +0000
4150,520,144,2024-12-18 19:10:28.372 +0000
4619,598,380,2024-12-22 22:08:32.051 +0000
4164,517,370,2024-12-19 01:50:55.678 +0000
4167,505,501,2024-12-19 01:58:59.466 +0000
4179,505,462,2024-12-19 01:59:26.539 +0000
4187,264,33,2024-12-19 02:36:22.977 +0000
4200,469,525,2024-12-19 08:31:34.141 +0000
4202,469,88,2024-12-19 08:31:49.592 +0000
4210,469,234,2024-12-19 08:32:00.662 +0000
4216,528,195,2024-12-19 09:26:14.398 +0000
4279,271,23,2024-12-20 03:22:52.961 +0000
4285,271,468,2024-12-20 03:23:39.210 +0000
4322,448,525,2024-12-20 19:18:46.448 +0000
4382,564,427,2024-12-21 16:41:56.800 +0000
4630,388,32,2024-12-22 22:38:32.680 +0000
4710,213,522,2024-12-23 00:56:23.375 +0000
5692,738,171,2024-12-27 21:54:24.642 +0000
5731,683,560,2024-12-28 02:27:35.250 +0000
6811,847,815,2024-12-31 17:06:14.079 +0000
5794,622,639,2024-12-28 10:48:55.433 +0000
6812,847,784,2024-12-31 17:06:25.447 +0000
5876,763,543,2024-12-28 21:16:43.160 +0000
5878,763,415,2024-12-28 21:17:27.235 +0000
5883,543,443,2024-12-28 21:48:33.170 +0000
6814,63,21,2024-12-31 19:21:55.855 +0000
6818,63,126,2024-12-31 19:22:09.761 +0000
5913,769,418,2024-12-28 23:55:15.049 +0000
5923,738,699,2024-12-29 02:55:06.778 +0000
5933,654,181,2024-12-29 03:05:56.614 +0000
5947,370,55,2024-12-29 03:15:18.110 +0000
5957,783,415,2024-12-29 10:56:43.264 +0000
5959,783,213,2024-12-29 10:57:00.317 +0000
5962,770,121,2024-12-29 10:57:32.739 +0000
6821,63,77,2024-12-31 19:22:16.121 +0000
6825,63,149,2024-12-31 19:22:39.574 +0000
6827,63,156,2024-12-31 19:22:42.602 +0000
6089,794,124,2024-12-29 15:42:33.433 +0000
6100,794,207,2024-12-29 15:43:51.266 +0000
6830,63,192,2024-12-31 19:22:46.284 +0000
6835,63,64,2024-12-31 19:22:51.492 +0000
6849,213,564,2024-12-31 22:01:02.513 +0000
6853,850,822,2024-12-31 22:32:22.988 +0000
6871,867,448,2025-01-01 02:32:38.197 +0000
6877,867,423,2025-01-01 02:33:08.492 +0000
6894,867,560,2025-01-01 02:34:38.607 +0000
6897,867,418,2025-01-01 02:34:53.358 +0000
6898,867,489,2025-01-01 02:35:06.710 +0000
6899,867,452,2025-01-01 02:35:11.111 +0000
6907,868,745,2025-01-01 03:03:18.878 +0000
6909,868,771,2025-01-01 03:04:07.977 +0000
6914,868,423,2025-01-01 03:05:00.320 +0000
6919,868,462,2025-01-01 03:09:07.922 +0000
6966,850,427,2025-01-01 14:44:32.232 +0000
6967,881,87,2025-01-01 14:44:36.244 +0000
6971,881,85,2025-01-01 14:45:35.166 +0000
6986,891,550,2025-01-01 20:50:08.087 +0000
6994,834,33,2025-01-01 22:50:08.414 +0000
6999,469,423,2025-01-02 03:07:38.717 +0000
7012,783,512,2025-01-02 12:02:25.465 +0000
7016,783,484,2025-01-02 12:02:35.082 +0000
7024,783,717,2025-01-02 12:02:54.802 +0000
7043,770,836,2025-01-03 01:38:59.869 +0000
7065,896,818,2025-01-03 20:04:10.105 +0000
8082,1146,448,2025-01-11 02:57:23.318 +0000
8107,1150,166,2025-01-11 11:02:59.006 +0000
8137,1146,339,2025-01-11 14:43:43.270 +0000
8144,1146,1063,2025-01-11 14:44:50.260 +0000
8151,147,1080,2025-01-11 15:13:26.050 +0000
8158,1072,1042,2025-01-11 16:27:35.726 +0000
8172,1174,463,2025-01-11 19:29:47.547 +0000
8187,1174,802,2025-01-11 19:34:53.389 +0000
8193,1175,522,2025-01-11 20:12:30.244 +0000
8223,1184,37,2025-01-12 09:38:55.340 +0000
8228,1184,488,2025-01-12 09:42:46.075 +0000
8231,1184,560,2025-01-12 09:44:27.144 +0000
8250,1194,448,2025-01-12 11:36:55.193 +0000
8256,1194,419,2025-01-12 11:37:34.462 +0000
8269,1194,789,2025-01-12 11:39:54.906 +0000
8318,1219,1027,2025-01-13 06:25:45.178 +0000
8320,1220,347,2025-01-13 06:58:10.518 +0000
196,48,32,2024-12-16 15:57:05.986 +0000
198,15,47,2024-12-16 15:57:05.986 +0000
199,48,26,2024-12-16 15:57:05.986 +0000
201,48,28,2024-12-16 15:57:05.986 +0000
202,48,8,2024-12-16 15:57:05.986 +0000
214,48,36,2024-12-16 15:57:05.986 +0000
231,50,31,2024-12-16 15:57:05.986 +0000
232,48,50,2024-12-16 15:57:05.986 +0000
235,48,51,2024-12-16 15:57:05.986 +0000
242,53,28,2024-12-16 15:57:05.986 +0000
1229,216,180,2024-12-16 15:57:05.986 +0000
1234,216,156,2024-12-16 15:57:05.986 +0000
1235,216,167,2024-12-16 15:57:05.986 +0000
1262,145,135,2024-12-16 15:57:05.986 +0000
1266,1,118,2024-12-16 15:57:05.986 +0000
1897,323,56,2024-12-16 15:57:05.986 +0000
12114,1893,1378,2025-02-05 01:28:42.644 +0000
1924,300,11,2024-12-16 15:57:05.986 +0000
1974,260,281,2024-12-16 15:57:05.986 +0000
1991,334,50,2024-12-16 15:57:05.986 +0000
1998,334,135,2024-12-16 15:57:05.986 +0000
2002,334,166,2024-12-16 15:57:05.986 +0000
2016,336,28,2024-12-16 15:57:05.986 +0000
2031,337,21,2024-12-16 15:57:05.986 +0000
2034,337,121,2024-12-16 15:57:05.986 +0000
2043,337,67,2024-12-16 15:57:05.986 +0000
2056,339,205,2024-12-16 15:57:05.986 +0000
2070,340,193,2024-12-16 15:57:05.986 +0000
2104,351,10,2024-12-16 15:57:05.986 +0000
12131,1893,464,2025-02-05 01:32:38.450 +0000
2119,356,144,2024-12-16 15:57:05.986 +0000
12158,2421,1265,2025-02-05 08:02:33.516 +0000
12163,2422,1144,2025-02-05 09:27:35.315 +0000
2771,147,49,2024-12-16 15:57:05.986 +0000
12210,242,2175,2025-02-05 14:12:05.726 +0000
2801,388,217,2024-12-16 15:57:05.986 +0000
2820,47,34,2024-12-16 15:57:05.986 +0000
2826,47,260,2024-12-16 15:57:05.986 +0000
2830,260,397,2024-12-16 15:57:05.986 +0000
2834,260,118,2024-12-16 15:57:05.986 +0000
2843,260,150,2024-12-16 15:57:05.986 +0000
2850,260,207,2024-12-16 15:57:05.986 +0000
2854,260,313,2024-12-16 15:57:05.986 +0000
2861,36,30,2024-12-16 15:57:05.986 +0000
2869,36,54,2024-12-16 15:57:05.986 +0000
2881,36,77,2024-12-16 15:57:05.986 +0000
2883,36,88,2024-12-16 15:57:05.986 +0000
2891,36,135,2024-12-16 15:57:05.986 +0000
2897,36,70,2024-12-16 15:57:05.986 +0000
2941,48,374,2024-12-16 15:57:05.986 +0000
2961,48,271,2024-12-16 15:57:05.986 +0000
2965,149,239,2024-12-16 15:57:05.986 +0000
2969,149,191,2024-12-16 15:57:05.986 +0000
4602,596,525,2024-12-22 21:42:13.638 +0000
3962,459,468,2024-12-17 19:39:29.288 +0000
3965,411,36,2024-12-17 19:40:48.445 +0000
3971,468,113,2024-12-17 19:42:27.446 +0000
3977,501,488,2024-12-17 21:47:10.816 +0000
3986,504,167,2024-12-17 23:44:37.466 +0000
12217,2360,1992,2025-02-05 15:55:27.712 +0000
3999,505,150,2024-12-18 00:31:08.808 +0000
4003,505,166,2024-12-18 00:31:44.708 +0000
4013,505,121,2024-12-18 00:37:52.737 +0000
4072,260,489,2024-12-18 14:21:27.466 +0000
4607,598,386,2024-12-22 22:07:44.639 +0000
4084,515,166,2024-12-18 16:59:26.223 +0000
4090,515,146,2024-12-18 17:00:56.466 +0000
4617,598,560,2024-12-22 22:08:22.534 +0000
4113,448,496,2024-12-18 17:16:34.188 +0000
4114,448,484,2024-12-18 17:17:07.032 +0000
4142,520,135,2024-12-18 19:09:46.190 +0000
4148,520,148,2024-12-18 19:10:19.000 +0000
4159,260,515,2024-12-19 01:34:38.165 +0000
4165,518,522,2024-12-19 01:53:24.616 +0000
4180,505,266,2024-12-19 01:59:27.305 +0000
4638,600,465,2024-12-22 23:06:12.431 +0000
4204,469,54,2024-12-19 08:31:51.819 +0000
4217,528,196,2024-12-19 09:26:19.262 +0000
4229,1,314,2024-12-19 15:37:23.320 +0000
4237,515,240,2024-12-19 17:42:21.699 +0000
4254,11,23,2024-12-19 23:50:21.989 +0000
4649,600,310,2024-12-22 23:09:53.156 +0000
4663,600,352,2024-12-22 23:27:19.416 +0000
4328,528,519,2024-12-20 22:56:27.491 +0000
4333,484,87,2024-12-20 23:55:45.895 +0000
4339,551,54,2024-12-21 00:06:29.140 +0000
4346,551,230,2024-12-21 00:21:53.373 +0000
4352,553,43,2024-12-21 01:49:31.448 +0000
6798,852,11,2024-12-31 15:00:50.020 +0000
4669,419,415,2024-12-22 23:28:01.214 +0000
4681,370,87,2024-12-22 23:53:21.188 +0000
4683,370,413,2024-12-23 00:02:24.768 +0000
4687,370,171,2024-12-23 00:02:48.944 +0000
4691,602,413,2024-12-23 00:05:57.491 +0000
4719,213,520,2024-12-23 00:58:07.672 +0000
4727,213,502,2024-12-23 00:58:26.117 +0000
4758,605,506,2024-12-23 01:30:36.039 +0000
5693,362,260,2024-12-27 21:54:26.567 +0000
5695,738,483,2024-12-27 21:54:50.629 +0000
5699,738,388,2024-12-27 21:55:02.873 +0000
5712,738,297,2024-12-27 22:18:01.966 +0000
5732,683,506,2024-12-28 02:27:37.156 +0000
5741,683,414,2024-12-28 02:28:00.112 +0000
5752,745,448,2024-12-28 04:43:45.391 +0000
5767,745,523,2024-12-28 04:58:57.464 +0000
5790,750,683,2024-12-28 09:45:04.510 +0000
5793,750,553,2024-12-28 09:46:01.361 +0000
5799,753,463,2024-12-28 12:20:32.245 +0000
6800,852,502,2024-12-31 15:01:23.897 +0000
6804,802,230,2024-12-31 16:00:10.466 +0000
5888,767,419,2024-12-28 23:08:39.124 +0000
5895,767,418,2024-12-28 23:08:48.482 +0000
5899,767,465,2024-12-28 23:08:52.028 +0000
5909,769,484,2024-12-28 23:55:03.402 +0000
5917,769,742,2024-12-28 23:55:25.384 +0000
5936,370,385,2024-12-29 03:07:28.590 +0000
5943,370,146,2024-12-29 03:11:35.567 +0000
5968,783,448,2024-12-29 10:59:16.005 +0000
5987,785,463,2024-12-29 12:08:54.887 +0000
6003,561,213,2024-12-29 12:44:26.772 +0000
6813,854,432,2024-12-31 19:07:18.107 +0000
6112,794,245,2024-12-29 15:44:01.708 +0000
6124,794,399,2024-12-29 15:44:21.737 +0000
6132,794,8,2024-12-29 15:44:35.139 +0000
6138,794,228,2024-12-29 15:44:41.077 +0000
6815,63,80,2024-12-31 19:22:01.648 +0000
6831,63,399,2024-12-31 19:22:47.456 +0000
6856,865,429,2024-12-31 23:02:54.496 +0000
6881,867,388,2025-01-01 02:33:30.137 +0000
6891,867,417,2025-01-01 02:34:14.116 +0000
6946,877,448,2025-01-01 13:20:09.129 +0000
6963,881,650,2025-01-01 14:44:18.781 +0000
6976,883,448,2025-01-01 16:28:48.857 +0000
7002,469,386,2025-01-02 03:08:11.009 +0000
7019,783,553,2025-01-02 12:02:44.239 +0000
7046,770,180,2025-01-03 01:39:55.324 +0000
7049,895,512,2025-01-03 18:32:31.918 +0000
7068,896,745,2025-01-03 20:04:21.937 +0000
7089,903,472,2025-01-03 23:10:06.626 +0000
8080,1146,144,2025-01-11 02:57:13.068 +0000
8097,1150,118,2025-01-11 11:01:10.358 +0000
8118,1150,212,2025-01-11 11:05:31.092 +0000
8125,1150,236,2025-01-11 11:06:25.437 +0000
8128,1163,558,2025-01-11 13:37:08.168 +0000
8188,1174,843,2025-01-11 19:35:21.903 +0000
8200,1180,37,2025-01-11 22:42:31.410 +0000
8204,745,822,2025-01-11 23:17:32.796 +0000
8248,1194,144,2025-01-12 11:35:28.097 +0000
8265,1194,309,2025-01-12 11:37:58.153 +0000
8276,1194,1027,2025-01-12 11:40:39.883 +0000
8284,1201,621,2025-01-12 14:10:35.692 +0000
8344,1232,430,2025-01-13 12:58:43.982 +0000
8351,1232,961,2025-01-13 14:56:41.793 +0000
8423,1257,406,2025-01-14 20:31:19.880 +0000
8431,1257,553,2025-01-14 20:32:00.004 +0000
8447,1257,794,2025-01-14 20:33:31.945 +0000
8456,1257,450,2025-01-14 20:34:52.190 +0000
8458,1257,469,2025-01-14 20:34:55.377 +0000
8464,1257,540,2025-01-14 20:35:07.795 +0000
8475,1257,472,2025-01-14 20:36:15.289 +0000
8808,1080,243,2025-01-19 22:08:09.365 +0000
204,48,24,2024-12-16 15:57:05.986 +0000
208,48,29,2024-12-16 15:57:05.986 +0000
211,48,27,2024-12-16 15:57:05.986 +0000
215,48,35,2024-12-16 15:57:05.986 +0000
218,23,49,2024-12-16 15:57:05.986 +0000
224,50,47,2024-12-16 15:57:05.986 +0000
229,50,11,2024-12-16 15:57:05.986 +0000
244,53,24,2024-12-16 15:57:05.986 +0000
1231,216,67,2024-12-16 15:57:05.986 +0000
1239,216,119,2024-12-16 15:57:05.986 +0000
1241,216,54,2024-12-16 15:57:05.986 +0000
1250,259,53,2024-12-16 15:57:05.986 +0000
1253,213,55,2024-12-16 15:57:05.986 +0000
1254,260,5,2024-12-16 15:57:05.986 +0000
1265,1,34,2024-12-16 15:57:05.986 +0000
1269,1,227,2024-12-16 15:57:05.986 +0000
1270,1,23,2024-12-16 15:57:05.986 +0000
1272,1,10,2024-12-16 15:57:05.986 +0000
1273,1,54,2024-12-16 15:57:05.986 +0000
1277,1,49,2024-12-16 15:57:05.986 +0000
1906,318,34,2024-12-16 15:57:05.986 +0000
1941,330,56,2024-12-16 15:57:05.986 +0000
12115,1893,1974,2025-02-05 01:29:09.664 +0000
1972,260,87,2024-12-16 15:57:05.986 +0000
1975,260,284,2024-12-16 15:57:05.986 +0000
1988,334,34,2024-12-16 15:57:05.986 +0000
2015,311,274,2024-12-16 15:57:05.986 +0000
12125,1893,818,2025-02-05 01:30:50.085 +0000
2026,337,10,2024-12-16 15:57:05.986 +0000
2049,337,64,2024-12-16 15:57:05.986 +0000
2073,340,155,2024-12-16 15:57:05.986 +0000
2772,147,55,2024-12-16 15:57:05.986 +0000
2781,388,146,2024-12-16 15:57:05.986 +0000
9326,1573,791,2025-01-23 00:38:45.894 +0000
2800,388,413,2024-12-16 15:57:05.986 +0000
2802,9,51,2024-12-16 15:57:05.986 +0000
2807,50,70,2024-12-16 15:57:05.986 +0000
2831,260,388,2024-12-16 15:57:05.986 +0000
2846,260,181,2024-12-16 15:57:05.986 +0000
2862,36,227,2024-12-16 15:57:05.986 +0000
2871,36,32,2024-12-16 15:57:05.986 +0000
2876,36,71,2024-12-16 15:57:05.986 +0000
2890,36,148,2024-12-16 15:57:05.986 +0000
2899,36,145,2024-12-16 15:57:05.986 +0000
2913,36,366,2024-12-16 15:57:05.986 +0000
2958,149,415,2024-12-16 15:57:05.986 +0000
2972,149,192,2024-12-16 15:57:05.986 +0000
2974,149,243,2024-12-16 15:57:05.986 +0000
3969,468,54,2024-12-17 19:41:38.111 +0000
3973,468,198,2024-12-17 19:42:42.099 +0000
3994,505,43,2024-12-18 00:30:26.832 +0000
4004,505,171,2024-12-18 00:31:51.352 +0000
4011,505,194,2024-12-18 00:37:48.445 +0000
4073,260,410,2024-12-18 14:22:32.427 +0000
4088,515,135,2024-12-18 17:00:29.500 +0000
4093,515,475,2024-12-18 17:01:29.030 +0000
4109,515,380,2024-12-18 17:16:24.872 +0000
4128,484,124,2024-12-18 17:19:07.239 +0000
4133,484,194,2024-12-18 17:20:11.316 +0000
4136,519,487,2024-12-18 18:48:23.436 +0000
4156,260,521,2024-12-19 01:34:33.726 +0000
4162,523,151,2024-12-19 01:44:39.828 +0000
4163,517,347,2024-12-19 01:50:48.466 +0000
4168,505,373,2024-12-19 01:59:06.988 +0000
4181,264,119,2024-12-19 02:36:07.219 +0000
4186,264,54,2024-12-19 02:36:21.461 +0000
4222,528,452,2024-12-19 09:26:38.637 +0000
4603,596,573,2024-12-22 21:42:40.174 +0000
4242,518,448,2024-12-19 18:44:01.570 +0000
4614,598,448,2024-12-22 22:08:02.405 +0000
4656,600,522,2024-12-22 23:10:54.302 +0000
4659,601,417,2024-12-22 23:19:23.383 +0000
4717,213,512,2024-12-23 00:57:46.702 +0000
4733,603,448,2024-12-23 01:21:13.439 +0000
9362,1169,871,2025-01-23 04:54:15.126 +0000
5694,738,305,2024-12-27 21:54:32.103 +0000
5708,681,563,2024-12-27 22:05:19.491 +0000
5717,669,448,2024-12-27 23:41:13.045 +0000
5757,745,396,2024-12-28 04:47:49.129 +0000
5764,745,196,2024-12-28 04:55:52.466 +0000
6799,852,509,2024-12-31 15:01:11.150 +0000
5884,543,525,2024-12-28 21:49:22.875 +0000
5894,767,475,2024-12-28 23:08:47.630 +0000
9374,1169,1480,2025-01-23 04:59:20.729 +0000
5929,738,334,2024-12-29 02:55:30.323 +0000
5965,783,260,2024-12-29 10:57:58.147 +0000
5970,783,763,2024-12-29 10:59:30.846 +0000
6000,783,552,2024-12-29 12:43:13.995 +0000
6010,720,789,2024-12-29 14:23:21.512 +0000
9449,15,1045,2025-01-23 15:48:18.401 +0000
9452,1592,1369,2025-01-23 16:06:09.795 +0000
6091,794,68,2024-12-29 15:43:37.852 +0000
6111,794,234,2024-12-29 15:44:01.023 +0000
6121,794,235,2024-12-29 15:44:14.198 +0000
6807,802,87,2024-12-31 16:00:26.779 +0000
6808,802,144,2024-12-31 16:00:45.328 +0000
6819,63,113,2024-12-31 19:22:11.042 +0000
6824,63,121,2024-12-31 19:22:21.939 +0000
6829,63,205,2024-12-31 19:22:45.365 +0000
6834,63,410,2024-12-31 19:22:50.625 +0000
6837,63,669,2024-12-31 19:22:53.365 +0000
6841,63,415,2024-12-31 19:25:12.337 +0000
6867,867,623,2025-01-01 02:32:03.971 +0000
6869,867,428,2025-01-01 02:32:18.536 +0000
6879,867,459,2025-01-01 02:33:16.776 +0000
6893,867,561,2025-01-01 02:34:35.366 +0000
6910,868,448,2025-01-01 03:04:27.365 +0000
6920,868,468,2025-01-01 03:09:23.384 +0000
6933,542,121,2025-01-01 06:20:51.977 +0000
6935,656,802,2025-01-01 10:44:46.256 +0000
9462,254,1233,2025-01-23 16:32:01.613 +0000
6955,874,561,2025-01-01 13:46:25.318 +0000
6959,880,395,2025-01-01 14:20:46.310 +0000
6961,881,50,2025-01-01 14:43:44.392 +0000
6969,881,126,2025-01-01 14:44:49.251 +0000
7006,886,745,2025-01-02 08:58:42.952 +0000
7011,783,487,2025-01-02 12:02:23.922 +0000
7018,783,528,2025-01-02 12:02:39.607 +0000
7052,896,771,2025-01-03 20:00:19.789 +0000
7061,896,347,2025-01-03 20:03:44.138 +0000
7087,903,522,2025-01-03 23:09:42.896 +0000
7090,903,492,2025-01-03 23:10:18.030 +0000
8081,1146,135,2025-01-11 02:57:20.352 +0000
8088,1146,396,2025-01-11 02:58:02.215 +0000
8094,1150,56,2025-01-11 10:59:43.094 +0000
8099,1150,87,2025-01-11 11:02:02.264 +0000
8108,1150,154,2025-01-11 11:04:22.578 +0000
8126,1150,440,2025-01-11 11:06:31.667 +0000
8129,921,417,2025-01-11 14:01:38.698 +0000
8157,1072,929,2025-01-11 16:27:25.737 +0000
8179,1174,551,2025-01-11 19:31:58.639 +0000
8195,436,1055,2025-01-11 21:32:33.199 +0000
8197,1179,639,2025-01-11 22:30:21.967 +0000
8217,1183,421,2025-01-12 09:20:04.239 +0000
8222,1183,512,2025-01-12 09:26:43.341 +0000
8224,1184,135,2025-01-12 09:42:37.244 +0000
8249,1194,135,2025-01-12 11:35:29.803 +0000
8259,1194,272,2025-01-12 11:37:44.845 +0000
9470,1204,802,2025-01-23 16:39:17.639 +0000
12179,1981,1894,2025-02-05 10:16:07.460 +0000
8308,1204,144,2025-01-12 16:28:45.300 +0000
8329,1224,1027,2025-01-13 10:35:06.840 +0000
8433,1257,352,2025-01-14 20:32:03.702 +0000
8439,1257,464,2025-01-14 20:33:11.035 +0000
9500,1600,1307,2025-01-23 18:53:04.627 +0000
8916,1449,525,2025-01-20 12:46:32.189 +0000
8930,1451,768,2025-01-20 13:20:42.112 +0000
8935,1452,639,2025-01-20 13:53:57.536 +0000
8938,1453,260,2025-01-20 14:09:20.403 +0000
9076,1506,488,2025-01-21 18:43:34.714 +0000
9262,1489,47,2025-01-22 16:24:23.760 +0000
9677,1673,1027,2025-01-24 22:47:31.089 +0000
10083,1907,1356,2025-01-27 19:29:58.651 +0000
10103,1913,1364,2025-01-27 20:42:31.036 +0000
10257,1986,1320,2025-01-28 21:24:09.490 +0000
10291,1992,1530,2025-01-28 23:26:35.957 +0000
10300,1996,1369,2025-01-29 00:01:58.622 +0000
10337,838,1307,2025-01-29 13:02:45.679 +0000
10347,1365,927,2025-01-29 13:11:47.214 +0000
209,48,10,2024-12-16 15:57:05.986 +0000
217,8,49,2024-12-16 15:57:05.986 +0000
219,50,29,2024-12-16 15:57:05.986 +0000
220,50,32,2024-12-16 15:57:05.986 +0000
9270,1551,1223,2025-01-22 18:10:17.504 +0000
238,53,37,2024-12-16 15:57:05.986 +0000
241,53,26,2024-12-16 15:57:05.986 +0000
245,53,52,2024-12-16 15:57:05.986 +0000
246,53,10,2024-12-16 15:57:05.986 +0000
247,53,36,2024-12-16 15:57:05.986 +0000
248,53,8,2024-12-16 15:57:05.986 +0000
249,53,47,2024-12-16 15:57:05.986 +0000
250,53,49,2024-12-16 15:57:05.986 +0000
251,53,23,2024-12-16 15:57:05.986 +0000
252,53,35,2024-12-16 15:57:05.986 +0000
253,1,47,2024-12-16 15:57:05.986 +0000
254,1,53,2024-12-16 15:57:05.986 +0000
255,53,43,2024-12-16 15:57:05.986 +0000
256,1,50,2024-12-16 15:57:05.986 +0000
257,8,54,2024-12-16 15:57:05.986 +0000
258,8,52,2024-12-16 15:57:05.986 +0000
259,8,53,2024-12-16 15:57:05.986 +0000
260,48,53,2024-12-16 15:57:05.986 +0000
261,47,10,2024-12-16 15:57:05.986 +0000
262,47,36,2024-12-16 15:57:05.986 +0000
263,47,15,2024-12-16 15:57:05.986 +0000
9314,1573,1486,2025-01-23 00:38:13.310 +0000
265,47,50,2024-12-16 15:57:05.986 +0000
266,47,29,2024-12-16 15:57:05.986 +0000
267,47,24,2024-12-16 15:57:05.986 +0000
268,55,47,2024-12-16 15:57:05.986 +0000
269,47,11,2024-12-16 15:57:05.986 +0000
270,47,32,2024-12-16 15:57:05.986 +0000
271,47,26,2024-12-16 15:57:05.986 +0000
272,47,48,2024-12-16 15:57:05.986 +0000
273,56,47,2024-12-16 15:57:05.986 +0000
274,56,55,2024-12-16 15:57:05.986 +0000
275,57,29,2024-12-16 15:57:05.986 +0000
276,55,56,2024-12-16 15:57:05.986 +0000
277,47,35,2024-12-16 15:57:05.986 +0000
278,47,37,2024-12-16 15:57:05.986 +0000
279,47,53,2024-12-16 15:57:05.986 +0000
280,47,23,2024-12-16 15:57:05.986 +0000
281,47,56,2024-12-16 15:57:05.986 +0000
282,47,55,2024-12-16 15:57:05.986 +0000
283,47,54,2024-12-16 15:57:05.986 +0000
284,47,21,2024-12-16 15:57:05.986 +0000
285,43,50,2024-12-16 15:57:05.986 +0000
286,43,48,2024-12-16 15:57:05.986 +0000
287,23,52,2024-12-16 15:57:05.986 +0000
288,23,53,2024-12-16 15:57:05.986 +0000
289,23,54,2024-12-16 15:57:05.986 +0000
290,23,57,2024-12-16 15:57:05.986 +0000
291,23,56,2024-12-16 15:57:05.986 +0000
292,23,55,2024-12-16 15:57:05.986 +0000
293,63,23,2024-12-16 15:57:05.986 +0000
294,63,15,2024-12-16 15:57:05.986 +0000
295,64,48,2024-12-16 15:57:05.986 +0000
296,8,57,2024-12-16 15:57:05.986 +0000
297,8,56,2024-12-16 15:57:05.986 +0000
298,8,55,2024-12-16 15:57:05.986 +0000
299,8,63,2024-12-16 15:57:05.986 +0000
300,8,64,2024-12-16 15:57:05.986 +0000
301,23,63,2024-12-16 15:57:05.986 +0000
302,64,51,2024-12-16 15:57:05.986 +0000
303,23,64,2024-12-16 15:57:05.986 +0000
304,64,29,2024-12-16 15:57:05.986 +0000
305,64,50,2024-12-16 15:57:05.986 +0000
306,32,48,2024-12-16 15:57:05.986 +0000
307,32,50,2024-12-16 15:57:05.986 +0000
308,8,66,2024-12-16 15:57:05.986 +0000
309,9,12,2024-12-16 15:57:05.986 +0000
310,69,15,2024-12-16 15:57:05.986 +0000
311,69,26,2024-12-16 15:57:05.986 +0000
312,69,53,2024-12-16 15:57:05.986 +0000
313,69,1,2024-12-16 15:57:05.986 +0000
314,69,21,2024-12-16 15:57:05.986 +0000
315,69,28,2024-12-16 15:57:05.986 +0000
316,69,31,2024-12-16 15:57:05.986 +0000
317,69,8,2024-12-16 15:57:05.986 +0000
318,69,52,2024-12-16 15:57:05.986 +0000
319,69,10,2024-12-16 15:57:05.986 +0000
320,70,29,2024-12-16 15:57:05.986 +0000
321,70,47,2024-12-16 15:57:05.986 +0000
322,69,23,2024-12-16 15:57:05.986 +0000
323,69,36,2024-12-16 15:57:05.986 +0000
324,69,49,2024-12-16 15:57:05.986 +0000
325,69,12,2024-12-16 15:57:05.986 +0000
326,69,27,2024-12-16 15:57:05.986 +0000
327,69,24,2024-12-16 15:57:05.986 +0000
328,69,11,2024-12-16 15:57:05.986 +0000
329,69,70,2024-12-16 15:57:05.986 +0000
330,69,66,2024-12-16 15:57:05.986 +0000
331,69,64,2024-12-16 15:57:05.986 +0000
332,23,70,2024-12-16 15:57:05.986 +0000
333,23,66,2024-12-16 15:57:05.986 +0000
334,23,69,2024-12-16 15:57:05.986 +0000
335,69,9,2024-12-16 15:57:05.986 +0000
336,8,69,2024-12-16 15:57:05.986 +0000
337,48,69,2024-12-16 15:57:05.986 +0000
338,52,23,2024-12-16 15:57:05.986 +0000
339,47,8,2024-12-16 15:57:05.986 +0000
340,73,29,2024-12-16 15:57:05.986 +0000
341,73,32,2024-12-16 15:57:05.986 +0000
9330,1573,845,2025-01-23 00:38:52.231 +0000
343,73,50,2024-12-16 15:57:05.986 +0000
344,73,37,2024-12-16 15:57:05.986 +0000
345,73,15,2024-12-16 15:57:05.986 +0000
346,73,23,2024-12-16 15:57:05.986 +0000
347,73,26,2024-12-16 15:57:05.986 +0000
348,73,53,2024-12-16 15:57:05.986 +0000
349,73,47,2024-12-16 15:57:05.986 +0000
350,23,75,2024-12-16 15:57:05.986 +0000
351,48,75,2024-12-16 15:57:05.986 +0000
352,23,76,2024-12-16 15:57:05.986 +0000
353,36,29,2024-12-16 15:57:05.986 +0000
9373,1169,1450,2025-01-23 04:58:56.785 +0000
355,36,50,2024-12-16 15:57:05.986 +0000
356,36,47,2024-12-16 15:57:05.986 +0000
357,36,48,2024-12-16 15:57:05.986 +0000
358,67,53,2024-12-16 15:57:05.986 +0000
359,23,77,2024-12-16 15:57:05.986 +0000
360,47,31,2024-12-16 15:57:05.986 +0000
361,8,70,2024-12-16 15:57:05.986 +0000
362,8,77,2024-12-16 15:57:05.986 +0000
363,8,75,2024-12-16 15:57:05.986 +0000
364,8,76,2024-12-16 15:57:05.986 +0000
365,75,29,2024-12-16 15:57:05.986 +0000
366,75,32,2024-12-16 15:57:05.986 +0000
12116,1893,1996,2025-02-05 01:29:25.234 +0000
368,75,50,2024-12-16 15:57:05.986 +0000
369,75,37,2024-12-16 15:57:05.986 +0000
370,75,23,2024-12-16 15:57:05.986 +0000
371,75,53,2024-12-16 15:57:05.986 +0000
372,75,15,2024-12-16 15:57:05.986 +0000
373,75,8,2024-12-16 15:57:05.986 +0000
374,23,79,2024-12-16 15:57:05.986 +0000
375,8,80,2024-12-16 15:57:05.986 +0000
376,8,79,2024-12-16 15:57:05.986 +0000
377,50,12,2024-12-16 15:57:05.986 +0000
378,50,36,2024-12-16 15:57:05.986 +0000
379,50,53,2024-12-16 15:57:05.986 +0000
380,50,8,2024-12-16 15:57:05.986 +0000
381,50,10,2024-12-16 15:57:05.986 +0000
382,50,57,2024-12-16 15:57:05.986 +0000
383,50,49,2024-12-16 15:57:05.986 +0000
384,50,56,2024-12-16 15:57:05.986 +0000
385,47,12,2024-12-16 15:57:05.986 +0000
386,47,70,2024-12-16 15:57:05.986 +0000
387,47,9,2024-12-16 15:57:05.986 +0000
388,47,80,2024-12-16 15:57:05.986 +0000
389,47,72,2024-12-16 15:57:05.986 +0000
390,47,64,2024-12-16 15:57:05.986 +0000
391,47,49,2024-12-16 15:57:05.986 +0000
392,47,66,2024-12-16 15:57:05.986 +0000
393,47,77,2024-12-16 15:57:05.986 +0000
394,47,79,2024-12-16 15:57:05.986 +0000
395,47,51,2024-12-16 15:57:05.986 +0000
396,47,75,2024-12-16 15:57:05.986 +0000
6802,497,448,2024-12-31 15:34:19.465 +0000
6810,847,794,2024-12-31 17:06:04.460 +0000
6844,863,213,2024-12-31 21:59:15.094 +0000
6852,850,789,2024-12-31 22:32:21.255 +0000
6863,867,196,2025-01-01 02:31:37.417 +0000
6876,867,481,2025-01-01 02:33:04.587 +0000
404,34,29,2024-12-16 15:57:05.986 +0000
405,66,29,2024-12-16 15:57:05.986 +0000
406,66,32,2024-12-16 15:57:05.986 +0000
407,66,12,2024-12-16 15:57:05.986 +0000
408,66,37,2024-12-16 15:57:05.986 +0000
409,66,53,2024-12-16 15:57:05.986 +0000
410,66,15,2024-12-16 15:57:05.986 +0000
411,66,50,2024-12-16 15:57:05.986 +0000
413,66,36,2024-12-16 15:57:05.986 +0000
414,66,21,2024-12-16 15:57:05.986 +0000
415,66,47,2024-12-16 15:57:05.986 +0000
416,66,1,2024-12-16 15:57:05.986 +0000
417,66,28,2024-12-16 15:57:05.986 +0000
418,66,31,2024-12-16 15:57:05.986 +0000
419,66,52,2024-12-16 15:57:05.986 +0000
420,66,23,2024-12-16 15:57:05.986 +0000
421,66,10,2024-12-16 15:57:05.986 +0000
422,66,8,2024-12-16 15:57:05.986 +0000
423,66,48,2024-12-16 15:57:05.986 +0000
424,66,57,2024-12-16 15:57:05.986 +0000
428,50,63,2024-12-16 15:57:05.986 +0000
436,75,36,2024-12-16 15:57:05.986 +0000
440,75,26,2024-12-16 15:57:05.986 +0000
444,75,24,2024-12-16 15:57:05.986 +0000
452,15,53,2024-12-16 15:57:05.986 +0000
458,15,54,2024-12-16 15:57:05.986 +0000
470,75,76,2024-12-16 15:57:05.986 +0000
9271,1551,1510,2025-01-22 18:10:21.842 +0000
490,85,50,2024-12-16 15:57:05.986 +0000
492,47,88,2024-12-16 15:57:05.986 +0000
1245,259,49,2024-12-16 15:57:05.986 +0000
1248,259,5,2024-12-16 15:57:05.986 +0000
1260,260,52,2024-12-16 15:57:05.986 +0000
1909,318,55,2024-12-16 15:57:05.986 +0000
1916,318,47,2024-12-16 15:57:05.986 +0000
1927,293,37,2024-12-16 15:57:05.986 +0000
1932,293,54,2024-12-16 15:57:05.986 +0000
1936,280,37,2024-12-16 15:57:05.986 +0000
1951,330,121,2024-12-16 15:57:05.986 +0000
1959,330,181,2024-12-16 15:57:05.986 +0000
1963,331,56,2024-12-16 15:57:05.986 +0000
1979,260,298,2024-12-16 15:57:05.986 +0000
2009,331,32,2024-12-16 15:57:05.986 +0000
2012,311,268,2024-12-16 15:57:05.986 +0000
9274,1551,1378,2025-01-22 18:10:41.379 +0000
2032,337,12,2024-12-16 15:57:05.986 +0000
2038,337,157,2024-12-16 15:57:05.986 +0000
6805,802,50,2024-12-31 16:00:15.872 +0000
2058,339,191,2024-12-16 15:57:05.986 +0000
2061,339,15,2024-12-16 15:57:05.986 +0000
2075,340,228,2024-12-16 15:57:05.986 +0000
9275,1552,475,2025-01-22 18:12:07.187 +0000
4604,597,492,2024-12-22 21:53:32.779 +0000
4610,598,415,2024-12-22 22:07:54.722 +0000
12117,1893,1369,2025-02-05 01:29:35.741 +0000
2094,213,332,2024-12-16 15:57:05.986 +0000
2112,351,15,2024-12-16 15:57:05.986 +0000
2121,356,243,2024-12-16 15:57:05.986 +0000
4637,600,118,2024-12-22 23:06:02.800 +0000
2773,147,415,2024-12-16 15:57:05.986 +0000
2780,388,144,2024-12-16 15:57:05.986 +0000
2785,388,415,2024-12-16 15:57:05.986 +0000
9313,1573,1329,2025-01-23 00:38:12.176 +0000
2793,147,359,2024-12-16 15:57:05.986 +0000
2797,147,274,2024-12-16 15:57:05.986 +0000
6845,863,553,2024-12-31 21:59:44.535 +0000
2819,298,181,2024-12-16 15:57:05.986 +0000
2822,47,2,2024-12-16 15:57:05.986 +0000
2825,47,167,2024-12-16 15:57:05.986 +0000
2828,47,216,2024-12-16 15:57:05.986 +0000
2832,260,119,2024-12-16 15:57:05.986 +0000
2837,260,54,2024-12-16 15:57:05.986 +0000
2839,260,15,2024-12-16 15:57:05.986 +0000
2841,260,198,2024-12-16 15:57:05.986 +0000
2845,260,143,2024-12-16 15:57:05.986 +0000
2860,36,37,2024-12-16 15:57:05.986 +0000
2879,36,64,2024-12-16 15:57:05.986 +0000
2885,36,126,2024-12-16 15:57:05.986 +0000
2892,36,143,2024-12-16 15:57:05.986 +0000
9347,443,720,2025-01-23 02:25:57.066 +0000
2904,36,406,2024-12-16 15:57:05.986 +0000
2907,145,29,2024-12-16 15:57:05.986 +0000
2915,36,371,2024-12-16 15:57:05.986 +0000
2920,36,384,2024-12-16 15:57:05.986 +0000
2934,419,144,2024-12-16 15:57:05.986 +0000
2949,417,243,2024-12-16 15:57:05.986 +0000
2952,149,37,2024-12-16 15:57:05.986 +0000
2959,149,32,2024-12-16 15:57:05.986 +0000
2960,149,48,2024-12-16 15:57:05.986 +0000
2964,149,217,2024-12-16 15:57:05.986 +0000
2968,149,245,2024-12-16 15:57:05.986 +0000
3982,504,385,2024-12-17 23:37:39.162 +0000
4074,260,379,2024-12-18 14:22:57.699 +0000
4112,448,444,2024-12-18 17:16:33.021 +0000
4120,448,400,2024-12-18 17:17:32.021 +0000
12133,1893,1115,2025-02-05 01:33:00.469 +0000
4161,260,520,2024-12-19 01:34:48.406 +0000
4178,505,371,2024-12-19 01:59:25.699 +0000
4218,528,424,2024-12-19 09:26:21.953 +0000
4233,539,525,2024-12-19 15:39:24.932 +0000
9410,1482,791,2025-01-23 13:03:51.091 +0000
4266,11,9,2024-12-19 23:52:02.258 +0000
4665,600,484,2024-12-22 23:27:23.372 +0000
4675,48,260,2024-12-22 23:48:09.568 +0000
4303,213,487,2024-12-20 14:26:38.873 +0000
4324,550,386,2024-12-20 21:18:20.126 +0000
4332,484,217,2024-12-20 23:55:26.034 +0000
4347,552,156,2024-12-21 01:22:38.547 +0000
4355,554,149,2024-12-21 06:39:50.843 +0000
4357,347,54,2024-12-21 14:07:00.231 +0000
12138,1893,1087,2025-02-05 01:35:14.953 +0000
4712,213,489,2024-12-23 00:56:41.691 +0000
4731,543,196,2024-12-23 01:08:43.529 +0000
4735,603,458,2024-12-23 01:22:00.189 +0000
9423,1589,388,2025-01-23 14:52:22.663 +0000
5697,738,302,2024-12-27 21:54:54.012 +0000
5705,735,400,2024-12-27 22:02:33.917 +0000
5706,735,585,2024-12-27 22:04:13.503 +0000
5747,744,488,2024-12-28 03:10:42.967 +0000
5771,745,390,2024-12-28 05:01:57.718 +0000
5775,746,414,2024-12-28 05:30:44.438 +0000
5912,769,543,2024-12-28 23:55:11.134 +0000
5915,769,748,2024-12-28 23:55:19.511 +0000
5948,370,30,2024-12-29 03:15:25.893 +0000
5960,770,650,2024-12-29 10:57:14.433 +0000
9437,1589,1369,2025-01-23 14:57:26.289 +0000
5984,785,448,2024-12-29 12:07:15.490 +0000
5994,785,484,2024-12-29 12:11:47.026 +0000
6008,789,427,2024-12-29 13:25:45.806 +0000
9440,1258,1487,2025-01-23 15:11:33.342 +0000
12160,2422,1995,2025-02-05 09:26:54.393 +0000
9659,48,468,2025-01-24 20:00:21.950 +0000
9701,1685,1369,2025-01-25 06:57:15.453 +0000
6107,794,210,2024-12-29 15:43:57.379 +0000
6119,794,423,2024-12-29 15:44:12.007 +0000
6127,794,212,2024-12-29 15:44:24.086 +0000
9724,242,670,2025-01-25 12:12:12.304 +0000
6858,866,692,2024-12-31 23:53:59.925 +0000
6862,551,738,2025-01-01 01:48:54.272 +0000
6865,867,525,2025-01-01 02:32:01.246 +0000
6868,867,605,2025-01-01 02:32:05.803 +0000
6882,867,407,2025-01-01 02:33:40.754 +0000
6886,867,475,2025-01-01 02:33:56.878 +0000
6888,867,463,2025-01-01 02:34:03.266 +0000
6903,867,600,2025-01-01 02:36:24.459 +0000
6904,867,603,2025-01-01 02:36:36.227 +0000
6922,868,779,2025-01-01 03:11:11.938 +0000
6928,542,135,2025-01-01 06:20:35.918 +0000
6957,417,32,2025-01-01 14:15:11.226 +0000
6974,882,830,2025-01-01 14:52:42.434 +0000
6977,883,585,2025-01-01 16:29:31.533 +0000
6980,890,765,2025-01-01 20:07:11.803 +0000
6985,891,525,2025-01-01 20:46:17.563 +0000
9728,242,1292,2025-01-25 12:15:32.568 +0000
7007,886,802,2025-01-02 08:59:19.913 +0000
7070,896,787,2025-01-03 20:04:26.824 +0000
7074,899,233,2025-01-03 21:10:12.446 +0000
10089,1909,1077,2025-01-27 19:47:59.706 +0000
7094,903,586,2025-01-03 23:10:25.190 +0000
7107,903,822,2025-01-03 23:10:41.906 +0000
10093,1909,1600,2025-01-27 19:51:11.342 +0000
8120,1150,228,2025-01-11 11:05:38.965 +0000
8145,1146,929,2025-01-11 14:44:51.016 +0000
10097,1912,1292,2025-01-27 20:39:03.884 +0000
8173,1174,488,2025-01-11 19:30:39.213 +0000
8185,1174,787,2025-01-11 19:34:34.142 +0000
8221,1183,440,2025-01-12 09:26:30.842 +0000
8235,1184,600,2025-01-12 09:44:47.418 +0000
8241,1184,929,2025-01-12 09:45:53.060 +0000
8262,1194,316,2025-01-12 11:37:51.560 +0000
8295,1203,396,2025-01-12 15:06:20.172 +0000
8309,1204,181,2025-01-12 16:28:58.636 +0000
8325,1224,468,2025-01-13 10:34:52.279 +0000
10430,1977,1913,2025-01-29 18:56:06.826 +0000
8350,1232,318,2025-01-13 14:56:39.242 +0000
10482,1178,436,2025-01-29 21:16:39.417 +0000
8391,213,1003,2025-01-13 21:05:32.464 +0000
8418,1251,655,2025-01-14 16:31:34.252 +0000
8442,1257,639,2025-01-14 20:33:19.852 +0000
8454,1257,457,2025-01-14 20:34:42.484 +0000
8806,1080,121,2025-01-19 22:07:13.181 +0000
8924,1451,413,2025-01-20 13:13:26.018 +0000
9077,1506,297,2025-01-21 18:43:44.753 +0000
9233,361,1027,2025-01-22 13:00:54.723 +0000
425,84,72,2024-12-16 15:57:05.986 +0000
433,8,85,2024-12-16 15:57:05.986 +0000
438,75,1,2024-12-16 15:57:05.986 +0000
1251,259,23,2024-12-16 15:57:05.986 +0000
1258,213,32,2024-12-16 15:57:05.986 +0000
1264,1,5,2024-12-16 15:57:05.986 +0000
1275,1,233,2024-12-16 15:57:05.986 +0000
1911,318,50,2024-12-16 15:57:05.986 +0000
1921,318,180,2024-12-16 15:57:05.986 +0000
1929,293,55,2024-12-16 15:57:05.986 +0000
1935,328,55,2024-12-16 15:57:05.986 +0000
1937,280,233,2024-12-16 15:57:05.986 +0000
1981,332,180,2024-12-16 15:57:05.986 +0000
12119,1893,2180,2025-02-05 01:29:49.690 +0000
2007,334,217,2024-12-16 15:57:05.986 +0000
12157,2421,940,2025-02-05 08:02:17.706 +0000
2025,337,37,2024-12-16 15:57:05.986 +0000
2035,337,77,2024-12-16 15:57:05.986 +0000
2050,337,205,2024-12-16 15:57:05.986 +0000
2055,339,166,2024-12-16 15:57:05.986 +0000
2064,340,28,2024-12-16 15:57:05.986 +0000
12159,1526,2315,2025-02-05 08:07:28.083 +0000
4628,388,198,2024-12-22 22:38:02.095 +0000
2109,351,48,2024-12-16 15:57:05.986 +0000
2116,354,135,2024-12-16 15:57:05.986 +0000
2776,147,135,2024-12-16 15:57:05.986 +0000
2784,147,8,2024-12-16 15:57:05.986 +0000
6806,802,48,2024-12-31 16:00:20.567 +0000
2803,9,55,2024-12-16 15:57:05.986 +0000
2812,298,10,2024-12-16 15:57:05.986 +0000
2817,298,157,2024-12-16 15:57:05.986 +0000
6809,802,85,2024-12-31 16:01:07.701 +0000
2844,260,113,2024-12-16 15:57:05.986 +0000
2851,260,212,2024-12-16 15:57:05.986 +0000
2853,260,383,2024-12-16 15:57:05.986 +0000
2857,47,309,2024-12-16 15:57:05.986 +0000
2858,36,119,2024-12-16 15:57:05.986 +0000
2864,36,233,2024-12-16 15:57:05.986 +0000
2874,36,24,2024-12-16 15:57:05.986 +0000
2880,36,198,2024-12-16 15:57:05.986 +0000
2888,36,150,2024-12-16 15:57:05.986 +0000
2893,36,181,2024-12-16 15:57:05.986 +0000
2902,36,196,2024-12-16 15:57:05.986 +0000
2918,36,377,2024-12-16 15:57:05.986 +0000
2926,417,400,2024-12-16 15:57:05.986 +0000
2930,419,48,2024-12-16 15:57:05.986 +0000
2932,48,334,2024-12-16 15:57:05.986 +0000
2938,48,381,2024-12-16 15:57:05.986 +0000
2944,419,386,2024-12-16 15:57:05.986 +0000
2947,417,166,2024-12-16 15:57:05.986 +0000
2950,149,29,2024-12-16 15:57:05.986 +0000
2962,48,300,2024-12-16 15:57:05.986 +0000
2970,149,201,2024-12-16 15:57:05.986 +0000
4014,505,216,2024-12-18 04:10:09.546 +0000
4019,505,319,2024-12-18 04:10:43.642 +0000
4028,505,388,2024-12-18 04:11:01.270 +0000
4035,448,171,2024-12-18 04:31:25.521 +0000
4039,509,468,2024-12-18 09:40:45.325 +0000
4042,509,419,2024-12-18 09:41:44.656 +0000
6826,63,196,2024-12-31 19:22:40.806 +0000
4658,522,347,2024-12-22 23:11:48.030 +0000
4080,515,396,2024-12-18 16:57:52.645 +0000
4082,515,171,2024-12-18 16:58:09.888 +0000
4668,600,501,2024-12-22 23:27:56.100 +0000
4096,515,315,2024-12-18 17:03:39.803 +0000
4098,515,492,2024-12-18 17:05:17.597 +0000
4132,484,167,2024-12-18 17:19:52.089 +0000
4137,519,448,2024-12-18 18:49:21.564 +0000
4146,520,15,2024-12-18 19:10:12.878 +0000
4151,522,500,2024-12-19 00:53:35.739 +0000
4154,522,386,2024-12-19 00:56:49.041 +0000
4175,505,372,2024-12-19 01:59:16.925 +0000
4184,264,233,2024-12-19 02:36:14.535 +0000
4672,600,550,2024-12-22 23:29:05.765 +0000
6832,63,95,2024-12-31 19:22:48.282 +0000
4260,11,66,2024-12-19 23:50:49.150 +0000
4697,370,167,2024-12-23 00:18:25.128 +0000
4302,213,488,2024-12-20 14:26:31.518 +0000
4305,538,463,2024-12-20 15:38:25.808 +0000
4307,538,470,2024-12-20 15:39:33.402 +0000
4700,602,600,2024-12-23 00:43:29.763 +0000
4318,548,24,2024-12-20 17:18:27.500 +0000
4330,484,550,2024-12-20 23:09:51.121 +0000
4331,484,245,2024-12-20 23:55:14.319 +0000
4338,551,52,2024-12-21 00:06:04.149 +0000
4359,347,522,2024-12-21 14:09:29.850 +0000
12161,2422,1681,2025-02-05 09:27:12.183 +0000
4381,271,149,2024-12-21 15:48:47.687 +0000
4705,213,506,2024-12-23 00:55:20.732 +0000
4709,213,509,2024-12-23 00:55:40.253 +0000
5698,738,500,2024-12-27 21:55:00.114 +0000
5784,515,339,2024-12-28 08:45:23.447 +0000
5785,738,463,2024-12-28 09:22:27.145 +0000
5792,750,554,2024-12-28 09:45:49.700 +0000
6833,63,521,2024-12-31 19:22:49.125 +0000
6840,63,520,2024-12-31 19:23:37.684 +0000
5860,760,448,2024-12-28 17:10:35.902 +0000
5862,761,639,2024-12-28 17:38:08.617 +0000
5865,761,448,2024-12-28 17:39:27.617 +0000
5921,738,552,2024-12-29 02:55:01.589 +0000
5966,783,563,2024-12-29 10:58:13.595 +0000
6096,794,186,2024-12-29 15:43:48.257 +0000
6122,794,155,2024-12-29 15:44:19.761 +0000
6850,213,565,2024-12-31 22:01:04.413 +0000
6873,867,386,2025-01-01 02:32:45.241 +0000
6895,867,433,2025-01-01 02:34:44.492 +0000
6902,867,468,2025-01-01 02:35:49.846 +0000
6911,868,386,2025-01-01 03:04:38.810 +0000
6924,868,748,2025-01-01 03:11:46.809 +0000
6930,542,181,2025-01-01 06:20:43.318 +0000
6962,881,37,2025-01-01 14:43:59.778 +0000
6968,881,144,2025-01-01 14:44:40.508 +0000
6973,882,402,2025-01-01 14:52:23.127 +0000
6993,834,415,2025-01-01 22:49:59.827 +0000
6996,834,55,2025-01-01 22:50:19.439 +0000
7003,469,166,2025-01-02 03:08:15.950 +0000
7005,469,34,2025-01-02 03:08:46.643 +0000
7009,783,651,2025-01-02 12:02:18.706 +0000
7014,783,417,2025-01-02 12:02:30.198 +0000
7017,783,452,2025-01-02 12:02:37.522 +0000
7025,783,572,2025-01-02 12:02:56.561 +0000
7047,770,205,2025-01-03 01:40:23.270 +0000
7051,895,639,2025-01-03 18:32:56.296 +0000
7060,896,518,2025-01-03 20:03:39.638 +0000
7064,896,600,2025-01-03 20:04:05.549 +0000
7066,896,889,2025-01-03 20:04:11.566 +0000
7081,903,488,2025-01-03 23:08:56.627 +0000
7082,903,500,2025-01-03 23:09:08.829 +0000
7083,903,512,2025-01-03 23:09:20.198 +0000
7084,903,518,2025-01-03 23:09:33.614 +0000
7088,903,550,2025-01-03 23:09:56.804 +0000
8084,1146,166,2025-01-11 02:57:30.754 +0000
8103,1150,181,2025-01-11 11:02:31.496 +0000
8111,1150,215,2025-01-11 11:04:40.865 +0000
8146,1146,972,2025-01-11 14:44:52.336 +0000
8171,1174,459,2025-01-11 19:29:12.295 +0000
8182,1174,889,2025-01-11 19:34:02.743 +0000
8190,1175,415,2025-01-11 20:11:54.810 +0000
8194,436,876,2025-01-11 21:32:11.669 +0000
8201,1180,48,2025-01-11 22:42:36.088 +0000
8216,1183,415,2025-01-12 09:19:46.974 +0000
8242,1184,875,2025-01-12 09:46:02.183 +0000
8270,1194,802,2025-01-12 11:40:23.414 +0000
8283,1201,499,2025-01-12 14:09:52.475 +0000
8290,1201,832,2025-01-12 14:13:15.046 +0000
8313,1206,878,2025-01-12 18:30:49.396 +0000
8335,1229,512,2025-01-13 12:06:46.265 +0000
8346,1232,913,2025-01-13 13:01:03.386 +0000
8360,654,240,2025-01-13 17:55:07.713 +0000
8392,213,971,2025-01-13 21:05:39.135 +0000
8394,213,1061,2025-01-13 21:05:50.320 +0000
8413,1245,512,2025-01-14 02:15:04.190 +0000
8429,1257,512,2025-01-14 20:31:57.409 +0000
8436,1257,528,2025-01-14 20:32:11.941 +0000
8452,1257,488,2025-01-14 20:34:39.649 +0000
8459,1257,440,2025-01-14 20:34:57.312 +0000
8472,1257,559,2025-01-14 20:35:55.233 +0000
8481,1257,427,2025-01-14 20:36:27.506 +0000
8809,1080,241,2025-01-19 22:08:21.592 +0000
8883,1444,388,2025-01-20 09:58:56.532 +0000
9080,1506,468,2025-01-21 18:44:00.950 +0000
6823,63,124,2024-12-31 19:22:20.843 +0000
434,23,87,2024-12-16 15:57:05.986 +0000
443,75,10,2024-12-16 15:57:05.986 +0000
448,75,56,2024-12-16 15:57:05.986 +0000
9272,1551,1412,2025-01-22 18:10:32.720 +0000
1252,213,54,2024-12-16 15:57:05.986 +0000
1267,1,37,2024-12-16 15:57:05.986 +0000
1279,1,56,2024-12-16 15:57:05.986 +0000
1282,1,80,2024-12-16 15:57:05.986 +0000
4606,598,396,2024-12-22 22:07:42.132 +0000
2145,358,88,2024-12-16 15:57:05.986 +0000
2154,361,167,2024-12-16 15:57:05.986 +0000
2230,370,277,2024-12-16 15:57:05.986 +0000
2240,372,72,2024-12-16 15:57:05.986 +0000
2246,300,149,2024-12-16 15:57:05.986 +0000
2269,362,181,2024-12-16 15:57:05.986 +0000
2286,377,56,2024-12-16 15:57:05.986 +0000
2290,377,121,2024-12-16 15:57:05.986 +0000
12121,1893,977,2025-02-05 01:30:09.645 +0000
2307,375,10,2024-12-16 15:57:05.986 +0000
2315,260,195,2024-12-16 15:57:05.986 +0000
2326,10,24,2024-12-16 15:57:05.986 +0000
2338,300,198,2024-12-16 15:57:05.986 +0000
2355,260,366,2024-12-16 15:57:05.986 +0000
2359,271,191,2024-12-16 15:57:05.986 +0000
2365,260,372,2024-12-16 15:57:05.986 +0000
2370,196,34,2024-12-16 15:57:05.986 +0000
2372,196,55,2024-12-16 15:57:05.986 +0000
9292,1558,970,2025-01-22 22:00:14.554 +0000
2979,149,359,2024-12-16 15:57:05.986 +0000
2991,424,401,2024-12-16 15:57:05.986 +0000
2993,423,413,2024-12-16 15:57:05.986 +0000
2995,423,313,2024-12-16 15:57:05.986 +0000
3000,274,10,2024-12-16 15:57:05.986 +0000
3006,274,34,2024-12-16 15:57:05.986 +0000
3008,426,24,2024-12-16 15:57:05.986 +0000
3011,426,79,2024-12-16 15:57:05.986 +0000
3024,145,56,2024-12-16 15:57:05.986 +0000
3059,213,415,2024-12-16 15:57:05.986 +0000
9302,1559,1480,2025-01-22 22:26:57.018 +0000
3067,213,417,2024-12-16 15:57:05.986 +0000
3086,254,135,2024-12-16 15:57:05.986 +0000
3088,254,143,2024-12-16 15:57:05.986 +0000
3098,254,195,2024-12-16 15:57:05.986 +0000
3107,254,238,2024-12-16 15:57:05.986 +0000
3114,213,410,2024-12-16 15:57:05.986 +0000
3126,147,50,2024-12-16 15:57:05.986 +0000
3134,147,66,2024-12-16 15:57:05.986 +0000
3165,437,233,2024-12-16 15:57:05.986 +0000
3190,271,21,2024-12-16 15:57:05.986 +0000
3212,50,228,2024-12-16 15:57:05.986 +0000
3242,443,29,2024-12-16 15:57:05.986 +0000
3263,298,113,2024-12-16 15:57:05.986 +0000
3276,447,239,2024-12-16 15:57:05.986 +0000
3280,447,243,2024-12-16 15:57:05.986 +0000
3290,447,319,2024-12-16 15:57:05.986 +0000
4015,505,297,2024-12-18 04:10:23.673 +0000
4033,507,448,2024-12-18 04:30:32.648 +0000
4060,512,54,2024-12-18 11:43:31.614 +0000
9309,1571,1369,2025-01-23 00:02:56.454 +0000
6828,63,193,2024-12-31 19:22:44.041 +0000
4110,515,418,2024-12-18 17:16:29.267 +0000
4116,448,240,2024-12-18 17:17:22.641 +0000
4127,484,121,2024-12-18 17:18:55.606 +0000
4155,522,518,2024-12-19 00:56:59.365 +0000
4160,260,517,2024-12-19 01:34:39.499 +0000
12156,2421,634,2025-02-05 08:02:04.517 +0000
4203,469,48,2024-12-19 08:31:50.924 +0000
4232,1,320,2024-12-19 15:38:35.056 +0000
4257,11,48,2024-12-19 23:50:37.399 +0000
9310,1573,48,2025-01-23 00:37:41.322 +0000
12171,487,1334,2025-02-05 09:46:41.972 +0000
4312,465,468,2024-12-20 16:13:10.119 +0000
4313,465,448,2024-12-20 16:13:17.916 +0000
4334,484,54,2024-12-20 23:56:21.305 +0000
9316,1573,1481,2025-01-23 00:38:15.456 +0000
4635,600,26,2024-12-22 23:05:55.968 +0000
4639,600,52,2024-12-22 23:06:21.363 +0000
4670,600,400,2024-12-22 23:28:03.459 +0000
4680,370,54,2024-12-22 23:52:45.796 +0000
4692,602,463,2024-12-23 00:06:04.147 +0000
4703,213,525,2024-12-23 00:55:02.640 +0000
4739,370,374,2024-12-23 01:26:14.140 +0000
4773,484,600,2024-12-23 03:29:45.307 +0000
5700,738,284,2024-12-27 21:55:03.997 +0000
6851,850,501,2024-12-31 22:31:17.876 +0000
5742,683,427,2024-12-28 02:28:03.314 +0000
5770,745,433,2024-12-28 05:01:28.767 +0000
5800,753,748,2024-12-28 12:22:51.973 +0000
9327,1573,818,2025-01-23 00:38:47.752 +0000
6864,867,399,2025-01-01 02:31:43.485 +0000
6870,867,771,2025-01-01 02:32:24.756 +0000
5849,351,354,2024-12-28 14:29:20.139 +0000
5858,760,484,2024-12-28 17:09:50.037 +0000
5907,769,396,2024-12-28 23:54:59.310 +0000
5931,654,230,2024-12-29 03:05:53.143 +0000
6001,783,405,2024-12-29 12:43:39.788 +0000
6885,867,652,2025-01-01 02:33:54.162 +0000
9336,1573,465,2025-01-23 00:40:22.962 +0000
9365,1169,1100,2025-01-23 04:54:59.754 +0000
9379,1169,561,2025-01-23 05:01:00.390 +0000
12386,2457,2161,2025-02-06 07:47:18.075 +0000
6929,542,85,2025-01-01 06:20:41.628 +0000
6949,874,437,2025-01-01 13:44:38.301 +0000
6951,874,512,2025-01-01 13:45:23.001 +0000
6984,654,239,2025-01-01 20:30:20.088 +0000
6987,460,845,2025-01-01 21:00:34.997 +0000
7004,469,217,2025-01-02 03:08:37.661 +0000
7008,783,385,2025-01-02 12:02:07.689 +0000
7022,783,429,2025-01-02 12:02:50.362 +0000
7042,881,243,2025-01-02 21:44:43.905 +0000
7053,896,448,2025-01-03 20:00:33.633 +0000
7086,903,543,2025-01-03 23:09:41.202 +0000
7092,903,427,2025-01-03 23:10:21.216 +0000
8085,1146,171,2025-01-11 02:57:32.349 +0000
8098,1150,37,2025-01-11 11:01:54.789 +0000
12413,2461,2363,2025-02-06 10:58:46.506 +0000
9382,1581,1369,2025-01-23 09:46:12.046 +0000
8153,1072,427,2025-01-11 16:26:31.450 +0000
8161,1169,415,2025-01-11 16:58:55.644 +0000
8162,1173,427,2025-01-11 18:21:58.425 +0000
9445,15,1022,2025-01-23 15:48:02.841 +0000
9446,15,1100,2025-01-23 15:48:04.251 +0000
8227,1184,166,2025-01-12 09:42:43.244 +0000
8234,1184,563,2025-01-12 09:44:42.945 +0000
8261,1194,468,2025-01-12 11:37:49.770 +0000
8268,1194,639,2025-01-12 11:38:38.133 +0000
8291,1201,31,2025-01-12 14:13:32.784 +0000
8296,1203,600,2025-01-12 15:06:45.885 +0000
8314,1206,26,2025-01-12 18:31:04.453 +0000
8321,1220,400,2025-01-13 06:59:20.464 +0000
8326,1224,802,2025-01-13 10:35:03.276 +0000
8334,1229,415,2025-01-13 12:06:24.289 +0000
9460,254,1027,2025-01-23 16:31:41.457 +0000
8377,845,1203,2025-01-13 18:13:47.997 +0000
8395,213,863,2025-01-13 21:05:53.360 +0000
8410,1244,875,2025-01-13 22:47:33.926 +0000
8416,388,967,2025-01-14 16:27:54.599 +0000
9666,15,1316,2025-01-24 22:45:45.145 +0000
8859,1440,316,2025-01-20 02:15:48.231 +0000
8865,1440,586,2025-01-20 02:16:35.011 +0000
8868,656,791,2025-01-20 06:02:28.872 +0000
8882,1444,260,2025-01-20 09:58:45.129 +0000
8917,1449,501,2025-01-20 12:46:50.842 +0000
8931,1451,794,2025-01-20 13:21:31.830 +0000
9086,1506,1032,2025-01-21 18:44:19.038 +0000
9234,361,1079,2025-01-22 13:01:16.522 +0000
9245,1546,1175,2025-01-22 14:49:00.499 +0000
9671,213,1531,2025-01-24 22:46:43.186 +0000
9705,1695,1378,2025-01-25 11:45:32.582 +0000
9710,850,1027,2025-01-25 11:51:24.361 +0000
10114,1917,913,2025-01-27 21:24:50.140 +0000
10141,388,912,2025-01-28 00:51:19.203 +0000
10199,506,1369,2025-01-28 13:03:06.963 +0000
10206,1962,512,2025-01-28 14:24:40.734 +0000
10209,1965,448,2025-01-28 15:06:55.464 +0000
10436,1977,66,2025-01-29 18:56:25.773 +0000
10952,2111,551,2025-01-31 14:09:29.911 +0000
10959,1491,417,2025-01-31 14:22:38.530 +0000
11214,978,818,2025-02-01 13:07:49.929 +0000
11228,978,1517,2025-02-01 13:09:53.730 +0000
427,66,11,2024-12-16 15:57:05.986 +0000
435,75,48,2024-12-16 15:57:05.986 +0000
468,75,85,2024-12-16 15:57:05.986 +0000
493,47,85,2024-12-16 15:57:05.986 +0000
1283,1,110,2024-12-16 15:57:05.986 +0000
1297,1,124,2024-12-16 15:57:05.986 +0000
1302,1,87,2024-12-16 15:57:05.986 +0000
1319,1,85,2024-12-16 15:57:05.986 +0000
1327,1,197,2024-12-16 15:57:05.986 +0000
1340,1,215,2024-12-16 15:57:05.986 +0000
1367,143,49,2024-12-16 15:57:05.986 +0000
2127,260,332,2024-12-16 15:57:05.986 +0000
2141,358,48,2024-12-16 15:57:05.986 +0000
4608,598,463,2024-12-22 22:07:45.983 +0000
12122,1893,2182,2025-02-05 01:30:17.453 +0000
6855,865,553,2024-12-31 23:01:48.355 +0000
2209,366,54,2024-12-16 15:57:05.986 +0000
2980,149,315,2024-12-16 15:57:05.986 +0000
4620,598,484,2024-12-22 22:08:35.472 +0000
2241,372,79,2024-12-16 15:57:05.986 +0000
2248,300,260,2024-12-16 15:57:05.986 +0000
2252,213,340,2024-12-16 15:57:05.986 +0000
2258,358,247,2024-12-16 15:57:05.986 +0000
2261,362,53,2024-12-16 15:57:05.986 +0000
2287,377,31,2024-12-16 15:57:05.986 +0000
2301,380,50,2024-12-16 15:57:05.986 +0000
2304,380,240,2024-12-16 15:57:05.986 +0000
2308,375,233,2024-12-16 15:57:05.986 +0000
2309,375,63,2024-12-16 15:57:05.986 +0000
2314,260,194,2024-12-16 15:57:05.986 +0000
2317,10,29,2024-12-16 15:57:05.986 +0000
2323,10,33,2024-12-16 15:57:05.986 +0000
2324,10,63,2024-12-16 15:57:05.986 +0000
2329,377,85,2024-12-16 15:57:05.986 +0000
2334,300,48,2024-12-16 15:57:05.986 +0000
6872,867,430,2025-01-01 02:32:41.726 +0000
2349,260,278,2024-12-16 15:57:05.986 +0000
2352,260,305,2024-12-16 15:57:05.986 +0000
2360,271,242,2024-12-16 15:57:05.986 +0000
2375,260,275,2024-12-16 15:57:05.986 +0000
2377,260,271,2024-12-16 15:57:05.986 +0000
4622,388,472,2024-12-22 22:15:09.525 +0000
2992,423,386,2024-12-16 15:57:05.986 +0000
2996,423,274,2024-12-16 15:57:05.986 +0000
2997,274,28,2024-12-16 15:57:05.986 +0000
3003,274,53,2024-12-16 15:57:05.986 +0000
3007,426,10,2024-12-16 15:57:05.986 +0000
3016,426,148,2024-12-16 15:57:05.986 +0000
3031,145,47,2024-12-16 15:57:05.986 +0000
9283,1042,845,2025-01-22 19:25:42.004 +0000
3046,260,423,2024-12-16 15:57:05.986 +0000
3051,43,201,2024-12-16 15:57:05.986 +0000
3054,43,396,2024-12-16 15:57:05.986 +0000
3070,47,243,2024-12-16 15:57:05.986 +0000
3082,254,150,2024-12-16 15:57:05.986 +0000
3090,254,181,2024-12-16 15:57:05.986 +0000
3095,254,154,2024-12-16 15:57:05.986 +0000
3101,254,234,2024-12-16 15:57:05.986 +0000
3115,213,426,2024-12-16 15:57:05.986 +0000
3128,147,48,2024-12-16 15:57:05.986 +0000
3138,147,396,2024-12-16 15:57:05.986 +0000
3139,147,298,2024-12-16 15:57:05.986 +0000
3143,147,304,2024-12-16 15:57:05.986 +0000
3148,435,380,2024-12-16 15:57:05.986 +0000
3186,271,51,2024-12-16 15:57:05.986 +0000
3192,439,213,2024-12-16 15:57:05.986 +0000
6880,867,414,2025-01-01 02:33:20.210 +0000
6883,867,470,2025-01-01 02:33:48.303 +0000
6890,867,683,2025-01-01 02:34:09.169 +0000
3207,195,413,2024-12-16 15:57:05.986 +0000
4646,600,487,2024-12-22 23:09:33.655 +0000
3217,149,144,2024-12-16 15:57:05.986 +0000
3221,149,77,2024-12-16 15:57:05.986 +0000
3226,149,271,2024-12-16 15:57:05.986 +0000
3239,443,419,2024-12-16 15:57:05.986 +0000
3249,443,50,2024-12-16 15:57:05.986 +0000
3261,298,48,2024-12-16 15:57:05.986 +0000
9294,1559,468,2025-01-22 22:21:02.564 +0000
3279,447,201,2024-12-16 15:57:05.986 +0000
3281,196,37,2024-12-16 15:57:05.986 +0000
3286,447,298,2024-12-16 15:57:05.986 +0000
3299,196,166,2024-12-16 15:57:05.986 +0000
3306,196,396,2024-12-16 15:57:05.986 +0000
3312,196,427,2024-12-16 15:57:05.986 +0000
3315,448,386,2024-12-16 15:57:05.986 +0000
4016,505,484,2024-12-18 04:10:26.961 +0000
4017,505,487,2024-12-18 04:10:31.785 +0000
4020,505,1,2024-12-18 04:10:45.472 +0000
4024,505,475,2024-12-18 04:10:57.467 +0000
4027,505,400,2024-12-18 04:11:00.533 +0000
4030,505,477,2024-12-18 04:11:02.633 +0000
4034,507,463,2024-12-18 04:30:58.614 +0000
4048,509,56,2024-12-18 09:45:55.374 +0000
4049,509,192,2024-12-18 09:45:59.714 +0000
4062,512,135,2024-12-18 11:43:53.508 +0000
4068,512,144,2024-12-18 11:44:22.392 +0000
4085,515,144,2024-12-18 17:00:01.899 +0000
4091,515,191,2024-12-18 17:00:58.816 +0000
4097,515,427,2024-12-18 17:03:45.653 +0000
12126,1893,902,2025-02-05 01:31:02.921 +0000
4117,448,316,2024-12-18 17:17:27.069 +0000
4166,505,380,2024-12-19 01:58:58.190 +0000
4173,505,429,2024-12-19 01:59:13.214 +0000
4258,11,50,2024-12-19 23:50:42.601 +0000
4263,11,260,2024-12-19 23:51:15.229 +0000
9301,1559,1486,2025-01-22 22:26:34.969 +0000
4309,538,448,2024-12-20 15:40:10.628 +0000
4319,548,31,2024-12-20 17:18:43.220 +0000
4354,553,465,2024-12-21 01:50:38.668 +0000
12155,2315,1893,2025-02-05 06:35:52.318 +0000
12176,1981,1467,2025-02-05 10:15:38.151 +0000
4389,564,418,2024-12-21 16:43:36.444 +0000
6896,867,484,2025-01-01 02:34:48.290 +0000
4730,543,213,2024-12-23 01:06:13.538 +0000
12191,2423,2063,2025-02-05 11:46:49.845 +0000
12241,1365,2205,2025-02-05 17:11:29.080 +0000
12251,2435,1327,2025-02-05 17:36:36.874 +0000
6900,867,347,2025-01-01 02:35:28.039 +0000
5701,738,470,2024-12-27 21:55:08.954 +0000
6906,868,385,2025-01-01 03:02:38.536 +0000
5735,683,600,2024-12-28 02:27:43.793 +0000
5763,745,655,2024-12-28 04:55:31.293 +0000
6915,868,396,2025-01-01 03:05:02.242 +0000
6931,542,448,2025-01-01 06:20:45.834 +0000
6970,881,135,2025-01-01 14:45:20.050 +0000
5887,767,501,2024-12-28 23:08:23.252 +0000
5900,767,448,2024-12-28 23:08:53.184 +0000
5925,738,408,2024-12-29 02:55:13.388 +0000
5934,654,315,2024-12-29 03:05:57.450 +0000
5969,783,639,2024-12-29 10:59:24.205 +0000
12273,2436,553,2025-02-05 17:58:47.271 +0000
6092,794,181,2024-12-29 15:43:39.355 +0000
6104,794,156,2024-12-29 15:43:54.490 +0000
6125,794,396,2024-12-29 15:44:22.830 +0000
6134,794,195,2024-12-29 15:44:37.249 +0000
6975,883,771,2025-01-01 16:28:10.794 +0000
6982,654,180,2025-01-01 20:30:16.060 +0000
7015,783,699,2025-01-02 12:02:32.660 +0000
7023,783,505,2025-01-02 12:02:51.718 +0000
7058,896,463,2025-01-03 20:03:16.741 +0000
8086,1146,217,2025-01-11 02:57:33.894 +0000
8093,1150,55,2025-01-11 10:59:35.915 +0000
8114,1150,207,2025-01-11 11:05:06.628 +0000
8121,1150,298,2025-01-11 11:05:55.600 +0000
8168,1174,196,2025-01-11 19:28:08.382 +0000
8180,1174,550,2025-01-11 19:32:10.506 +0000
8183,1174,707,2025-01-11 19:34:27.222 +0000
8199,1180,54,2025-01-11 22:42:06.007 +0000
8225,1184,144,2025-01-12 09:42:40.757 +0000
8243,1184,1115,2025-01-12 09:46:04.140 +0000
8258,1194,374,2025-01-12 11:37:41.633 +0000
8293,1203,771,2025-01-12 15:06:01.500 +0000
8297,1203,802,2025-01-12 15:06:50.548 +0000
8327,1224,845,2025-01-13 10:35:04.598 +0000
8348,1232,940,2025-01-13 13:01:12.320 +0000
8375,845,489,2025-01-13 18:13:42.757 +0000
8385,1244,1115,2025-01-13 21:02:43.620 +0000
8434,1257,477,2025-01-14 20:32:05.940 +0000
8438,1257,1180,2025-01-14 20:33:03.244 +0000
8441,1257,572,2025-01-14 20:33:18.621 +0000
8455,1257,195,2025-01-14 20:34:44.445 +0000
8466,1257,390,2025-01-14 20:35:12.200 +0000
8915,1449,385,2025-01-20 12:45:17.720 +0000
9092,1506,1381,2025-01-21 18:44:43.898 +0000
9235,361,1025,2025-01-22 13:01:18.206 +0000
429,50,64,2024-12-16 15:57:05.986 +0000
449,75,80,2024-12-16 15:57:05.986 +0000
1284,1,48,2024-12-16 15:57:05.986 +0000
1294,1,77,2024-12-16 15:57:05.986 +0000
1301,1,68,2024-12-16 15:57:05.986 +0000
1307,1,151,2024-12-16 15:57:05.986 +0000
1326,1,154,2024-12-16 15:57:05.986 +0000
1334,1,194,2024-12-16 15:57:05.986 +0000
1347,213,77,2024-12-16 15:57:05.986 +0000
1356,260,53,2024-12-16 15:57:05.986 +0000
1361,213,146,2024-12-16 15:57:05.986 +0000
2128,260,334,2024-12-16 15:57:05.986 +0000
2143,358,47,2024-12-16 15:57:05.986 +0000
2161,361,217,2024-12-16 15:57:05.986 +0000
2175,362,191,2024-12-16 15:57:05.986 +0000
12123,1893,802,2025-02-05 01:30:24.608 +0000
2212,366,88,2024-12-16 15:57:05.986 +0000
2249,213,334,2024-12-16 15:57:05.986 +0000
2256,373,245,2024-12-16 15:57:05.986 +0000
2264,362,87,2024-12-16 15:57:05.986 +0000
2292,377,126,2024-12-16 15:57:05.986 +0000
2295,354,157,2024-12-16 15:57:05.986 +0000
2310,375,135,2024-12-16 15:57:05.986 +0000
6912,868,413,2025-01-01 03:04:46.106 +0000
2316,260,215,2024-12-16 15:57:05.986 +0000
2318,10,34,2024-12-16 15:57:05.986 +0000
2321,10,49,2024-12-16 15:57:05.986 +0000
2325,10,21,2024-12-16 15:57:05.986 +0000
2332,300,50,2024-12-16 15:57:05.986 +0000
2336,300,47,2024-12-16 15:57:05.986 +0000
9276,1552,400,2025-01-22 18:13:12.017 +0000
2357,271,243,2024-12-16 15:57:05.986 +0000
2981,149,314,2024-12-16 15:57:05.986 +0000
12240,1365,2213,2025-02-05 17:11:27.486 +0000
2999,274,57,2024-12-16 15:57:05.986 +0000
3013,426,151,2024-12-16 15:57:05.986 +0000
3019,423,54,2024-12-16 15:57:05.986 +0000
3033,428,417,2024-12-16 15:57:05.986 +0000
3036,429,32,2024-12-16 15:57:05.986 +0000
3049,43,34,2024-12-16 15:57:05.986 +0000
3056,43,297,2024-12-16 15:57:05.986 +0000
3057,213,405,2024-12-16 15:57:05.986 +0000
3062,213,413,2024-12-16 15:57:05.986 +0000
4609,598,459,2024-12-22 22:07:53.145 +0000
3105,254,228,2024-12-16 15:57:05.986 +0000
3116,213,411,2024-12-16 15:57:05.986 +0000
3119,213,427,2024-12-16 15:57:05.986 +0000
3133,147,70,2024-12-16 15:57:05.986 +0000
3136,147,386,2024-12-16 15:57:05.986 +0000
4624,388,550,2024-12-22 22:15:42.744 +0000
3162,213,370,2024-12-16 15:57:05.986 +0000
3167,429,198,2024-12-16 15:57:05.986 +0000
3168,429,397,2024-12-16 15:57:05.986 +0000
3169,429,359,2024-12-16 15:57:05.986 +0000
3171,370,166,2024-12-16 15:57:05.986 +0000
3180,260,433,2024-12-16 15:57:05.986 +0000
3187,271,144,2024-12-16 15:57:05.986 +0000
3191,439,1,2024-12-16 15:57:05.986 +0000
3205,195,386,2024-12-16 15:57:05.986 +0000
3210,50,240,2024-12-16 15:57:05.986 +0000
3216,50,238,2024-12-16 15:57:05.986 +0000
3220,149,181,2024-12-16 15:57:05.986 +0000
3222,149,386,2024-12-16 15:57:05.986 +0000
3227,213,440,2024-12-16 15:57:05.986 +0000
3230,442,421,2024-12-16 15:57:05.986 +0000
3233,442,417,2024-12-16 15:57:05.986 +0000
3241,443,427,2024-12-16 15:57:05.986 +0000
3248,443,54,2024-12-16 15:57:05.986 +0000
3265,321,53,2024-12-16 15:57:05.986 +0000
3282,196,54,2024-12-16 15:57:05.986 +0000
3292,447,377,2024-12-16 15:57:05.986 +0000
3297,196,217,2024-12-16 15:57:05.986 +0000
3307,196,192,2024-12-16 15:57:05.986 +0000
3310,196,444,2024-12-16 15:57:05.986 +0000
4018,505,424,2024-12-18 04:10:38.561 +0000
4046,509,48,2024-12-18 09:45:43.609 +0000
4057,511,386,2024-12-18 10:07:09.069 +0000
6927,542,144,2025-01-01 06:20:12.573 +0000
4092,515,458,2024-12-18 17:01:08.885 +0000
4100,515,274,2024-12-18 17:07:02.215 +0000
4111,448,506,2024-12-18 17:16:31.869 +0000
4115,448,488,2024-12-18 17:17:09.425 +0000
4118,448,512,2024-12-18 17:17:28.678 +0000
4125,515,347,2024-12-18 17:18:16.721 +0000
4134,517,309,2024-12-18 17:37:42.703 +0000
4140,520,181,2024-12-18 19:09:34.019 +0000
4141,520,151,2024-12-18 19:09:42.205 +0000
4176,505,408,2024-12-19 01:59:23.546 +0000
4183,264,57,2024-12-19 02:36:12.643 +0000
6936,656,600,2025-01-01 10:45:38.230 +0000
4214,528,500,2024-12-19 09:25:57.894 +0000
4219,528,260,2024-12-19 09:26:24.180 +0000
4223,528,429,2024-12-19 09:26:45.636 +0000
4647,600,476,2024-12-22 23:09:40.714 +0000
4226,522,415,2024-12-19 14:11:39.092 +0000
4235,515,87,2024-12-19 17:41:37.179 +0000
4236,515,448,2024-12-19 17:42:16.077 +0000
4241,522,465,2024-12-19 18:40:57.058 +0000
4249,528,410,2024-12-19 21:27:34.089 +0000
4252,11,271,2024-12-19 23:40:21.330 +0000
4265,11,468,2024-12-19 23:51:46.847 +0000
4270,543,415,2024-12-20 00:24:27.208 +0000
4272,543,386,2024-12-20 00:25:43.980 +0000
4276,260,382,2024-12-20 01:06:56.214 +0000
4311,465,213,2024-12-20 16:12:59.808 +0000
4342,551,421,2024-12-21 00:08:34.690 +0000
4348,552,181,2024-12-21 01:22:58.212 +0000
4671,600,300,2024-12-22 23:28:58.158 +0000
4688,602,415,2024-12-23 00:04:59.068 +0000
4701,213,571,2024-12-23 00:54:45.163 +0000
4714,213,497,2024-12-23 00:57:14.199 +0000
4718,213,501,2024-12-23 00:57:57.713 +0000
9342,443,135,2025-01-23 02:25:50.896 +0000
9363,1169,940,2025-01-23 04:54:24.898 +0000
9406,370,245,2025-01-23 13:02:11.526 +0000
9413,1586,1058,2025-01-23 13:08:06.579 +0000
5703,738,1,2024-12-27 21:55:13.125 +0000
5736,683,484,2024-12-28 02:27:45.926 +0000
5749,745,415,2024-12-28 04:40:26.350 +0000
5751,745,572,2024-12-28 04:43:13.806 +0000
5759,745,347,2024-12-28 04:48:38.225 +0000
5776,746,639,2024-12-28 05:31:45.316 +0000
6948,874,385,2025-01-01 13:44:00.523 +0000
6960,881,54,2025-01-01 14:42:17.814 +0000
9422,1589,260,2025-01-23 14:52:19.841 +0000
5854,757,388,2024-12-28 16:24:24.781 +0000
5889,767,652,2024-12-28 23:08:42.390 +0000
5904,769,639,2024-12-28 23:53:48.998 +0000
5919,770,110,2024-12-29 01:50:06.469 +0000
5937,370,76,2024-12-29 03:07:39.379 +0000
5945,370,458,2024-12-29 03:14:27.335 +0000
5949,370,56,2024-12-29 03:15:33.757 +0000
5952,370,242,2024-12-29 03:16:56.921 +0000
5956,770,185,2024-12-29 10:56:38.330 +0000
9457,254,832,2025-01-23 16:31:11.498 +0000
9484,1603,468,2025-01-23 18:44:35.045 +0000
9485,1603,912,2025-01-23 18:45:17.156 +0000
6098,794,200,2024-12-29 15:43:49.610 +0000
6135,794,243,2024-12-29 15:44:38.129 +0000
6983,654,385,2025-01-01 20:30:17.891 +0000
6992,794,525,2025-01-01 21:07:36.180 +0000
7013,783,683,2025-01-02 12:02:27.402 +0000
7021,783,435,2025-01-02 12:02:48.585 +0000
8087,1146,205,2025-01-11 02:57:54.287 +0000
12347,2236,2233,2025-02-05 21:25:01.289 +0000
8101,1150,113,2025-01-11 11:02:25.724 +0000
8139,1146,600,2025-01-11 14:44:06.834 +0000
8178,1174,560,2025-01-11 19:31:34.804 +0000
12353,2236,2442,2025-02-05 21:25:22.121 +0000
8252,1194,217,2025-01-12 11:37:10.593 +0000
8279,1184,791,2025-01-12 12:41:49.549 +0000
8281,1201,666,2025-01-12 14:09:05.130 +0000
8285,1201,623,2025-01-12 14:10:41.289 +0000
8311,1204,166,2025-01-12 16:29:53.026 +0000
8343,1232,473,2025-01-13 12:58:26.288 +0000
8412,1244,1063,2025-01-13 22:47:56.608 +0000
8419,1253,559,2025-01-14 18:56:12.469 +0000
8428,1257,500,2025-01-14 20:31:56.340 +0000
8462,1257,525,2025-01-14 20:35:04.045 +0000
8482,1257,485,2025-01-14 20:36:30.016 +0000
9236,361,1369,2025-01-22 13:01:32.808 +0000
12127,1893,1412,2025-02-05 01:31:19.061 +0000
431,47,52,2024-12-16 15:57:05.986 +0000
454,15,52,2024-12-16 15:57:05.986 +0000
457,15,49,2024-12-16 15:57:05.986 +0000
465,75,77,2024-12-16 15:57:05.986 +0000
483,95,23,2024-12-16 15:57:05.986 +0000
1285,1,63,2024-12-16 15:57:05.986 +0000
1289,1,121,2024-12-16 15:57:05.986 +0000
7076,899,113,2025-01-03 21:11:53.861 +0000
1298,1,79,2024-12-16 15:57:05.986 +0000
1303,1,144,2024-12-16 15:57:05.986 +0000
1305,1,126,2024-12-16 15:57:05.986 +0000
4611,598,475,2024-12-22 22:07:56.901 +0000
1310,1,150,2024-12-16 15:57:05.986 +0000
1313,1,185,2024-12-16 15:57:05.986 +0000
1321,1,64,2024-12-16 15:57:05.986 +0000
1331,1,192,2024-12-16 15:57:05.986 +0000
1338,1,195,2024-12-16 15:57:05.986 +0000
1344,213,56,2024-12-16 15:57:05.986 +0000
1348,213,70,2024-12-16 15:57:05.986 +0000
1349,213,84,2024-12-16 15:57:05.986 +0000
2982,149,281,2024-12-16 15:57:05.986 +0000
2129,260,335,2024-12-16 15:57:05.986 +0000
2133,260,347,2024-12-16 15:57:05.986 +0000
2144,358,121,2024-12-16 15:57:05.986 +0000
12136,1893,2315,2025-02-05 01:35:11.079 +0000
2153,361,135,2024-12-16 15:57:05.986 +0000
4642,600,217,2024-12-22 23:07:14.169 +0000
7079,903,385,2025-01-03 23:08:28.658 +0000
2180,362,309,2024-12-16 15:57:05.986 +0000
2184,213,339,2024-12-16 15:57:05.986 +0000
2194,364,85,2024-12-16 15:57:05.986 +0000
2195,213,336,2024-12-16 15:57:05.986 +0000
2223,368,233,2024-12-16 15:57:05.986 +0000
2244,372,63,2024-12-16 15:57:05.986 +0000
2254,373,144,2024-12-16 15:57:05.986 +0000
2267,362,135,2024-12-16 15:57:05.986 +0000
12173,1981,1468,2025-02-05 10:14:36.249 +0000
2280,377,34,2024-12-16 15:57:05.986 +0000
2289,378,27,2024-12-16 15:57:05.986 +0000
2291,377,87,2024-12-16 15:57:05.986 +0000
2294,354,11,2024-12-16 15:57:05.986 +0000
2305,380,274,2024-12-16 15:57:05.986 +0000
2306,380,370,2024-12-16 15:57:05.986 +0000
2311,375,85,2024-12-16 15:57:05.986 +0000
2313,339,21,2024-12-16 15:57:05.986 +0000
2319,10,37,2024-12-16 15:57:05.986 +0000
2327,377,113,2024-12-16 15:57:05.986 +0000
2333,300,32,2024-12-16 15:57:05.986 +0000
12186,1981,1369,2025-02-05 10:17:55.272 +0000
2339,300,147,2024-12-16 15:57:05.986 +0000
2348,260,248,2024-12-16 15:57:05.986 +0000
2356,260,381,2024-12-16 15:57:05.986 +0000
2371,196,56,2024-12-16 15:57:05.986 +0000
2376,260,304,2024-12-16 15:57:05.986 +0000
2986,149,280,2024-12-16 15:57:05.986 +0000
2987,149,320,2024-12-16 15:57:05.986 +0000
2989,149,274,2024-12-16 15:57:05.986 +0000
2998,274,26,2024-12-16 15:57:05.986 +0000
3012,426,126,2024-12-16 15:57:05.986 +0000
3020,423,230,2024-12-16 15:57:05.986 +0000
3022,145,37,2024-12-16 15:57:05.986 +0000
3026,145,54,2024-12-16 15:57:05.986 +0000
3032,353,54,2024-12-16 15:57:05.986 +0000
3041,429,234,2024-12-16 15:57:05.986 +0000
3050,43,239,2024-12-16 15:57:05.986 +0000
3053,43,413,2024-12-16 15:57:05.986 +0000
3066,213,414,2024-12-16 15:57:05.986 +0000
3073,411,417,2024-12-16 15:57:05.986 +0000
3092,50,396,2024-12-16 15:57:05.986 +0000
3097,254,215,2024-12-16 15:57:05.986 +0000
3104,254,203,2024-12-16 15:57:05.986 +0000
3112,213,419,2024-12-16 15:57:05.986 +0000
3118,213,392,2024-12-16 15:57:05.986 +0000
3120,419,205,2024-12-16 15:57:05.986 +0000
3122,331,54,2024-12-16 15:57:05.986 +0000
3131,147,157,2024-12-16 15:57:05.986 +0000
3135,147,64,2024-12-16 15:57:05.986 +0000
3141,147,384,2024-12-16 15:57:05.986 +0000
3144,147,370,2024-12-16 15:57:05.986 +0000
12204,447,1350,2025-02-05 13:09:37.685 +0000
3150,70,56,2024-12-16 15:57:05.986 +0000
4650,600,297,2024-12-22 23:09:54.652 +0000
3160,213,391,2024-12-16 15:57:05.986 +0000
3173,429,272,2024-12-16 15:57:05.986 +0000
3177,260,376,2024-12-16 15:57:05.986 +0000
12206,447,637,2025-02-05 13:10:41.644 +0000
7085,903,525,2025-01-03 23:09:39.676 +0000
12235,1365,2204,2025-02-05 17:11:13.318 +0000
3214,50,399,2024-12-16 15:57:05.986 +0000
12238,1365,2149,2025-02-05 17:11:21.414 +0000
3238,443,413,2024-12-16 15:57:05.986 +0000
3247,443,55,2024-12-16 15:57:05.986 +0000
3250,443,48,2024-12-16 15:57:05.986 +0000
3256,347,126,2024-12-16 15:57:05.986 +0000
3260,195,399,2024-12-16 15:57:05.986 +0000
3277,447,423,2024-12-16 15:57:05.986 +0000
3287,447,417,2024-12-16 15:57:05.986 +0000
3294,447,419,2024-12-16 15:57:05.986 +0000
3298,196,239,2024-12-16 15:57:05.986 +0000
3317,448,423,2024-12-16 15:57:05.986 +0000
3319,447,379,2024-12-16 15:57:05.986 +0000
4021,505,476,2024-12-18 04:10:51.119 +0000
4040,509,415,2024-12-18 09:40:57.064 +0000
4089,515,465,2024-12-18 17:00:39.609 +0000
4119,448,458,2024-12-18 17:17:30.512 +0000
4157,260,516,2024-12-19 01:34:35.599 +0000
4662,600,336,2024-12-22 23:27:17.607 +0000
4679,370,37,2024-12-22 23:50:58.401 +0000
4706,213,516,2024-12-23 00:55:36.527 +0000
4207,469,50,2024-12-19 08:31:55.794 +0000
4227,522,423,2024-12-19 14:11:56.253 +0000
4720,213,518,2024-12-23 00:58:13.701 +0000
4253,11,8,2024-12-19 23:50:14.880 +0000
4256,11,15,2024-12-19 23:50:34.360 +0000
4259,11,47,2024-12-19 23:50:45.576 +0000
4268,543,448,2024-12-20 00:23:35.317 +0000
4271,543,413,2024-12-20 00:24:57.992 +0000
4286,271,476,2024-12-20 03:23:47.823 +0000
4725,213,486,2024-12-23 00:58:18.164 +0000
4306,538,512,2024-12-20 15:38:37.531 +0000
4737,603,501,2024-12-23 01:23:30.926 +0000
4325,550,484,2024-12-20 21:18:50.670 +0000
8106,1150,149,2025-01-11 11:02:56.276 +0000
4341,551,119,2024-12-21 00:07:33.119 +0000
4343,551,50,2024-12-21 00:15:27.184 +0000
4349,552,29,2024-12-21 01:23:11.375 +0000
4360,347,217,2024-12-21 14:10:35.857 +0000
12269,1330,1454,2025-02-05 17:51:51.651 +0000
4774,484,85,2024-12-23 03:30:16.898 +0000
5704,735,146,2024-12-27 22:01:25.620 +0000
5719,741,171,2024-12-27 23:52:59.902 +0000
5734,683,413,2024-12-28 02:27:41.365 +0000
5750,745,385,2024-12-28 04:41:41.258 +0000
5753,745,518,2024-12-28 04:44:18.664 +0000
5762,745,525,2024-12-28 04:53:46.719 +0000
8113,1150,200,2025-01-11 11:04:47.086 +0000
8117,1150,201,2025-01-11 11:05:27.518 +0000
5871,763,500,2024-12-28 21:15:30.856 +0000
5938,370,124,2024-12-29 03:09:39.118 +0000
5944,370,771,2024-12-29 03:13:34.840 +0000
8124,1150,95,2025-01-11 11:06:22.758 +0000
6133,794,651,2024-12-29 15:44:35.869 +0000
8133,1146,453,2025-01-11 14:43:33.332 +0000
8136,1146,274,2025-01-11 14:43:42.398 +0000
8174,1174,771,2025-01-11 19:31:03.758 +0000
8184,1174,780,2025-01-11 19:34:29.531 +0000
8203,1180,87,2025-01-11 22:43:06.355 +0000
8218,1183,405,2025-01-12 09:26:09.133 +0000
8236,1184,745,2025-01-12 09:44:56.371 +0000
8239,1184,1022,2025-01-12 09:45:46.224 +0000
8277,1194,929,2025-01-12 11:40:41.351 +0000
8298,1203,845,2025-01-12 15:06:52.572 +0000
8337,1229,818,2025-01-13 12:07:18.936 +0000
8340,1229,1027,2025-01-13 12:08:07.849 +0000
8374,845,1194,2025-01-13 18:13:34.052 +0000
8376,845,1224,2025-01-13 18:13:45.158 +0000
8379,845,1141,2025-01-13 18:13:54.485 +0000
8380,845,1129,2025-01-13 18:13:57.777 +0000
8396,213,838,2025-01-13 21:05:56.033 +0000
8414,1245,600,2025-01-14 02:15:48.269 +0000
8443,1257,735,2025-01-14 20:33:21.386 +0000
8468,1257,522,2025-01-14 20:35:15.085 +0000
8469,1257,550,2025-01-14 20:35:50.076 +0000
8476,1257,446,2025-01-14 20:36:16.604 +0000
8815,1428,500,2025-01-19 22:14:04.824 +0000
8864,1440,572,2025-01-20 02:16:28.824 +0000
8884,1444,554,2025-01-20 09:59:12.370 +0000
432,8,87,2024-12-16 15:57:05.986 +0000
469,75,79,2024-12-16 15:57:05.986 +0000
1286,1,72,2024-12-16 15:57:05.986 +0000
478,66,24,2024-12-16 15:57:05.986 +0000
487,95,1,2024-12-16 15:57:05.986 +0000
489,85,37,2024-12-16 15:57:05.986 +0000
1291,1,135,2024-12-16 15:57:05.986 +0000
1299,1,88,2024-12-16 15:57:05.986 +0000
1318,1,143,2024-12-16 15:57:05.986 +0000
1323,1,196,2024-12-16 15:57:05.986 +0000
1341,1,210,2024-12-16 15:57:05.986 +0000
1345,213,24,2024-12-16 15:57:05.986 +0000
1354,259,34,2024-12-16 15:57:05.986 +0000
2130,260,340,2024-12-16 15:57:05.986 +0000
2155,361,281,2024-12-16 15:57:05.986 +0000
2169,362,166,2024-12-16 15:57:05.986 +0000
2176,362,234,2024-12-16 15:57:05.986 +0000
2202,339,47,2024-12-16 15:57:05.986 +0000
2211,366,47,2024-12-16 15:57:05.986 +0000
2225,370,144,2024-12-16 15:57:05.986 +0000
2236,339,304,2024-12-16 15:57:05.986 +0000
2239,372,118,2024-12-16 15:57:05.986 +0000
9279,1553,845,2025-01-22 18:19:10.132 +0000
2255,373,243,2024-12-16 15:57:05.986 +0000
2275,375,23,2024-12-16 15:57:05.986 +0000
2283,377,196,2024-12-16 15:57:05.986 +0000
2320,10,28,2024-12-16 15:57:05.986 +0000
2322,10,31,2024-12-16 15:57:05.986 +0000
9296,1559,1025,2025-01-22 22:24:09.619 +0000
9304,1559,1364,2025-01-22 22:27:22.996 +0000
2347,260,238,2024-12-16 15:57:05.986 +0000
2381,260,321,2024-12-16 15:57:05.986 +0000
2983,149,309,2024-12-16 15:57:05.986 +0000
3002,274,49,2024-12-16 15:57:05.986 +0000
3010,426,67,2024-12-16 15:57:05.986 +0000
3027,145,33,2024-12-16 15:57:05.986 +0000
9317,1573,1320,2025-01-23 00:38:16.328 +0000
3043,429,51,2024-12-16 15:57:05.986 +0000
3045,429,281,2024-12-16 15:57:05.986 +0000
3047,260,426,2024-12-16 15:57:05.986 +0000
3052,43,386,2024-12-16 15:57:05.986 +0000
3060,213,421,2024-12-16 15:57:05.986 +0000
3064,213,423,2024-12-16 15:57:05.986 +0000
3077,254,67,2024-12-16 15:57:05.986 +0000
3079,254,87,2024-12-16 15:57:05.986 +0000
3084,254,113,2024-12-16 15:57:05.986 +0000
9333,1573,1022,2025-01-23 00:40:18.376 +0000
3103,254,192,2024-12-16 15:57:05.986 +0000
3110,254,95,2024-12-16 15:57:05.986 +0000
3127,147,24,2024-12-16 15:57:05.986 +0000
3130,147,126,2024-12-16 15:57:05.986 +0000
3163,213,351,2024-12-16 15:57:05.986 +0000
3176,260,359,2024-12-16 15:57:05.986 +0000
3179,260,437,2024-12-16 15:57:05.986 +0000
9349,443,1027,2025-01-23 02:25:59.945 +0000
9367,1169,1027,2025-01-23 04:55:45.313 +0000
7039,843,144,2025-01-02 21:38:36.212 +0000
3206,195,437,2024-12-16 15:57:05.986 +0000
3211,50,203,2024-12-16 15:57:05.986 +0000
3224,149,166,2024-12-16 15:57:05.986 +0000
3228,213,439,2024-12-16 15:57:05.986 +0000
9383,1581,1450,2025-01-23 09:46:34.025 +0000
3236,442,398,2024-12-16 15:57:05.986 +0000
3243,443,34,2024-12-16 15:57:05.986 +0000
3251,443,32,2024-12-16 15:57:05.986 +0000
3258,195,396,2024-12-16 15:57:05.986 +0000
9393,1104,1581,2025-01-23 09:54:38.367 +0000
3266,321,227,2024-12-16 15:57:05.986 +0000
3270,447,27,2024-12-16 15:57:05.986 +0000
3274,447,430,2024-12-16 15:57:05.986 +0000
3278,447,191,2024-12-16 15:57:05.986 +0000
3283,196,50,2024-12-16 15:57:05.986 +0000
3293,447,378,2024-12-16 15:57:05.986 +0000
3296,196,194,2024-12-16 15:57:05.986 +0000
3300,196,154,2024-12-16 15:57:05.986 +0000
3305,196,201,2024-12-16 15:57:05.986 +0000
3316,448,413,2024-12-16 15:57:05.986 +0000
3318,447,384,2024-12-16 15:57:05.986 +0000
4022,505,315,2024-12-18 04:10:52.589 +0000
4063,512,85,2024-12-18 11:43:58.388 +0000
4099,515,436,2024-12-18 17:05:19.317 +0000
4103,515,316,2024-12-18 17:14:24.272 +0000
4149,520,63,2024-12-18 19:10:20.933 +0000
4174,505,374,2024-12-19 01:59:14.448 +0000
4185,264,55,2024-12-19 02:36:15.675 +0000
4612,598,512,2024-12-22 22:07:59.763 +0000
4644,592,507,2024-12-22 23:08:03.121 +0000
4206,469,37,2024-12-19 08:31:54.592 +0000
4212,469,55,2024-12-19 08:32:04.103 +0000
4245,293,309,2024-12-19 20:21:34.927 +0000
4269,543,469,2024-12-20 00:23:57.120 +0000
4694,370,156,2024-12-23 00:15:15.191 +0000
4707,213,519,2024-12-23 00:55:38.356 +0000
4320,47,448,2024-12-20 19:16:05.433 +0000
4329,484,448,2024-12-20 23:09:38.958 +0000
4390,564,463,2024-12-21 16:43:37.965 +0000
9398,447,1080,2025-01-23 11:58:33.304 +0000
7075,899,126,2025-01-03 21:11:25.396 +0000
9417,1586,1546,2025-01-23 13:32:05.397 +0000
5707,735,681,2024-12-27 22:04:23.173 +0000
5720,741,217,2024-12-27 23:54:33.924 +0000
5738,683,380,2024-12-28 02:27:50.615 +0000
5760,745,488,2024-12-28 04:52:10.690 +0000
5777,746,396,2024-12-28 05:32:46.332 +0000
7096,903,639,2025-01-03 23:10:28.331 +0000
9418,969,383,2025-01-23 13:38:48.802 +0000
8092,1150,30,2025-01-11 10:59:21.062 +0000
5903,769,501,2024-12-28 23:51:13.186 +0000
5918,770,54,2024-12-29 01:49:26.439 +0000
5939,370,29,2024-12-29 03:09:42.001 +0000
5950,370,33,2024-12-29 03:15:38.341 +0000
5981,785,572,2024-12-29 12:06:48.350 +0000
5992,785,518,2024-12-29 12:11:00.997 +0000
9702,1685,1486,2025-01-25 06:57:58.668 +0000
9737,761,970,2025-01-25 13:04:46.538 +0000
12145,383,969,2025-02-05 02:05:36.606 +0000
6106,794,239,2024-12-29 15:43:56.399 +0000
6128,794,414,2024-12-29 15:44:25.130 +0000
6139,794,242,2024-12-29 15:44:41.827 +0000
8123,1150,241,2025-01-11 11:06:12.078 +0000
8148,1146,1144,2025-01-11 14:44:54.998 +0000
8163,1173,1010,2025-01-11 18:23:22.414 +0000
8170,1174,396,2025-01-11 19:28:59.957 +0000
8177,1174,561,2025-01-11 19:31:30.614 +0000
8181,1174,400,2025-01-11 19:33:03.716 +0000
8196,1179,488,2025-01-11 22:26:41.167 +0000
8219,1183,388,2025-01-12 09:26:17.062 +0000
8232,1184,484,2025-01-12 09:44:31.314 +0000
8253,1194,205,2025-01-12 11:37:12.042 +0000
8278,1194,1115,2025-01-12 11:40:42.863 +0000
10150,388,1248,2025-01-28 00:51:58.894 +0000
8323,1224,463,2025-01-13 10:34:42.690 +0000
8333,808,740,2025-01-13 10:50:22.089 +0000
8357,654,413,2025-01-13 17:54:55.284 +0000
10153,1934,927,2025-01-28 01:36:13.551 +0000
8389,213,1033,2025-01-13 21:05:29.623 +0000
8403,1244,272,2025-01-13 22:42:51.449 +0000
8420,1253,720,2025-01-14 18:58:27.463 +0000
10172,1949,1079,2025-01-28 10:22:14.741 +0000
8427,1257,388,2025-01-14 20:31:49.460 +0000
8440,1257,717,2025-01-14 20:33:16.019 +0000
8463,1257,521,2025-01-14 20:35:06.069 +0000
8467,1257,495,2025-01-14 20:35:13.860 +0000
10211,1972,47,2025-01-28 17:30:01.817 +0000
8818,1428,639,2025-01-19 22:14:13.816 +0000
8867,1442,882,2025-01-20 02:52:34.912 +0000
8941,149,1058,2025-01-20 15:23:33.814 +0000
9238,1083,1163,2025-01-22 13:01:44.106 +0000
9239,1083,1080,2025-01-22 13:02:07.447 +0000
10283,1992,1468,2025-01-28 23:20:56.903 +0000
10286,1992,1025,2025-01-28 23:23:11.546 +0000
10294,1992,1974,2025-01-28 23:27:32.189 +0000
10336,838,1083,2025-01-29 13:02:39.845 +0000
10350,1365,1130,2025-01-29 13:11:56.052 +0000
10470,1178,463,2025-01-29 21:13:28.762 +0000
10480,370,1381,2025-01-29 21:15:37.340 +0000
10494,1977,1,2025-01-29 21:21:39.674 +0000
10529,12,1595,2025-01-29 22:39:32.427 +0000
10548,2032,1319,2025-01-30 02:36:25.730 +0000
10569,1918,1449,2025-01-30 03:05:08.952 +0000
10575,1918,1640,2025-01-30 03:05:27.493 +0000
10590,1798,1223,2025-01-30 05:12:47.459 +0000
10725,2020,1057,2025-01-30 20:00:16.755 +0000
10733,2067,1541,2025-01-30 20:13:57.477 +0000
10742,2067,791,2025-01-30 20:17:11.397 +0000
10746,2067,1079,2025-01-30 20:17:46.565 +0000
437,75,52,2024-12-16 15:57:05.986 +0000
442,75,47,2024-12-16 15:57:05.986 +0000
461,15,63,2024-12-16 15:57:05.986 +0000
466,75,70,2024-12-16 15:57:05.986 +0000
1287,1,2,2024-12-16 15:57:05.986 +0000
1304,1,146,2024-12-16 15:57:05.986 +0000
1317,1,166,2024-12-16 15:57:05.986 +0000
4613,598,413,2024-12-22 22:08:01.005 +0000
1339,1,217,2024-12-16 15:57:05.986 +0000
1346,213,121,2024-12-16 15:57:05.986 +0000
1358,260,10,2024-12-16 15:57:05.986 +0000
1363,259,57,2024-12-16 15:57:05.986 +0000
2131,260,350,2024-12-16 15:57:05.986 +0000
2134,358,29,2024-12-16 15:57:05.986 +0000
2177,362,201,2024-12-16 15:57:05.986 +0000
2201,339,24,2024-12-16 15:57:05.986 +0000
2216,148,33,2024-12-16 15:57:05.986 +0000
2226,370,149,2024-12-16 15:57:05.986 +0000
2228,370,191,2024-12-16 15:57:05.986 +0000
2247,300,64,2024-12-16 15:57:05.986 +0000
2250,213,335,2024-12-16 15:57:05.986 +0000
2265,362,126,2024-12-16 15:57:05.986 +0000
2272,300,331,2024-12-16 15:57:05.986 +0000
2276,375,57,2024-12-16 15:57:05.986 +0000
2288,377,54,2024-12-16 15:57:05.986 +0000
2296,354,167,2024-12-16 15:57:05.986 +0000
2328,377,135,2024-12-16 15:57:05.986 +0000
2342,198,21,2024-12-16 15:57:05.986 +0000
2350,260,268,2024-12-16 15:57:05.986 +0000
2353,260,302,2024-12-16 15:57:05.986 +0000
2361,271,239,2024-12-16 15:57:05.986 +0000
2366,260,375,2024-12-16 15:57:05.986 +0000
2368,375,196,2024-12-16 15:57:05.986 +0000
2369,196,29,2024-12-16 15:57:05.986 +0000
2383,260,333,2024-12-16 15:57:05.986 +0000
2984,149,316,2024-12-16 15:57:05.986 +0000
2988,149,348,2024-12-16 15:57:05.986 +0000
2994,423,380,2024-12-16 15:57:05.986 +0000
3005,274,5,2024-12-16 15:57:05.986 +0000
3015,426,113,2024-12-16 15:57:05.986 +0000
3029,145,32,2024-12-16 15:57:05.986 +0000
3034,429,29,2024-12-16 15:57:05.986 +0000
3037,429,47,2024-12-16 15:57:05.986 +0000
3039,429,48,2024-12-16 15:57:05.986 +0000
3055,43,243,2024-12-16 15:57:05.986 +0000
3071,47,417,2024-12-16 15:57:05.986 +0000
3072,388,427,2024-12-16 15:57:05.986 +0000
3075,271,15,2024-12-16 15:57:05.986 +0000
3078,254,88,2024-12-16 15:57:05.986 +0000
3081,254,151,2024-12-16 15:57:05.986 +0000
7040,843,201,2025-01-02 21:38:37.350 +0000
3089,254,85,2024-12-16 15:57:05.986 +0000
3096,254,167,2024-12-16 15:57:05.986 +0000
3099,254,211,2024-12-16 15:57:05.986 +0000
10130,1325,1917,2025-01-27 21:53:36.651 +0000
3113,213,429,2024-12-16 15:57:05.986 +0000
3132,147,11,2024-12-16 15:57:05.986 +0000
3140,147,216,2024-12-16 15:57:05.986 +0000
3142,147,300,2024-12-16 15:57:05.986 +0000
3149,436,386,2024-12-16 15:57:05.986 +0000
4640,600,23,2024-12-22 23:06:27.239 +0000
4655,600,523,2024-12-22 23:10:26.520 +0000
3161,213,355,2024-12-16 15:57:05.986 +0000
10138,1928,1021,2025-01-27 23:49:35.256 +0000
3172,271,157,2024-12-16 15:57:05.986 +0000
3174,429,320,2024-12-16 15:57:05.986 +0000
10147,388,1217,2025-01-28 00:51:44.325 +0000
3189,271,48,2024-12-16 15:57:05.986 +0000
7044,770,145,2025-01-03 01:39:21.965 +0000
10168,1945,1283,2025-01-28 10:05:26.595 +0000
4666,600,315,2024-12-22 23:27:35.735 +0000
3235,442,213,2024-12-16 15:57:05.986 +0000
3245,443,30,2024-12-16 15:57:05.986 +0000
7063,896,468,2025-01-03 20:03:57.779 +0000
3254,347,87,2024-12-16 15:57:05.986 +0000
3267,447,34,2024-12-16 15:57:05.986 +0000
3269,447,48,2024-12-16 15:57:05.986 +0000
3285,447,414,2024-12-16 15:57:05.986 +0000
3291,447,382,2024-12-16 15:57:05.986 +0000
3302,196,171,2024-12-16 15:57:05.986 +0000
4686,370,85,2024-12-23 00:02:45.330 +0000
4023,505,463,2024-12-18 04:10:56.179 +0000
4031,505,398,2024-12-18 04:11:03.638 +0000
4044,448,144,2024-12-18 09:43:29.642 +0000
4055,511,452,2024-12-18 09:57:30.338 +0000
4058,511,440,2024-12-18 10:07:44.739 +0000
7102,903,889,2025-01-03 23:10:35.445 +0000
4101,515,501,2024-12-18 17:12:02.214 +0000
4107,515,309,2024-12-18 17:15:52.694 +0000
4130,484,180,2024-12-18 17:19:29.753 +0000
4171,505,272,2024-12-19 01:59:11.370 +0000
4228,522,512,2024-12-19 14:12:08.251 +0000
4231,1,274,2024-12-19 15:38:21.935 +0000
4278,541,468,2024-12-20 02:11:05.454 +0000
4693,602,525,2024-12-23 00:06:06.625 +0000
4340,551,56,2024-12-21 00:07:11.892 +0000
4386,564,468,2024-12-21 16:43:11.587 +0000
4391,564,413,2024-12-21 16:43:59.123 +0000
4713,213,523,2024-12-23 00:57:02.018 +0000
4732,603,396,2024-12-23 01:20:25.996 +0000
10442,1487,1369,2025-01-29 18:57:47.227 +0000
10459,1977,1468,2025-01-29 20:47:06.904 +0000
5709,681,448,2024-12-27 22:05:30.047 +0000
5714,669,166,2024-12-27 23:39:04.719 +0000
5756,745,484,2024-12-28 04:47:30.550 +0000
5796,751,525,2024-12-28 11:20:03.676 +0000
10465,1977,2002,2025-01-29 20:47:12.729 +0000
10474,370,748,2025-01-29 21:14:11.647 +0000
5861,760,512,2024-12-28 17:14:00.499 +0000
5872,763,522,2024-12-28 21:15:46.181 +0000
8095,1150,230,2025-01-11 11:00:05.213 +0000
5898,767,386,2024-12-28 23:08:51.169 +0000
5905,769,522,2024-12-28 23:54:14.301 +0000
5940,370,236,2024-12-29 03:09:54.049 +0000
5961,783,518,2024-12-29 10:57:15.444 +0000
5989,785,396,2024-12-29 12:09:22.148 +0000
5999,783,561,2024-12-29 12:42:59.164 +0000
10491,370,1025,2025-01-29 21:19:12.999 +0000
10510,2020,1574,2025-01-29 21:30:39.951 +0000
10523,2020,551,2025-01-29 22:29:45.964 +0000
10932,1975,1356,2025-01-31 13:06:53.186 +0000
6115,794,154,2024-12-29 15:44:08.938 +0000
6126,794,169,2024-12-29 15:44:23.440 +0000
8102,1150,135,2025-01-11 11:02:28.366 +0000
8112,1150,194,2025-01-11 11:04:43.296 +0000
8132,1146,374,2025-01-11 14:43:32.114 +0000
8141,1146,845,2025-01-11 14:44:18.583 +0000
8155,1072,588,2025-01-11 16:26:54.399 +0000
8166,1174,448,2025-01-11 19:27:50.958 +0000
8192,1175,423,2025-01-11 20:12:04.746 +0000
8202,1180,88,2025-01-11 22:42:51.145 +0000
8230,1184,525,2025-01-12 09:44:25.099 +0000
8266,1194,595,2025-01-12 11:38:11.842 +0000
8271,1194,845,2025-01-12 11:40:28.783 +0000
8332,1224,1115,2025-01-13 10:35:13.487 +0000
10939,1589,1570,2025-01-31 13:37:13.360 +0000
8384,1244,927,2025-01-13 21:02:18.501 +0000
8400,1244,488,2025-01-13 22:40:57.727 +0000
8405,1244,274,2025-01-13 22:43:28.406 +0000
8417,1250,572,2025-01-14 16:29:21.827 +0000
8422,1257,385,2025-01-14 20:30:59.978 +0000
8435,1257,523,2025-01-14 20:32:08.524 +0000
8461,1257,519,2025-01-14 20:35:01.769 +0000
8465,1257,398,2025-01-14 20:35:10.375 +0000
8866,1440,588,2025-01-20 02:16:47.341 +0000
8918,1449,522,2025-01-20 12:47:11.148 +0000
8944,1454,417,2025-01-20 15:47:25.024 +0000
9096,1506,1058,2025-01-21 18:45:30.780 +0000
10956,2111,1286,2025-01-31 14:16:32.165 +0000
9244,1544,468,2025-01-22 14:38:53.491 +0000
9256,1489,912,2025-01-22 16:24:07.983 +0000
10960,2111,1374,2025-01-31 14:23:14.254 +0000
10961,1491,1369,2025-01-31 14:23:22.109 +0000
10999,260,791,2025-01-31 14:41:41.492 +0000
11001,213,1440,2025-01-31 14:43:20.495 +0000
11003,213,1194,2025-01-31 14:43:30.034 +0000
11006,213,1506,2025-01-31 14:43:55.265 +0000
11018,213,1785,2025-01-31 14:45:45.653 +0000
11044,1416,1267,2025-01-31 14:53:03.345 +0000
11065,1332,1491,2025-01-31 18:15:40.827 +0000
11070,2114,2058,2025-01-31 19:11:16.233 +0000
11241,2138,816,2025-02-01 14:37:04.071 +0000
11242,2020,1798,2025-02-01 15:16:50.857 +0000
11281,2154,1292,2025-02-01 21:18:27.750 +0000
439,75,28,2024-12-16 15:57:05.986 +0000
455,15,50,2024-12-16 15:57:05.986 +0000
462,75,55,2024-12-16 15:57:05.986 +0000
471,75,88,2024-12-16 15:57:05.986 +0000
1288,1,148,2024-12-16 15:57:05.986 +0000
12134,1893,512,2025-02-05 01:35:06.806 +0000
1300,1,76,2024-12-16 15:57:05.986 +0000
12141,1893,2211,2025-02-05 01:35:50.252 +0000
1314,1,180,2024-12-16 15:57:05.986 +0000
1325,1,149,2024-12-16 15:57:05.986 +0000
1328,1,156,2024-12-16 15:57:05.986 +0000
1335,1,200,2024-12-16 15:57:05.986 +0000
1342,1,228,2024-12-16 15:57:05.986 +0000
1343,213,2,2024-12-16 15:57:05.986 +0000
1352,213,144,2024-12-16 15:57:05.986 +0000
1353,259,52,2024-12-16 15:57:05.986 +0000
1357,260,31,2024-12-16 15:57:05.986 +0000
9334,1573,972,2025-01-23 00:40:19.425 +0000
2150,358,166,2024-12-16 15:57:05.986 +0000
2158,361,171,2024-12-16 15:57:05.986 +0000
2163,361,315,2024-12-16 15:57:05.986 +0000
2172,362,217,2024-12-16 15:57:05.986 +0000
2179,362,240,2024-12-16 15:57:05.986 +0000
9341,443,87,2025-01-23 02:25:49.799 +0000
4623,388,563,2024-12-22 22:15:19.056 +0000
2199,339,56,2024-12-16 15:57:05.986 +0000
2205,366,56,2024-12-16 15:57:05.986 +0000
2206,366,55,2024-12-16 15:57:05.986 +0000
2219,148,154,2024-12-16 15:57:05.986 +0000
12144,383,2315,2025-02-05 02:03:58.457 +0000
2266,362,113,2024-12-16 15:57:05.986 +0000
2279,376,87,2024-12-16 15:57:05.986 +0000
9355,1575,1108,2025-01-23 04:24:49.148 +0000
2298,354,169,2024-12-16 15:57:05.986 +0000
7041,881,240,2025-01-02 21:44:27.939 +0000
2337,300,15,2024-12-16 15:57:05.986 +0000
2346,260,235,2024-12-16 15:57:05.986 +0000
2351,260,95,2024-12-16 15:57:05.986 +0000
9368,1169,1077,2025-01-23 04:56:06.498 +0000
2364,271,319,2024-12-16 15:57:05.986 +0000
2985,149,323,2024-12-16 15:57:05.986 +0000
3001,274,233,2024-12-16 15:57:05.986 +0000
3014,426,150,2024-12-16 15:57:05.986 +0000
3021,145,34,2024-12-16 15:57:05.986 +0000
3025,145,55,2024-12-16 15:57:05.986 +0000
7057,896,414,2025-01-03 20:02:58.632 +0000
3035,429,33,2024-12-16 15:57:05.986 +0000
3042,429,192,2024-12-16 15:57:05.986 +0000
3048,43,205,2024-12-16 15:57:05.986 +0000
3061,213,428,2024-12-16 15:57:05.986 +0000
3069,47,192,2024-12-16 15:57:05.986 +0000
3076,254,57,2024-12-16 15:57:05.986 +0000
3083,9,43,2024-12-16 15:57:05.986 +0000
3094,254,406,2024-12-16 15:57:05.986 +0000
3102,254,8,2024-12-16 15:57:05.986 +0000
3108,254,397,2024-12-16 15:57:05.986 +0000
3111,213,418,2024-12-16 15:57:05.986 +0000
3117,213,368,2024-12-16 15:57:05.986 +0000
3121,417,428,2024-12-16 15:57:05.986 +0000
3123,331,50,2024-12-16 15:57:05.986 +0000
7067,896,748,2025-01-03 20:04:20.274 +0000
3125,147,56,2024-12-16 15:57:05.986 +0000
3147,298,11,2024-12-16 15:57:05.986 +0000
3151,70,135,2024-12-16 15:57:05.986 +0000
4645,600,319,2024-12-22 23:09:23.966 +0000
9414,1586,1570,2025-01-23 13:29:17.061 +0000
3170,429,374,2024-12-16 15:57:05.986 +0000
9420,551,1174,2025-01-23 14:09:27.266 +0000
7077,899,77,2025-01-03 21:12:28.443 +0000
3208,149,50,2024-12-16 15:57:05.986 +0000
9421,1589,481,2025-01-23 14:52:12.675 +0000
12146,383,2020,2025-02-05 02:05:48.350 +0000
3225,149,167,2024-12-16 15:57:05.986 +0000
3237,442,427,2024-12-16 15:57:05.986 +0000
3244,443,37,2024-12-16 15:57:05.986 +0000
4657,522,600,2024-12-22 23:11:29.841 +0000
7100,903,818,2025-01-03 23:10:33.662 +0000
3268,447,50,2024-12-16 15:57:05.986 +0000
3289,447,310,2024-12-16 15:57:05.986 +0000
4677,370,50,2024-12-22 23:50:02.647 +0000
3301,196,156,2024-12-16 15:57:05.986 +0000
3311,196,370,2024-12-16 15:57:05.986 +0000
4025,505,418,2024-12-18 04:10:58.333 +0000
4038,509,448,2024-12-18 09:40:31.508 +0000
4050,509,55,2024-12-18 09:46:01.445 +0000
12180,1981,2349,2025-02-05 10:16:16.697 +0000
4066,512,48,2024-12-18 11:44:13.359 +0000
4108,448,500,2024-12-18 17:16:22.874 +0000
4121,448,501,2024-12-18 17:17:35.521 +0000
4135,145,50,2024-12-18 17:42:05.210 +0000
4138,448,518,2024-12-18 18:49:36.280 +0000
4144,520,227,2024-12-18 19:10:08.387 +0000
4682,370,271,2024-12-22 23:54:04.634 +0000
4169,505,285,2024-12-19 01:59:07.926 +0000
4177,505,379,2024-12-19 01:59:24.779 +0000
4702,213,540,2024-12-23 00:54:46.184 +0000
4199,469,272,2024-12-19 08:31:19.858 +0000
4213,469,47,2024-12-19 08:32:10.850 +0000
4215,528,515,2024-12-19 09:26:12.217 +0000
4711,213,500,2024-12-23 00:56:39.930 +0000
4722,213,484,2024-12-23 00:58:15.781 +0000
4734,603,413,2024-12-23 01:21:57.563 +0000
4741,370,359,2024-12-23 01:26:28.008 +0000
4776,484,488,2024-12-23 03:30:19.544 +0000
12218,2360,1614,2025-02-05 15:55:37.151 +0000
4787,588,436,2024-12-23 09:15:37.808 +0000
5710,681,735,2024-12-27 22:05:35.997 +0000
5739,683,512,2024-12-28 02:27:55.627 +0000
5743,683,522,2024-12-28 02:28:07.372 +0000
5755,745,386,2024-12-28 04:46:55.298 +0000
5772,745,469,2024-12-28 05:03:19.085 +0000
5788,738,260,2024-12-28 09:22:35.978 +0000
8096,1150,878,2025-01-11 11:00:57.706 +0000
5852,697,227,2024-12-28 16:21:15.707 +0000
5864,761,414,2024-12-28 17:39:15.760 +0000
5870,763,550,2024-12-28 21:15:15.400 +0000
5875,763,540,2024-12-28 21:16:34.419 +0000
5893,767,423,2024-12-28 23:08:46.842 +0000
5896,767,463,2024-12-28 23:08:49.294 +0000
5920,738,538,2024-12-29 02:54:59.961 +0000
5928,738,551,2024-12-29 02:55:21.772 +0000
5953,370,423,2024-12-29 03:17:15.633 +0000
5954,370,414,2024-12-29 03:17:58.127 +0000
5958,770,37,2024-12-29 10:56:54.836 +0000
5993,785,600,2024-12-29 12:11:41.848 +0000
8100,1150,126,2025-01-11 11:02:08.073 +0000
6086,794,166,2024-12-29 15:42:00.229 +0000
6090,794,386,2024-12-29 15:43:13.426 +0000
6097,794,215,2024-12-29 15:43:49.000 +0000
6101,794,191,2024-12-29 15:43:51.940 +0000
6105,794,194,2024-12-29 15:43:55.568 +0000
6117,794,193,2024-12-29 15:44:10.910 +0000
6129,794,439,2024-12-29 15:44:25.798 +0000
8122,1150,278,2025-01-11 11:06:07.056 +0000
8127,1150,483,2025-01-11 11:06:40.586 +0000
8140,1146,725,2025-01-11 14:44:14.339 +0000
8156,1072,844,2025-01-11 16:27:18.665 +0000
8165,1174,415,2025-01-11 19:27:20.397 +0000
8175,1174,512,2025-01-11 19:31:20.449 +0000
8198,1179,745,2025-01-11 22:31:08.564 +0000
8226,1184,146,2025-01-12 09:42:41.509 +0000
8245,1185,481,2025-01-12 09:51:52.402 +0000
8263,1194,274,2025-01-12 11:37:54.800 +0000
8272,1194,977,2025-01-12 11:40:30.770 +0000
8288,1201,712,2025-01-12 14:12:43.280 +0000
8307,1204,572,2025-01-12 16:26:32.674 +0000
8317,1217,386,2025-01-13 02:07:53.522 +0000
8364,654,272,2025-01-13 17:55:18.960 +0000
8383,1233,181,2025-01-13 19:55:29.886 +0000
8437,1257,504,2025-01-14 20:32:57.219 +0000
8449,1257,634,2025-01-14 20:33:34.592 +0000
8470,1257,515,2025-01-14 20:35:51.486 +0000
8473,1257,443,2025-01-14 20:36:04.251 +0000
8477,1257,271,2025-01-14 20:36:19.067 +0000
8863,1440,571,2025-01-20 02:16:25.502 +0000
8869,656,927,2025-01-20 06:23:19.823 +0000
8933,1451,845,2025-01-20 13:24:26.045 +0000
8934,1452,464,2025-01-20 13:53:39.055 +0000
9097,1506,1286,2025-01-21 18:46:03.356 +0000
9127,1526,1080,2025-01-22 00:25:31.275 +0000
9133,1526,1517,2025-01-22 00:26:47.912 +0000
9136,1526,1288,2025-01-22 00:27:18.948 +0000
9246,1546,1173,2025-01-22 14:51:03.223 +0000
9254,1489,380,2025-01-22 16:24:04.434 +0000
441,75,31,2024-12-16 15:57:05.986 +0000
445,75,57,2024-12-16 15:57:05.986 +0000
451,85,87,2024-12-16 15:57:05.986 +0000
1290,1,84,2024-12-16 15:57:05.986 +0000
1295,1,70,2024-12-16 15:57:05.986 +0000
1309,1,199,2024-12-16 15:57:05.986 +0000
1316,1,147,2024-12-16 15:57:05.986 +0000
1322,1,67,2024-12-16 15:57:05.986 +0000
1324,1,181,2024-12-16 15:57:05.986 +0000
1329,1,171,2024-12-16 15:57:05.986 +0000
1337,1,193,2024-12-16 15:57:05.986 +0000
1350,213,79,2024-12-16 15:57:05.986 +0000
1355,260,26,2024-12-16 15:57:05.986 +0000
1362,259,47,2024-12-16 15:57:05.986 +0000
1365,213,126,2024-12-16 15:57:05.986 +0000
2135,358,34,2024-12-16 15:57:05.986 +0000
2138,358,55,2024-12-16 15:57:05.986 +0000
7045,770,217,2025-01-03 01:39:36.361 +0000
2157,361,181,2024-12-16 15:57:05.986 +0000
2183,362,347,2024-12-16 15:57:05.986 +0000
2193,300,80,2024-12-16 15:57:05.986 +0000
2197,213,333,2024-12-16 15:57:05.986 +0000
2200,339,50,2024-12-16 15:57:05.986 +0000
2204,366,29,2024-12-16 15:57:05.986 +0000
2207,366,50,2024-12-16 15:57:05.986 +0000
2214,148,56,2024-12-16 15:57:05.986 +0000
2229,370,240,2024-12-16 15:57:05.986 +0000
2235,339,201,2024-12-16 15:57:05.986 +0000
9286,1555,1292,2025-01-22 21:14:43.228 +0000
2243,372,31,2024-12-16 15:57:05.986 +0000
2259,362,57,2024-12-16 15:57:05.986 +0000
2278,376,52,2024-12-16 15:57:05.986 +0000
2284,377,166,2024-12-16 15:57:05.986 +0000
2331,300,12,2024-12-16 15:57:05.986 +0000
9315,1573,1450,2025-01-23 00:38:14.311 +0000
2354,260,336,2024-12-16 15:57:05.986 +0000
2363,271,310,2024-12-16 15:57:05.986 +0000
2373,196,33,2024-12-16 15:57:05.986 +0000
2374,260,380,2024-12-16 15:57:05.986 +0000
2379,260,354,2024-12-16 15:57:05.986 +0000
2380,260,317,2024-12-16 15:57:05.986 +0000
2384,260,361,2024-12-16 15:57:05.986 +0000
3004,274,119,2024-12-16 15:57:05.986 +0000
3009,426,53,2024-12-16 15:57:05.986 +0000
3017,426,11,2024-12-16 15:57:05.986 +0000
3018,388,422,2024-12-16 15:57:05.986 +0000
3023,145,30,2024-12-16 15:57:05.986 +0000
3028,145,415,2024-12-16 15:57:05.986 +0000
3044,429,54,2024-12-16 15:57:05.986 +0000
3058,213,400,2024-12-16 15:57:05.986 +0000
3068,213,424,2024-12-16 15:57:05.986 +0000
3074,271,32,2024-12-16 15:57:05.986 +0000
3080,254,126,2024-12-16 15:57:05.986 +0000
3087,254,415,2024-12-16 15:57:05.986 +0000
3091,254,11,2024-12-16 15:57:05.986 +0000
3100,254,186,2024-12-16 15:57:05.986 +0000
3109,254,247,2024-12-16 15:57:05.986 +0000
3129,147,79,2024-12-16 15:57:05.986 +0000
3137,147,413,2024-12-16 15:57:05.986 +0000
9706,850,135,2025-01-25 11:51:07.029 +0000
9709,850,1098,2025-01-25 11:51:22.029 +0000
9732,761,385,2025-01-25 13:03:42.786 +0000
3213,50,212,2024-12-16 15:57:05.986 +0000
10132,213,1112,2025-01-27 22:21:27.858 +0000
3240,443,436,2024-12-16 15:57:05.986 +0000
3246,443,56,2024-12-16 15:57:05.986 +0000
3253,443,47,2024-12-16 15:57:05.986 +0000
4627,388,444,2024-12-22 22:37:53.786 +0000
3272,447,428,2024-12-16 15:57:05.986 +0000
7098,903,760,2025-01-03 23:10:31.042 +0000
3304,196,234,2024-12-16 15:57:05.986 +0000
3314,196,347,2024-12-16 15:57:05.986 +0000
4026,505,500,2024-12-18 04:10:59.289 +0000
4045,509,88,2024-12-18 09:45:33.164 +0000
4053,511,396,2024-12-18 09:56:33.978 +0000
4153,522,468,2024-12-19 00:56:30.112 +0000
4170,505,304,2024-12-19 01:59:10.144 +0000
4182,264,37,2024-12-19 02:36:09.553 +0000
4629,388,331,2024-12-22 22:38:24.738 +0000
4653,600,525,2024-12-22 23:10:07.049 +0000
4208,469,56,2024-12-19 08:31:57.140 +0000
4220,528,443,2024-12-19 09:26:26.257 +0000
4225,260,528,2024-12-19 11:53:36.732 +0000
4240,448,146,2024-12-19 17:42:43.823 +0000
4244,293,347,2024-12-19 20:21:34.122 +0000
4247,528,392,2024-12-19 21:20:04.464 +0000
4255,11,36,2024-12-19 23:50:27.119 +0000
4264,50,469,2024-12-19 23:51:29.156 +0000
4267,50,481,2024-12-19 23:52:14.519 +0000
4273,543,423,2024-12-20 00:26:05.005 +0000
4696,370,181,2024-12-23 00:15:41.482 +0000
4708,213,517,2024-12-23 00:55:39.319 +0000
4310,465,522,2024-12-20 16:12:50.166 +0000
4321,47,213,2024-12-20 19:16:32.347 +0000
4337,551,233,2024-12-21 00:05:41.992 +0000
4716,213,422,2024-12-23 00:57:36.979 +0000
4724,213,457,2024-12-23 00:58:17.206 +0000
10152,1933,1369,2025-01-28 01:30:51.421 +0000
4757,605,452,2024-12-23 01:30:05.037 +0000
10161,1937,436,2025-01-28 03:04:32.446 +0000
10162,1937,1055,2025-01-28 03:05:23.222 +0000
4770,602,588,2024-12-23 02:13:01.206 +0000
5711,738,475,2024-12-27 22:17:59.404 +0000
5725,741,448,2024-12-27 23:55:06.683 +0000
8104,1150,147,2025-01-11 11:02:40.566 +0000
5774,746,504,2024-12-28 05:26:10.963 +0000
5783,748,33,2024-12-28 06:39:46.824 +0000
5789,750,388,2024-12-28 09:44:49.107 +0000
8116,1150,234,2025-01-11 11:05:24.885 +0000
8131,1146,347,2025-01-11 14:43:26.865 +0000
8138,1146,309,2025-01-11 14:43:45.026 +0000
5857,760,423,2024-12-28 17:08:37.544 +0000
5971,783,719,2024-12-29 10:59:39.286 +0000
5991,785,512,2024-12-29 12:10:27.400 +0000
5998,783,410,2024-12-29 12:42:06.810 +0000
10221,1977,448,2025-01-28 19:41:23.573 +0000
6084,794,30,2024-12-29 15:40:43.687 +0000
6109,794,171,2024-12-29 15:43:59.051 +0000
6137,794,9,2024-12-29 15:44:40.242 +0000
8244,1185,448,2025-01-12 09:51:25.750 +0000
8247,1194,87,2025-01-12 11:35:27.122 +0000
8274,1194,927,2025-01-12 11:40:36.783 +0000
8286,1201,768,2025-01-12 14:11:05.883 +0000
10237,1980,205,2025-01-28 20:30:11.877 +0000
8339,1229,822,2025-01-13 12:08:00.353 +0000
8345,1232,585,2025-01-13 12:59:52.652 +0000
8378,845,1146,2025-01-13 18:13:50.875 +0000
8398,271,43,2025-01-13 22:12:53.945 +0000
8409,1244,725,2025-01-13 22:47:20.633 +0000
8430,1257,260,2025-01-14 20:31:58.782 +0000
8446,1257,763,2025-01-14 20:33:30.748 +0000
10256,1986,1288,2025-01-28 21:24:08.666 +0000
8919,1449,492,2025-01-20 12:47:26.539 +0000
10327,838,260,2025-01-29 13:00:40.758 +0000
8942,1454,386,2025-01-20 15:46:03.584 +0000
9098,1506,1206,2025-01-21 18:46:15.341 +0000
9100,1057,1506,2025-01-21 18:46:41.896 +0000
9116,1525,791,2025-01-21 23:43:23.214 +0000
9137,1526,1072,2025-01-22 00:27:44.555 +0000
9146,1526,1483,2025-01-22 00:33:10.429 +0000
9249,1278,970,2025-01-22 15:34:27.926 +0000
10339,838,1474,2025-01-29 13:02:57.318 +0000
10351,1365,1217,2025-01-29 13:11:57.775 +0000
10444,2011,1381,2025-01-29 19:35:48.485 +0000
10455,1977,1193,2025-01-29 20:47:01.405 +0000
10488,370,1871,2025-01-29 21:17:54.959 +0000
10500,2020,468,2025-01-29 21:23:52.382 +0000
10524,2020,1021,2025-01-29 22:35:18.212 +0000
10558,2032,1412,2025-01-30 02:40:09.931 +0000
10565,2032,1974,2025-01-30 02:42:55.514 +0000
10602,2036,1895,2025-01-30 09:17:57.638 +0000
10609,2038,1077,2025-01-30 09:33:47.099 +0000
10611,2038,1378,2025-01-30 09:36:09.157 +0000
10613,2038,1995,2025-01-30 09:36:56.808 +0000
10618,2039,512,2025-01-30 10:02:42.910 +0000
10634,2036,1467,2025-01-30 11:58:15.208 +0000
10651,2046,1995,2025-01-30 12:43:40.659 +0000
10933,2001,1517,2025-01-31 13:17:52.328 +0000
10937,1589,748,2025-01-31 13:36:51.903 +0000
10950,2111,1475,2025-01-31 14:09:16.511 +0000
10981,213,2064,2025-01-31 14:37:09.730 +0000
11023,213,1555,2025-01-31 14:47:38.163 +0000
11034,1416,1487,2025-01-31 14:52:10.846 +0000
446,75,49,2024-12-16 15:57:05.986 +0000
447,75,21,2024-12-16 15:57:05.986 +0000
450,75,11,2024-12-16 15:57:05.986 +0000
453,15,51,2024-12-16 15:57:05.986 +0000
456,15,57,2024-12-16 15:57:05.986 +0000
459,15,56,2024-12-16 15:57:05.986 +0000
460,15,55,2024-12-16 15:57:05.986 +0000
463,75,64,2024-12-16 15:57:05.986 +0000
7103,903,787,2025-01-03 23:10:36.349 +0000
9293,1559,448,2025-01-22 22:20:15.641 +0000
9303,1559,1381,2025-01-22 22:27:10.477 +0000
484,95,53,2024-12-16 15:57:05.986 +0000
488,85,23,2024-12-16 15:57:05.986 +0000
491,66,70,2024-12-16 15:57:05.986 +0000
12137,1893,1924,2025-02-05 01:35:13.049 +0000
1296,1,66,2024-12-16 15:57:05.986 +0000
1308,1,157,2024-12-16 15:57:05.986 +0000
1330,1,167,2024-12-16 15:57:05.986 +0000
1336,1,203,2024-12-16 15:57:05.986 +0000
1360,260,233,2024-12-16 15:57:05.986 +0000
4636,600,385,2024-12-22 23:05:59.384 +0000
2136,358,37,2024-12-16 15:57:05.986 +0000
2139,331,350,2024-12-16 15:57:05.986 +0000
2151,155,55,2024-12-16 15:57:05.986 +0000
2152,361,29,2024-12-16 15:57:05.986 +0000
2162,361,314,2024-12-16 15:57:05.986 +0000
2181,362,339,2024-12-16 15:57:05.986 +0000
9332,1573,977,2025-01-23 00:40:17.169 +0000
9361,1169,913,2025-01-23 04:53:53.835 +0000
2203,339,146,2024-12-16 15:57:05.986 +0000
8115,1150,186,2025-01-11 11:05:14.967 +0000
2220,148,192,2024-12-16 15:57:05.986 +0000
2231,370,310,2024-12-16 15:57:05.986 +0000
2238,372,52,2024-12-16 15:57:05.986 +0000
2257,373,191,2024-12-16 15:57:05.986 +0000
2262,362,54,2024-12-16 15:57:05.986 +0000
2285,377,243,2024-12-16 15:57:05.986 +0000
4654,600,518,2024-12-22 23:10:09.240 +0000
2385,9,5,2024-12-16 15:57:05.986 +0000
2392,12,351,2024-12-16 15:57:05.986 +0000
4674,517,600,2024-12-22 23:38:17.646 +0000
8186,1174,789,2025-01-11 19:34:37.402 +0000
9387,1581,845,2025-01-23 09:51:16.299 +0000
3200,437,113,2024-12-16 15:57:05.986 +0000
3204,440,415,2024-12-16 15:57:05.986 +0000
3231,442,437,2024-12-16 15:57:05.986 +0000
3255,347,144,2024-12-16 15:57:05.986 +0000
3273,447,12,2024-12-16 15:57:05.986 +0000
3275,447,196,2024-12-16 15:57:05.986 +0000
3284,447,399,2024-12-16 15:57:05.986 +0000
3303,196,167,2024-12-16 15:57:05.986 +0000
3309,448,34,2024-12-16 15:57:05.986 +0000
3313,196,331,2024-12-16 15:57:05.986 +0000
4029,505,305,2024-12-18 04:11:01.984 +0000
4041,509,413,2024-12-18 09:41:24.497 +0000
4069,512,239,2024-12-18 11:44:33.723 +0000
4201,469,415,2024-12-19 08:31:47.635 +0000
4211,469,154,2024-12-19 08:32:02.091 +0000
4280,271,110,2024-12-20 03:22:54.103 +0000
4284,271,453,2024-12-20 03:23:31.068 +0000
4350,553,54,2024-12-21 01:48:16.842 +0000
4362,561,147,2024-12-21 14:48:17.749 +0000
4690,602,448,2024-12-23 00:05:44.177 +0000
8191,1175,448,2025-01-11 20:11:59.787 +0000
4736,603,347,2024-12-23 01:23:09.362 +0000
9389,1581,1104,2025-01-23 09:52:34.448 +0000
9400,1585,1079,2025-01-23 12:50:30.609 +0000
9404,1585,1412,2025-01-23 12:56:17.460 +0000
4771,484,458,2024-12-23 03:29:24.844 +0000
5713,738,255,2024-12-27 22:18:21.078 +0000
5715,669,167,2024-12-27 23:40:33.580 +0000
5723,741,205,2024-12-27 23:54:59.108 +0000
5733,683,396,2024-12-28 02:27:39.502 +0000
5748,744,525,2024-12-28 03:11:02.154 +0000
5761,745,492,2024-12-28 04:53:31.230 +0000
5781,746,448,2024-12-28 05:34:00.577 +0000
5797,751,413,2024-12-28 11:21:01.016 +0000
12174,1981,2205,2025-02-05 10:15:16.245 +0000
8255,1194,501,2025-01-12 11:37:32.080 +0000
9492,1604,436,2025-01-23 18:50:20.034 +0000
5874,763,385,2024-12-28 21:16:16.889 +0000
5885,767,550,2024-12-28 23:07:35.803 +0000
5897,767,414,2024-12-28 23:08:50.309 +0000
12183,1981,2345,2025-02-05 10:16:35.143 +0000
5908,769,496,2024-12-28 23:55:01.227 +0000
5941,370,192,2024-12-29 03:11:13.053 +0000
5997,783,421,2024-12-29 12:41:46.930 +0000
9718,850,1378,2025-01-25 11:51:51.553 +0000
10169,1945,1477,2025-01-28 10:05:28.017 +0000
10185,553,1311,2025-01-28 10:50:36.199 +0000
10189,1080,1877,2025-01-28 11:25:13.956 +0000
12188,230,87,2025-02-05 11:00:33.764 +0000
6094,794,84,2024-12-29 15:43:41.872 +0000
8338,1229,802,2025-01-13 12:07:56.954 +0000
8390,213,976,2025-01-13 21:05:31.003 +0000
8415,1245,802,2025-01-14 02:16:03.263 +0000
8448,1257,889,2025-01-14 20:33:33.003 +0000
8858,1440,313,2025-01-20 02:15:32.040 +0000
8905,1374,228,2025-01-20 10:45:57.131 +0000
8922,1449,791,2025-01-20 12:48:08.918 +0000
8927,1451,525,2025-01-20 13:18:25.219 +0000
8943,1454,260,2025-01-20 15:46:25.810 +0000
9099,1507,1455,2025-01-21 18:46:19.568 +0000
9114,1525,464,2025-01-21 23:39:42.060 +0000
9119,1526,1077,2025-01-22 00:18:24.872 +0000
9155,1531,1080,2025-01-22 02:22:25.515 +0000
9156,1531,1325,2025-01-22 02:24:50.255 +0000
9250,1278,1223,2025-01-22 15:35:58.690 +0000
9257,1489,921,2025-01-22 16:24:08.964 +0000
10273,1992,370,2025-01-28 23:16:31.181 +0000
10275,1992,436,2025-01-28 23:17:38.355 +0000
10281,1992,1364,2025-01-28 23:20:06.266 +0000
10307,1998,1450,2025-01-29 08:36:30.596 +0000
10320,2001,1027,2025-01-29 10:43:50.453 +0000
10368,1365,1369,2025-01-29 13:12:28.131 +0000
10450,1977,370,2025-01-29 20:46:51.257 +0000
10461,1977,1474,2025-01-29 20:47:08.544 +0000
10469,1178,413,2025-01-29 21:12:11.653 +0000
10473,370,560,2025-01-29 21:14:09.347 +0000
10485,370,816,2025-01-29 21:17:15.355 +0000
10487,370,1580,2025-01-29 21:17:39.717 +0000
10493,2020,388,2025-01-29 21:21:08.868 +0000
10516,2020,1603,2025-01-29 21:50:51.485 +0000
10519,1104,2020,2025-01-29 22:08:58.982 +0000
10530,12,1462,2025-01-29 22:39:43.174 +0000
10538,2030,1027,2025-01-30 01:01:15.509 +0000
10544,2031,713,2025-01-30 01:36:23.549 +0000
10553,2032,1632,2025-01-30 02:37:59.786 +0000
10567,2033,830,2025-01-30 02:51:51.289 +0000
10580,2032,1527,2025-01-30 04:16:31.679 +0000
10610,2038,1356,2025-01-30 09:34:23.165 +0000
10671,735,1580,2025-01-30 13:06:57.307 +0000
10680,2049,1021,2025-01-30 13:51:25.441 +0000
10692,1977,668,2025-01-30 16:47:16.666 +0000
10935,1589,421,2025-01-31 13:36:40.004 +0000
11259,2145,1467,2025-02-01 19:20:20.223 +0000
11292,2159,468,2025-02-01 22:03:18.812 +0000
11300,1163,1937,2025-02-01 22:28:22.686 +0000
11328,735,1365,2025-02-01 23:35:04.966 +0000
11334,1462,149,2025-02-02 00:26:31.513 +0000
11406,927,1468,2025-02-02 02:02:57.857 +0000
11439,2180,1223,2025-02-02 03:00:15.997 +0000
11444,2180,543,2025-02-02 03:10:44.894 +0000
11450,2086,205,2025-02-02 03:53:08.726 +0000
11531,1262,927,2025-02-02 11:38:46.208 +0000
11533,1291,1115,2025-02-02 12:46:28.469 +0000
11584,1291,1234,2025-02-02 15:31:14.864 +0000
11592,2205,1871,2025-02-02 16:08:54.487 +0000
11595,2215,816,2025-02-02 16:22:26.049 +0000
11606,2218,400,2025-02-02 17:03:55.799 +0000
11642,2237,1055,2025-02-02 21:14:40.211 +0000
11647,2237,400,2025-02-02 21:16:31.569 +0000
11672,2245,1021,2025-02-02 22:55:55.034 +0000
11751,735,1603,2025-02-03 12:03:47.782 +0000
11754,735,2237,2025-02-03 12:04:48.064 +0000
11766,1981,2032,2025-02-03 12:55:30.861 +0000
11844,2150,1356,2025-02-03 22:00:42.250 +0000
11860,735,1685,2025-02-04 00:36:39.244 +0000
11865,1330,1552,2025-02-04 01:13:47.071 +0000
467,75,66,2024-12-16 15:57:05.986 +0000
477,36,8,2024-12-16 15:57:05.986 +0000
480,23,85,2024-12-16 15:57:05.986 +0000
486,95,36,2024-12-16 15:57:05.986 +0000
1311,1,198,2024-12-16 15:57:05.986 +0000
1315,1,113,2024-12-16 15:57:05.986 +0000
1320,1,145,2024-12-16 15:57:05.986 +0000
1333,1,169,2024-12-16 15:57:05.986 +0000
1351,213,88,2024-12-16 15:57:05.986 +0000
1364,213,11,2024-12-16 15:57:05.986 +0000
2137,358,56,2024-12-16 15:57:05.986 +0000
2147,358,85,2024-12-16 15:57:05.986 +0000
7108,543,683,2025-01-03 23:11:41.558 +0000
2173,362,205,2024-12-16 15:57:05.986 +0000
2178,362,239,2024-12-16 15:57:05.986 +0000
2182,362,316,2024-12-16 15:57:05.986 +0000
9295,1559,977,2025-01-22 22:22:19.610 +0000
2198,339,34,2024-12-16 15:57:05.986 +0000
2218,148,88,2024-12-16 15:57:05.986 +0000
2224,370,15,2024-12-16 15:57:05.986 +0000
2233,339,66,2024-12-16 15:57:05.986 +0000
2242,372,126,2024-12-16 15:57:05.986 +0000
2268,362,85,2024-12-16 15:57:05.986 +0000
2273,375,28,2024-12-16 15:57:05.986 +0000
2293,213,347,2024-12-16 15:57:05.986 +0000
2299,354,243,2024-12-16 15:57:05.986 +0000
2302,380,48,2024-12-16 15:57:05.986 +0000
2386,9,23,2024-12-16 15:57:05.986 +0000
3320,447,429,2024-12-16 15:57:05.986 +0000
3323,447,400,2024-12-16 15:57:05.986 +0000
3328,260,443,2024-12-16 15:57:05.986 +0000
4641,600,34,2024-12-22 23:06:29.813 +0000
4689,602,518,2024-12-23 00:05:17.820 +0000
3342,213,433,2024-12-16 15:57:05.986 +0000
4721,213,543,2024-12-23 00:58:14.929 +0000
3354,443,198,2024-12-16 15:57:05.986 +0000
3358,448,55,2024-12-16 15:57:05.986 +0000
3369,455,34,2024-12-16 15:57:05.986 +0000
3373,455,15,2024-12-16 15:57:05.986 +0000
3378,455,144,2024-12-16 15:57:05.986 +0000
3382,455,147,2024-12-16 15:57:05.986 +0000
3389,455,8,2024-12-16 15:57:05.986 +0000
3395,66,180,2024-12-16 15:57:05.986 +0000
7125,907,413,2025-01-04 03:16:35.902 +0000
3421,455,310,2024-12-16 15:57:05.986 +0000
3431,95,10,2024-12-16 15:57:05.986 +0000
3432,383,47,2024-12-16 15:57:05.986 +0000
3435,147,217,2024-12-16 15:57:05.986 +0000
3447,448,180,2024-12-16 15:57:05.986 +0000
9329,1573,670,2025-01-23 00:38:50.903 +0000
3461,460,453,2024-12-16 15:57:05.986 +0000
3462,460,415,2024-12-16 15:57:05.986 +0000
3472,447,233,2024-12-16 15:57:05.986 +0000
3478,413,157,2024-12-16 15:57:05.986 +0000
3501,213,460,2024-12-16 15:57:05.986 +0000
3514,43,370,2024-12-16 15:57:05.986 +0000
3519,411,24,2024-12-16 15:57:05.986 +0000
3523,411,79,2024-12-16 15:57:05.986 +0000
3536,448,313,2024-12-16 15:57:05.986 +0000
3539,462,457,2024-12-16 15:57:05.986 +0000
3548,453,396,2024-12-16 15:57:05.986 +0000
9339,1573,205,2025-01-23 00:41:33.721 +0000
3557,468,417,2024-12-16 15:57:05.986 +0000
3570,469,76,2024-12-16 15:57:05.986 +0000
3573,469,85,2024-12-16 15:57:05.986 +0000
3593,470,439,2024-12-16 15:57:05.986 +0000
3600,293,47,2024-12-16 15:57:05.986 +0000
3608,293,359,2024-12-16 15:57:05.986 +0000
3614,293,413,2024-12-16 15:57:05.986 +0000
3616,293,468,2024-12-16 15:57:05.986 +0000
3625,293,436,2024-12-16 15:57:05.986 +0000
4032,505,440,2024-12-18 04:11:04.613 +0000
9356,1575,1145,2025-01-23 04:24:50.178 +0000
4239,515,419,2024-12-19 17:42:29.238 +0000
4283,271,71,2024-12-20 03:22:56.792 +0000
4326,417,465,2024-12-20 22:31:13.770 +0000
4344,551,48,2024-12-21 00:18:15.407 +0000
4387,564,380,2024-12-21 16:43:23.413 +0000
4393,564,475,2024-12-21 16:44:28.801 +0000
4394,560,374,2024-12-21 16:47:08.413 +0000
4726,213,450,2024-12-23 00:58:25.019 +0000
9375,1169,1328,2025-01-23 04:59:46.847 +0000
9739,761,1077,2025-01-25 13:04:52.171 +0000
9752,1709,1027,2025-01-25 20:22:28.912 +0000
9767,1734,1020,2025-01-25 23:29:34.539 +0000
4775,484,50,2024-12-23 03:30:18.369 +0000
9776,1440,1278,2025-01-26 01:21:05.947 +0000
5722,741,465,2024-12-27 23:54:55.433 +0000
5746,744,396,2024-12-28 03:10:37.642 +0000
5769,745,542,2024-12-28 05:01:16.634 +0000
5791,750,443,2024-12-28 09:45:24.946 +0000
9795,1785,1450,2025-01-26 11:21:41.267 +0000
9815,1792,1450,2025-01-26 14:17:41.040 +0000
7185,913,63,2025-01-04 12:26:02.998 +0000
5830,468,15,2024-12-28 12:51:27.213 +0000
7224,919,448,2025-01-04 17:49:02.607 +0000
9818,902,850,2025-01-26 14:45:37.066 +0000
5863,761,468,2024-12-28 17:38:29.357 +0000
5881,763,407,2024-12-28 21:18:36.812 +0000
5922,738,390,2024-12-29 02:55:02.866 +0000
5930,738,561,2024-12-29 02:55:32.835 +0000
5932,654,396,2024-12-29 03:05:55.603 +0000
5935,370,230,2024-12-29 03:07:15.553 +0000
5963,783,406,2024-12-29 10:57:37.086 +0000
7230,919,468,2025-01-04 17:51:25.491 +0000
5982,785,771,2024-12-29 12:07:00.491 +0000
5988,785,748,2024-12-29 12:09:05.106 +0000
5996,785,415,2024-12-29 12:12:53.108 +0000
9845,213,1068,2025-01-26 19:23:44.623 +0000
12139,1893,1480,2025-02-05 01:35:42.125 +0000
6081,794,118,2024-12-29 15:33:36.120 +0000
6099,794,205,2024-12-29 15:43:50.660 +0000
6103,794,11,2024-12-29 15:43:53.719 +0000
6136,794,450,2024-12-29 15:44:39.448 +0000
6141,794,405,2024-12-29 15:44:43.637 +0000
7232,919,565,2025-01-04 17:52:03.190 +0000
9905,1861,735,2025-01-27 02:11:29.357 +0000
7279,925,166,2025-01-04 22:08:24.843 +0000
7287,927,297,2025-01-05 01:34:58.264 +0000
7364,876,400,2025-01-06 00:58:45.326 +0000
9926,1875,1021,2025-01-27 09:42:33.658 +0000
7421,967,712,2025-01-06 09:23:02.414 +0000
9932,1877,1534,2025-01-27 10:41:47.651 +0000
10025,1891,572,2025-01-27 13:43:39.500 +0000
10042,1603,465,2025-01-27 16:53:34.545 +0000
7521,1001,26,2025-01-06 20:34:10.085 +0000
10063,1904,2,2025-01-27 18:31:25.145 +0000
8336,1229,639,2025-01-13 12:07:04.950 +0000
8362,654,347,2025-01-13 17:55:13.699 +0000
10072,1904,1580,2025-01-27 18:32:46.214 +0000
8402,1244,380,2025-01-13 22:42:39.004 +0000
8408,1244,706,2025-01-13 22:47:14.678 +0000
8479,1257,496,2025-01-14 20:36:23.941 +0000
8885,1444,717,2025-01-20 09:59:24.062 +0000
8904,1374,126,2025-01-20 10:39:13.822 +0000
9101,1508,448,2025-01-21 18:52:16.032 +0000
10078,1907,1517,2025-01-27 19:27:24.513 +0000
9140,1526,1115,2025-01-22 00:28:08.855 +0000
9154,1530,1468,2025-01-22 02:18:24.721 +0000
9255,1489,436,2025-01-22 16:24:05.825 +0000
10131,1325,1909,2025-01-27 21:53:59.212 +0000
10133,1928,448,2025-01-27 23:45:35.866 +0000
10142,388,791,2025-01-28 00:51:21.759 +0000
10143,388,842,2025-01-28 00:51:28.974 +0000
10145,388,1130,2025-01-28 00:51:35.021 +0000
10146,388,1025,2025-01-28 00:51:41.523 +0000
10165,1945,553,2025-01-28 10:05:06.783 +0000
10170,1083,1875,2025-01-28 10:21:35.074 +0000
10195,1957,1027,2025-01-28 12:39:11.304 +0000
10208,1962,205,2025-01-28 14:26:52.457 +0000
10214,1975,1232,2025-01-28 19:12:24.230 +0000
10222,1977,481,2025-01-28 19:45:22.071 +0000
10238,1980,816,2025-01-28 20:31:31.559 +0000
10278,1992,972,2025-01-28 23:18:35.964 +0000
10306,1997,468,2025-01-29 02:17:56.133 +0000
10312,1998,1924,2025-01-29 09:02:11.822 +0000
10329,838,553,2025-01-29 13:01:15.290 +0000
10456,1977,1311,2025-01-29 20:47:02.637 +0000
10481,370,1468,2025-01-29 21:16:02.844 +0000
10508,2020,1440,2025-01-29 21:29:26.477 +0000
12142,1893,1510,2025-02-05 01:35:53.098 +0000
9324,1573,912,2025-01-23 00:38:41.113 +0000
481,23,88,2024-12-16 15:57:05.986 +0000
485,95,8,2024-12-16 15:57:05.986 +0000
495,75,9,2024-12-16 15:57:05.986 +0000
496,75,27,2024-12-16 15:57:05.986 +0000
9331,1573,970,2025-01-23 00:40:15.921 +0000
498,48,9,2024-12-16 15:57:05.986 +0000
499,48,57,2024-12-16 15:57:05.986 +0000
500,48,54,2024-12-16 15:57:05.986 +0000
501,48,56,2024-12-16 15:57:05.986 +0000
502,48,55,2024-12-16 15:57:05.986 +0000
503,48,63,2024-12-16 15:57:05.986 +0000
504,48,80,2024-12-16 15:57:05.986 +0000
9344,443,760,2025-01-23 02:25:53.027 +0000
7109,905,448,2025-01-04 01:31:09.186 +0000
507,48,77,2024-12-16 15:57:05.986 +0000
508,33,48,2024-12-16 15:57:05.986 +0000
509,33,37,2024-12-16 15:57:05.986 +0000
510,33,50,2024-12-16 15:57:05.986 +0000
511,33,47,2024-12-16 15:57:05.986 +0000
512,33,56,2024-12-16 15:57:05.986 +0000
513,33,55,2024-12-16 15:57:05.986 +0000
9350,443,1063,2025-01-23 02:26:02.494 +0000
7129,907,500,2025-01-04 03:16:51.512 +0000
516,33,85,2024-12-16 15:57:05.986 +0000
517,33,88,2024-12-16 15:57:05.986 +0000
9409,1482,448,2025-01-23 13:03:28.824 +0000
519,43,76,2024-12-16 15:57:05.986 +0000
9433,1589,928,2025-01-23 14:56:21.027 +0000
521,8,84,2024-12-16 15:57:05.986 +0000
522,8,72,2024-12-16 15:57:05.986 +0000
523,23,72,2024-12-16 15:57:05.986 +0000
524,23,84,2024-12-16 15:57:05.986 +0000
525,23,68,2024-12-16 15:57:05.986 +0000
526,23,80,2024-12-16 15:57:05.986 +0000
12152,2396,194,2025-02-05 04:54:29.821 +0000
528,23,113,2024-12-16 15:57:05.986 +0000
529,8,113,2024-12-16 15:57:05.986 +0000
530,23,118,2024-12-16 15:57:05.986 +0000
531,23,119,2024-12-16 15:57:05.986 +0000
532,8,118,2024-12-16 15:57:05.986 +0000
533,8,119,2024-12-16 15:57:05.986 +0000
534,124,8,2024-12-16 15:57:05.986 +0000
535,124,1,2024-12-16 15:57:05.986 +0000
536,124,28,2024-12-16 15:57:05.986 +0000
537,124,63,2024-12-16 15:57:05.986 +0000
538,124,75,2024-12-16 15:57:05.986 +0000
539,8,121,2024-12-16 15:57:05.986 +0000
540,8,124,2024-12-16 15:57:05.986 +0000
541,15,87,2024-12-16 15:57:05.986 +0000
542,15,76,2024-12-16 15:57:05.986 +0000
543,15,88,2024-12-16 15:57:05.986 +0000
544,15,66,2024-12-16 15:57:05.986 +0000
545,15,80,2024-12-16 15:57:05.986 +0000
7162,805,670,2025-01-04 10:52:06.393 +0000
547,15,77,2024-12-16 15:57:05.986 +0000
548,15,70,2024-12-16 15:57:05.986 +0000
549,15,75,2024-12-16 15:57:05.986 +0000
550,15,79,2024-12-16 15:57:05.986 +0000
551,23,121,2024-12-16 15:57:05.986 +0000
552,23,124,2024-12-16 15:57:05.986 +0000
553,8,125,2024-12-16 15:57:05.986 +0000
554,23,125,2024-12-16 15:57:05.986 +0000
555,15,85,2024-12-16 15:57:05.986 +0000
556,15,64,2024-12-16 15:57:05.986 +0000
557,15,119,2024-12-16 15:57:05.986 +0000
558,15,113,2024-12-16 15:57:05.986 +0000
559,15,121,2024-12-16 15:57:05.986 +0000
560,15,124,2024-12-16 15:57:05.986 +0000
561,85,48,2024-12-16 15:57:05.986 +0000
562,23,126,2024-12-16 15:57:05.986 +0000
7174,913,233,2025-01-04 12:25:28.086 +0000
7177,913,110,2025-01-04 12:25:47.477 +0000
565,75,119,2024-12-16 15:57:05.986 +0000
566,8,126,2024-12-16 15:57:05.986 +0000
567,36,85,2024-12-16 15:57:05.986 +0000
568,36,51,2024-12-16 15:57:05.986 +0000
7195,913,143,2025-01-04 12:28:36.188 +0000
570,36,118,2024-12-16 15:57:05.986 +0000
571,36,9,2024-12-16 15:57:05.986 +0000
572,75,113,2024-12-16 15:57:05.986 +0000
573,36,113,2024-12-16 15:57:05.986 +0000
574,36,63,2024-12-16 15:57:05.986 +0000
575,36,72,2024-12-16 15:57:05.986 +0000
576,36,121,2024-12-16 15:57:05.986 +0000
577,135,8,2024-12-16 15:57:05.986 +0000
578,135,23,2024-12-16 15:57:05.986 +0000
579,135,36,2024-12-16 15:57:05.986 +0000
580,48,135,2024-12-16 15:57:05.986 +0000
582,147,121,2024-12-16 15:57:05.986 +0000
583,147,27,2024-12-16 15:57:05.986 +0000
584,143,8,2024-12-16 15:57:05.986 +0000
585,143,113,2024-12-16 15:57:05.986 +0000
586,23,135,2024-12-16 15:57:05.986 +0000
587,8,135,2024-12-16 15:57:05.986 +0000
588,23,144,2024-12-16 15:57:05.986 +0000
589,23,146,2024-12-16 15:57:05.986 +0000
590,8,144,2024-12-16 15:57:05.986 +0000
591,8,145,2024-12-16 15:57:05.986 +0000
592,8,143,2024-12-16 15:57:05.986 +0000
593,23,143,2024-12-16 15:57:05.986 +0000
594,8,147,2024-12-16 15:57:05.986 +0000
595,23,147,2024-12-16 15:57:05.986 +0000
596,143,135,2024-12-16 15:57:05.986 +0000
597,143,126,2024-12-16 15:57:05.986 +0000
598,75,118,2024-12-16 15:57:05.986 +0000
599,75,54,2024-12-16 15:57:05.986 +0000
600,75,72,2024-12-16 15:57:05.986 +0000
601,75,121,2024-12-16 15:57:05.986 +0000
602,75,84,2024-12-16 15:57:05.986 +0000
603,75,126,2024-12-16 15:57:05.986 +0000
604,75,125,2024-12-16 15:57:05.986 +0000
605,75,124,2024-12-16 15:57:05.986 +0000
606,75,87,2024-12-16 15:57:05.986 +0000
7218,913,278,2025-01-04 12:30:30.332 +0000
608,75,144,2024-12-16 15:57:05.986 +0000
609,75,135,2024-12-16 15:57:05.986 +0000
610,75,145,2024-12-16 15:57:05.986 +0000
611,75,143,2024-12-16 15:57:05.986 +0000
612,75,147,2024-12-16 15:57:05.986 +0000
613,143,87,2024-12-16 15:57:05.986 +0000
614,15,126,2024-12-16 15:57:05.986 +0000
615,15,125,2024-12-16 15:57:05.986 +0000
7226,919,475,2025-01-04 17:49:39.593 +0000
617,15,144,2024-12-16 15:57:05.986 +0000
618,15,146,2024-12-16 15:57:05.986 +0000
619,15,135,2024-12-16 15:57:05.986 +0000
620,15,147,2024-12-16 15:57:05.986 +0000
7235,654,414,2025-01-04 18:05:35.897 +0000
9477,1600,1058,2025-01-23 18:36:40.415 +0000
623,148,121,2024-12-16 15:57:05.986 +0000
624,148,85,2024-12-16 15:57:05.986 +0000
9481,1600,1286,2025-01-23 18:37:56.457 +0000
626,148,125,2024-12-16 15:57:05.986 +0000
627,148,124,2024-12-16 15:57:05.986 +0000
628,148,87,2024-12-16 15:57:05.986 +0000
9740,1377,1585,2025-01-25 14:03:56.702 +0000
630,149,23,2024-12-16 15:57:05.986 +0000
632,149,8,2024-12-16 15:57:05.986 +0000
633,149,36,2024-12-16 15:57:05.986 +0000
634,149,27,2024-12-16 15:57:05.986 +0000
635,149,57,2024-12-16 15:57:05.986 +0000
636,149,1,2024-12-16 15:57:05.986 +0000
637,149,28,2024-12-16 15:57:05.986 +0000
638,151,28,2024-12-16 15:57:05.986 +0000
640,152,148,2024-12-16 15:57:05.986 +0000
641,152,147,2024-12-16 15:57:05.986 +0000
642,152,144,2024-12-16 15:57:05.986 +0000
643,152,27,2024-12-16 15:57:05.986 +0000
644,152,15,2024-12-16 15:57:05.986 +0000
646,152,9,2024-12-16 15:57:05.986 +0000
647,152,21,2024-12-16 15:57:05.986 +0000
648,152,149,2024-12-16 15:57:05.986 +0000
649,152,23,2024-12-16 15:57:05.986 +0000
650,152,36,2024-12-16 15:57:05.986 +0000
651,152,8,2024-12-16 15:57:05.986 +0000
652,8,148,2024-12-16 15:57:05.986 +0000
653,8,149,2024-12-16 15:57:05.986 +0000
654,75,148,2024-12-16 15:57:05.986 +0000
655,75,149,2024-12-16 15:57:05.986 +0000
656,75,150,2024-12-16 15:57:05.986 +0000
657,75,151,2024-12-16 15:57:05.986 +0000
658,23,148,2024-12-16 15:57:05.986 +0000
659,23,149,2024-12-16 15:57:05.986 +0000
660,8,150,2024-12-16 15:57:05.986 +0000
661,8,151,2024-12-16 15:57:05.986 +0000
662,8,153,2024-12-16 15:57:05.986 +0000
663,8,152,2024-12-16 15:57:05.986 +0000
664,23,150,2024-12-16 15:57:05.986 +0000
665,23,151,2024-12-16 15:57:05.986 +0000
666,15,148,2024-12-16 15:57:05.986 +0000
667,23,153,2024-12-16 15:57:05.986 +0000
668,15,149,2024-12-16 15:57:05.986 +0000
669,23,152,2024-12-16 15:57:05.986 +0000
670,15,150,2024-12-16 15:57:05.986 +0000
671,15,151,2024-12-16 15:57:05.986 +0000
672,75,153,2024-12-16 15:57:05.986 +0000
673,15,153,2024-12-16 15:57:05.986 +0000
674,15,152,2024-12-16 15:57:05.986 +0000
675,75,152,2024-12-16 15:57:05.986 +0000
676,75,154,2024-12-16 15:57:05.986 +0000
698,149,119,2024-12-16 15:57:05.986 +0000
1368,264,29,2024-12-16 15:57:05.986 +0000
1372,213,66,2024-12-16 15:57:05.986 +0000
9308,1570,832,2025-01-22 23:56:10.578 +0000
1383,213,195,2024-12-16 15:57:05.986 +0000
1412,15,195,2024-12-16 15:57:05.986 +0000
1426,260,157,2024-12-16 15:57:05.986 +0000
1439,228,26,2024-12-16 15:57:05.986 +0000
1445,260,264,2024-12-16 15:57:05.986 +0000
9320,1573,1234,2025-01-23 00:38:19.222 +0000
1459,260,37,2024-12-16 15:57:05.986 +0000
9366,1169,917,2025-01-23 04:55:02.905 +0000
2146,358,135,2024-12-16 15:57:05.986 +0000
2159,361,192,2024-12-16 15:57:05.986 +0000
2164,361,359,2024-12-16 15:57:05.986 +0000
2165,362,10,2024-12-16 15:57:05.986 +0000
2166,362,144,2024-12-16 15:57:05.986 +0000
2170,362,171,2024-12-16 15:57:05.986 +0000
2174,362,243,2024-12-16 15:57:05.986 +0000
2208,366,2,2024-12-16 15:57:05.986 +0000
2215,148,55,2024-12-16 15:57:05.986 +0000
2217,148,47,2024-12-16 15:57:05.986 +0000
2227,370,243,2024-12-16 15:57:05.986 +0000
2232,370,309,2024-12-16 15:57:05.986 +0000
2245,300,66,2024-12-16 15:57:05.986 +0000
2251,213,348,2024-12-16 15:57:05.986 +0000
2260,362,233,2024-12-16 15:57:05.986 +0000
2263,362,52,2024-12-16 15:57:05.986 +0000
2270,362,124,2024-12-16 15:57:05.986 +0000
2274,375,26,2024-12-16 15:57:05.986 +0000
2277,376,54,2024-12-16 15:57:05.986 +0000
2281,377,147,2024-12-16 15:57:05.986 +0000
2300,354,265,2024-12-16 15:57:05.986 +0000
2387,12,384,2024-12-16 15:57:05.986 +0000
2390,12,318,2024-12-16 15:57:05.986 +0000
3321,447,371,2024-12-16 15:57:05.986 +0000
3325,447,348,2024-12-16 15:57:05.986 +0000
4652,600,475,2024-12-22 23:10:03.453 +0000
7110,905,423,2025-01-04 01:31:34.044 +0000
3355,443,88,2024-12-16 15:57:05.986 +0000
3367,271,423,2024-12-16 15:57:05.986 +0000
3370,455,23,2024-12-16 15:57:05.986 +0000
3377,455,437,2024-12-16 15:57:05.986 +0000
3394,66,199,2024-12-16 15:57:05.986 +0000
3400,66,5,2024-12-16 15:57:05.986 +0000
3418,455,359,2024-12-16 15:57:05.986 +0000
3423,455,453,2024-12-16 15:57:05.986 +0000
3427,376,181,2024-12-16 15:57:05.986 +0000
3470,448,274,2024-12-16 15:57:05.986 +0000
3482,339,12,2024-12-16 15:57:05.986 +0000
3516,43,463,2024-12-16 15:57:05.986 +0000
3554,453,271,2024-12-16 15:57:05.986 +0000
3565,460,388,2024-12-16 15:57:05.986 +0000
3569,469,465,2024-12-16 15:57:05.986 +0000
3577,469,167,2024-12-16 15:57:05.986 +0000
3586,448,192,2024-12-16 15:57:05.986 +0000
3595,470,388,2024-12-16 15:57:05.986 +0000
3602,293,154,2024-12-16 15:57:05.986 +0000
3604,293,234,2024-12-16 15:57:05.986 +0000
4036,507,386,2024-12-18 04:34:05.066 +0000
4037,507,423,2024-12-18 04:35:20.474 +0000
4043,509,463,2024-12-18 09:41:52.479 +0000
4047,509,29,2024-12-18 09:45:50.111 +0000
4660,601,196,2024-12-22 23:19:25.112 +0000
4664,600,418,2024-12-22 23:27:21.631 +0000
4251,11,525,2024-12-19 23:02:00.016 +0000
4261,11,254,2024-12-19 23:50:55.750 +0000
4275,260,392,2024-12-20 01:06:55.194 +0000
4281,271,198,2024-12-20 03:22:55.117 +0000
4353,553,72,2024-12-21 01:49:53.927 +0000
4384,564,448,2024-12-21 16:42:53.614 +0000
4392,564,386,2024-12-21 16:44:04.217 +0000
4685,370,121,2024-12-23 00:02:41.804 +0000
12162,2422,1115,2025-02-05 09:27:24.570 +0000
4729,543,452,2024-12-23 01:05:44.356 +0000
9424,1589,572,2025-01-23 14:52:41.125 +0000
5740,683,543,2024-12-28 02:27:57.135 +0000
5778,746,512,2024-12-28 05:32:51.306 +0000
5786,738,213,2024-12-28 09:22:29.118 +0000
9439,1589,205,2025-01-23 14:57:41.340 +0000
7161,912,448,2025-01-04 10:45:55.601 +0000
9741,1704,1095,2025-01-25 16:57:56.506 +0000
12169,2422,1223,2025-02-05 09:29:01.872 +0000
7173,913,57,2025-01-04 12:25:22.389 +0000
5859,760,417,2024-12-28 17:10:26.604 +0000
5880,763,495,2024-12-28 21:17:38.525 +0000
5891,767,512,2024-12-28 23:08:44.503 +0000
5926,738,359,2024-12-29 02:55:15.446 +0000
6007,789,448,2024-12-29 13:24:40.650 +0000
9761,1055,1320,2025-01-25 21:57:29.948 +0000
9770,1440,1258,2025-01-26 01:20:22.030 +0000
6083,794,415,2024-12-29 15:35:00.982 +0000
6085,794,43,2024-12-29 15:40:51.996 +0000
6088,794,458,2024-12-29 15:42:30.709 +0000
6102,794,217,2024-12-29 15:43:53.008 +0000
6114,794,167,2024-12-29 15:44:08.050 +0000
6131,794,203,2024-12-29 15:44:34.190 +0000
6140,794,294,2024-12-29 15:44:42.769 +0000
9778,213,1130,2025-01-26 02:00:04.616 +0000
7202,913,180,2025-01-04 12:29:09.184 +0000
7241,654,243,2025-01-04 18:05:43.094 +0000
9785,1762,1027,2025-01-26 08:39:59.180 +0000
7280,925,333,2025-01-04 22:09:08.325 +0000
7317,940,600,2025-01-05 14:46:13.792 +0000
7347,838,429,2025-01-05 23:35:01.440 +0000
9787,1762,1369,2025-01-26 08:41:07.154 +0000
9814,1792,1077,2025-01-26 14:15:35.509 +0000
7386,966,415,2025-01-06 05:11:50.108 +0000
7391,966,525,2025-01-06 05:14:12.166 +0000
9834,1799,448,2025-01-26 16:55:28.407 +0000
7401,966,921,2025-01-06 05:15:57.399 +0000
7422,971,465,2025-01-06 10:20:10.597 +0000
9842,1800,1369,2025-01-26 17:59:07.552 +0000
12198,487,149,2025-02-05 12:38:36.136 +0000
7523,1001,27,2025-01-06 20:34:34.301 +0000
7548,976,525,2025-01-06 23:46:20.509 +0000
7559,705,463,2025-01-07 00:33:29.879 +0000
7567,927,560,2025-01-07 02:13:29.406 +0000
12212,2360,802,2025-02-05 15:48:40.977 +0000
8500,1262,379,2025-01-15 01:24:35.268 +0000
8506,1262,465,2025-01-15 01:29:33.718 +0000
8507,473,1232,2025-01-15 08:16:22.465 +0000
8511,271,410,2025-01-15 11:20:59.825 +0000
8525,271,977,2025-01-15 11:21:19.414 +0000
8907,1374,304,2025-01-20 10:49:27.532 +0000
8921,1449,639,2025-01-20 12:47:59.990 +0000
9102,1508,760,2025-01-21 18:57:25.977 +0000
9111,1515,1369,2025-01-21 21:29:40.290 +0000
9118,1312,600,2025-01-21 23:49:32.481 +0000
9126,1526,1412,2025-01-22 00:24:47.417 +0000
9261,1489,972,2025-01-22 16:24:13.289 +0000
9934,1877,1581,2025-01-27 10:42:08.412 +0000
10021,260,417,2025-01-27 13:16:02.829 +0000
10105,1913,1468,2025-01-27 20:42:53.189 +0000
10111,1915,1586,2025-01-27 21:23:13.632 +0000
10112,1915,1695,2025-01-27 21:23:37.990 +0000
10116,1917,940,2025-01-27 21:25:07.115 +0000
10122,1918,1283,2025-01-27 21:29:30.106 +0000
10135,1929,1369,2025-01-27 23:46:43.304 +0000
10201,1962,1130,2025-01-28 14:20:20.138 +0000
10218,1975,1322,2025-01-28 19:13:13.512 +0000
10240,1980,1369,2025-01-28 20:31:37.126 +0000
10245,1982,572,2025-01-28 20:59:47.117 +0000
10249,1986,488,2025-01-28 21:23:55.341 +0000
10252,1986,791,2025-01-28 21:24:02.809 +0000
10264,1990,941,2025-01-28 22:20:50.646 +0000
10269,1992,1486,2025-01-28 23:13:22.553 +0000
10279,1992,1028,2025-01-28 23:19:05.755 +0000
10299,1996,1075,2025-01-29 00:00:41.137 +0000
10309,212,1850,2025-01-29 08:43:40.031 +0000
10328,838,518,2025-01-29 13:01:11.867 +0000
10476,370,1350,2025-01-29 21:14:57.907 +0000
10941,260,814,2025-01-31 13:41:50.381 +0000
10947,2111,1378,2025-01-31 14:08:46.138 +0000
10962,2111,885,2025-01-31 14:23:36.926 +0000
10979,260,906,2025-01-31 14:37:04.634 +0000
10998,213,1079,2025-01-31 14:40:42.501 +0000
11039,1416,1477,2025-01-31 14:52:17.342 +0000
11291,2159,1364,2025-02-01 22:01:58.993 +0000
11295,1163,1592,2025-02-01 22:27:40.337 +0000
11313,1163,1203,2025-02-01 22:31:30.495 +0000
11327,735,1330,2025-02-01 23:34:52.024 +0000
11332,2164,560,2025-02-01 23:42:27.351 +0000
9311,1573,448,2025-01-23 00:37:47.031 +0000
681,156,121,2024-12-16 15:57:05.986 +0000
686,153,27,2024-12-16 15:57:05.986 +0000
694,148,135,2024-12-16 15:57:05.986 +0000
1369,213,198,2024-12-16 15:57:05.986 +0000
1379,213,154,2024-12-16 15:57:05.986 +0000
1381,213,167,2024-12-16 15:57:05.986 +0000
1384,213,215,2024-12-16 15:57:05.986 +0000
1387,213,212,2024-12-16 15:57:05.986 +0000
1391,213,264,2024-12-16 15:57:05.986 +0000
1395,213,254,2024-12-16 15:57:05.986 +0000
1398,15,205,2024-12-16 15:57:05.986 +0000
1402,15,216,2024-12-16 15:57:05.986 +0000
1405,15,67,2024-12-16 15:57:05.986 +0000
1414,260,63,2024-12-16 15:57:05.986 +0000
1419,260,70,2024-12-16 15:57:05.986 +0000
9319,1573,1530,2025-01-23 00:38:18.316 +0000
1431,260,196,2024-12-16 15:57:05.986 +0000
1433,266,34,2024-12-16 15:57:05.986 +0000
1438,228,28,2024-12-16 15:57:05.986 +0000
1455,260,259,2024-12-16 15:57:05.986 +0000
1463,260,33,2024-12-16 15:57:05.986 +0000
2388,12,379,2024-12-16 15:57:05.986 +0000
2389,12,332,2024-12-16 15:57:05.986 +0000
2393,12,329,2024-12-16 15:57:05.986 +0000
3322,447,318,2024-12-16 15:57:05.986 +0000
3327,260,448,2024-12-16 15:57:05.986 +0000
3343,213,401,2024-12-16 15:57:05.986 +0000
3349,213,442,2024-12-16 15:57:05.986 +0000
3353,443,33,2024-12-16 15:57:05.986 +0000
3357,448,56,2024-12-16 15:57:05.986 +0000
3393,66,157,2024-12-16 15:57:05.986 +0000
9345,443,902,2025-01-23 02:25:54.091 +0000
3412,213,455,2024-12-16 15:57:05.986 +0000
3417,455,418,2024-12-16 15:57:05.986 +0000
3428,376,124,2024-12-16 15:57:05.986 +0000
3449,448,217,2024-12-16 15:57:05.986 +0000
9354,1575,941,2025-01-23 04:24:47.832 +0000
3466,448,418,2024-12-16 15:57:05.986 +0000
3469,448,359,2024-12-16 15:57:05.986 +0000
3473,447,56,2024-12-16 15:57:05.986 +0000
4866,447,26,2024-12-24 01:21:51.692 +0000
3483,339,199,2024-12-16 15:57:05.986 +0000
3489,463,396,2024-12-16 15:57:05.986 +0000
3494,463,217,2024-12-16 15:57:05.986 +0000
4875,447,415,2024-12-24 01:43:12.229 +0000
3498,448,463,2024-12-16 15:57:05.986 +0000
3499,309,144,2024-12-16 15:57:05.986 +0000
3504,213,463,2024-12-16 15:57:05.986 +0000
3510,9,26,2024-12-16 15:57:05.986 +0000
3517,466,421,2024-12-16 15:57:05.986 +0000
3525,145,385,2024-12-16 15:57:05.986 +0000
3542,462,439,2024-12-16 15:57:05.986 +0000
3545,453,448,2024-12-16 15:57:05.986 +0000
3547,453,423,2024-12-16 15:57:05.986 +0000
3561,468,213,2024-12-16 15:57:05.986 +0000
3562,468,436,2024-12-16 15:57:05.986 +0000
3568,469,33,2024-12-16 15:57:05.986 +0000
3582,448,243,2024-12-16 15:57:05.986 +0000
3583,448,29,2024-12-16 15:57:05.986 +0000
3588,469,239,2024-12-16 15:57:05.986 +0000
3592,470,399,2024-12-16 15:57:05.986 +0000
3603,293,205,2024-12-16 15:57:05.986 +0000
3615,293,448,2024-12-16 15:57:05.986 +0000
3620,293,462,2024-12-16 15:57:05.986 +0000
3622,293,281,2024-12-16 15:57:05.986 +0000
4056,511,380,2024-12-18 10:06:54.386 +0000
4248,528,521,2024-12-19 21:27:29.624 +0000
4262,11,213,2024-12-19 23:51:05.640 +0000
4282,271,30,2024-12-20 03:22:55.841 +0000
9371,1169,1020,2025-01-23 04:58:22.146 +0000
4383,564,560,2024-12-21 16:42:15.984 +0000
4889,637,447,2024-12-24 04:46:08.311 +0000
4904,591,549,2024-12-24 08:52:19.403 +0000
4950,260,401,2024-12-24 22:01:22.928 +0000
5001,654,468,2024-12-25 07:59:53.380 +0000
5014,654,76,2024-12-25 08:08:47.013 +0000
5076,661,447,2024-12-25 16:32:47.567 +0000
5097,591,561,2024-12-25 18:05:07.031 +0000
9392,1581,468,2025-01-23 09:54:10.127 +0000
9401,1585,1075,2025-01-23 12:51:16.361 +0000
9403,1585,1531,2025-01-23 12:52:53.141 +0000
9432,1589,468,2025-01-23 14:56:01.571 +0000
7111,905,881,2025-01-04 01:31:42.442 +0000
5754,745,639,2024-12-28 04:45:13.117 +0000
5765,745,594,2024-12-28 04:56:03.053 +0000
5768,745,437,2024-12-28 04:59:42.608 +0000
5780,746,681,2024-12-28 05:33:52.926 +0000
5782,748,413,2024-12-28 06:38:25.569 +0000
9442,15,1258,2025-01-23 15:47:44.856 +0000
5873,763,560,2024-12-28 21:15:53.309 +0000
5886,767,522,2024-12-28 23:08:08.812 +0000
5892,767,413,2024-12-28 23:08:45.931 +0000
5916,769,572,2024-12-28 23:55:21.854 +0000
5924,738,336,2024-12-29 02:55:10.410 +0000
5951,370,198,2024-12-29 03:16:16.162 +0000
5986,785,414,2024-12-29 12:07:46.116 +0000
6006,789,522,2024-12-29 13:24:15.129 +0000
7138,907,639,2025-01-04 03:17:34.194 +0000
9453,1593,970,2025-01-23 16:11:08.566 +0000
12149,2396,1974,2025-02-05 04:54:20.209 +0000
12153,2396,1269,2025-02-05 04:54:31.204 +0000
9746,1340,1286,2025-01-25 17:23:39.835 +0000
9748,1462,417,2025-01-25 18:29:24.616 +0000
9750,1377,1621,2025-01-25 19:34:41.755 +0000
6108,794,211,2024-12-29 15:43:58.260 +0000
6116,794,486,2024-12-29 15:44:10.296 +0000
7180,913,36,2025-01-04 12:25:52.877 +0000
9774,1440,1369,2025-01-26 01:21:01.589 +0000
7213,913,200,2025-01-04 12:29:57.742 +0000
7247,913,254,2025-01-04 18:20:17.836 +0000
9800,1785,1467,2025-01-26 11:32:12.570 +0000
7274,783,818,2025-01-04 22:05:29.501 +0000
12175,1981,1962,2025-02-05 10:15:27.246 +0000
7296,932,512,2025-01-05 07:09:39.443 +0000
7318,940,639,2025-01-05 14:46:18.907 +0000
7346,838,554,2025-01-05 23:34:58.367 +0000
7353,838,379,2025-01-06 00:02:24.749 +0000
7387,966,48,2025-01-06 05:11:59.279 +0000
7392,966,419,2025-01-06 05:14:22.537 +0000
9819,1794,87,2025-01-26 15:09:29.184 +0000
9829,1798,1269,2025-01-26 16:00:53.143 +0000
9850,213,1072,2025-01-26 19:24:14.917 +0000
9901,927,417,2025-01-26 22:03:27.388 +0000
7558,705,475,2025-01-07 00:33:27.148 +0000
8485,1257,563,2025-01-14 20:37:28.388 +0000
8491,1258,1130,2025-01-14 22:10:37.525 +0000
8494,1262,525,2025-01-15 01:21:25.556 +0000
8528,271,961,2025-01-15 11:21:22.872 +0000
8923,1451,448,2025-01-20 13:12:49.888 +0000
8945,1454,1130,2025-01-20 15:51:09.144 +0000
9103,1490,1456,2025-01-21 19:33:16.726 +0000
9109,1515,802,2025-01-21 21:29:11.706 +0000
9112,1516,1202,2025-01-21 22:01:04.343 +0000
9920,1875,1259,2025-01-27 09:24:59.564 +0000
9950,1325,1169,2025-01-27 13:01:22.417 +0000
10002,260,1580,2025-01-27 13:14:59.411 +0000
10029,1893,921,2025-01-27 14:35:09.834 +0000
10039,1487,1552,2025-01-27 15:15:23.245 +0000
10080,1907,720,2025-01-27 19:28:21.537 +0000
10107,1913,1873,2025-01-27 20:43:37.821 +0000
10164,1055,1937,2025-01-28 05:39:56.153 +0000
10198,506,1130,2025-01-28 13:02:41.861 +0000
10210,1965,1010,2025-01-28 15:08:15.585 +0000
10248,1982,1350,2025-01-28 20:59:53.298 +0000
10263,1990,213,2025-01-28 22:14:08.924 +0000
10316,1999,1468,2025-01-29 09:27:02.118 +0000
10332,1003,463,2025-01-29 13:02:17.084 +0000
10334,1003,512,2025-01-29 13:02:22.284 +0000
10354,1365,1350,2025-01-29 13:12:01.752 +0000
10370,1706,512,2025-01-29 13:12:30.769 +0000
10484,370,484,2025-01-29 21:17:10.603 +0000
10513,1977,1028,2025-01-29 21:43:57.045 +0000
10551,2032,1450,2025-01-30 02:37:25.763 +0000
10596,1798,1530,2025-01-30 05:13:03.665 +0000
10606,2036,1525,2025-01-30 09:19:09.341 +0000
10626,2031,1269,2025-01-30 10:29:43.430 +0000
10640,2036,1949,2025-01-30 11:59:43.148 +0000
10669,735,1060,2025-01-30 13:06:29.661 +0000
10963,2111,1928,2025-01-31 14:23:45.233 +0000
11005,213,1486,2025-01-31 14:43:53.024 +0000
11024,213,1201,2025-01-31 14:47:50.986 +0000
11037,1416,1145,2025-01-31 14:52:14.816 +0000
11045,1416,1283,2025-01-31 14:53:04.804 +0000
11290,2157,816,2025-02-01 21:42:30.117 +0000
678,153,23,2024-12-16 15:57:05.986 +0000
7112,905,388,2025-01-04 01:32:00.772 +0000
7118,905,600,2025-01-04 01:34:32.484 +0000
1392,213,260,2024-12-16 15:57:05.986 +0000
1401,15,247,2024-12-16 15:57:05.986 +0000
1406,15,196,2024-12-16 15:57:05.986 +0000
1411,15,193,2024-12-16 15:57:05.986 +0000
1417,260,148,2024-12-16 15:57:05.986 +0000
1422,260,28,2024-12-16 15:57:05.986 +0000
1430,260,67,2024-12-16 15:57:05.986 +0000
1441,260,186,2024-12-16 15:57:05.986 +0000
1453,260,216,2024-12-16 15:57:05.986 +0000
1462,260,50,2024-12-16 15:57:05.986 +0000
2391,12,353,2024-12-16 15:57:05.986 +0000
2394,271,309,2024-12-16 15:57:05.986 +0000
2395,271,316,2024-12-16 15:57:05.986 +0000
3324,447,316,2024-12-16 15:57:05.986 +0000
9312,1573,1292,2025-01-23 00:38:10.502 +0000
3348,213,443,2024-12-16 15:57:05.986 +0000
3352,443,230,2024-12-16 15:57:05.986 +0000
3359,447,36,2024-12-16 15:57:05.986 +0000
3360,375,126,2024-12-16 15:57:05.986 +0000
3364,36,411,2024-12-16 15:57:05.986 +0000
9385,1581,1483,2025-01-23 09:48:43.430 +0000
3372,455,48,2024-12-16 15:57:05.986 +0000
9415,1586,1206,2025-01-23 13:29:49.200 +0000
3380,455,151,2024-12-16 15:57:05.986 +0000
3397,66,34,2024-12-16 15:57:05.986 +0000
3404,455,213,2024-12-16 15:57:05.986 +0000
3422,455,319,2024-12-16 15:57:05.986 +0000
3433,147,26,2024-12-16 15:57:05.986 +0000
3442,448,76,2024-12-16 15:57:05.986 +0000
3448,448,154,2024-12-16 15:57:05.986 +0000
9444,15,1201,2025-01-23 15:47:52.009 +0000
12150,2396,1077,2025-02-05 04:54:24.469 +0000
3467,460,399,2024-12-16 15:57:05.986 +0000
3475,447,54,2024-12-16 15:57:05.986 +0000
4799,370,504,2024-12-23 13:39:37.414 +0000
3485,462,444,2024-12-16 15:57:05.986 +0000
3497,448,462,2024-12-16 15:57:05.986 +0000
3503,213,462,2024-12-16 15:57:05.986 +0000
3513,43,274,2024-12-16 15:57:05.986 +0000
3518,411,15,2024-12-16 15:57:05.986 +0000
3522,411,67,2024-12-16 15:57:05.986 +0000
3526,145,48,2024-12-16 15:57:05.986 +0000
3543,453,413,2024-12-16 15:57:05.986 +0000
3551,453,460,2024-12-16 15:57:05.986 +0000
3564,460,396,2024-12-16 15:57:05.986 +0000
3571,469,87,2024-12-16 15:57:05.986 +0000
3576,469,448,2024-12-16 15:57:05.986 +0000
3584,448,47,2024-12-16 15:57:05.986 +0000
3596,470,1,2024-12-16 15:57:05.986 +0000
12182,1981,1913,2025-02-05 10:16:27.986 +0000
3607,293,268,2024-12-16 15:57:05.986 +0000
3613,293,166,2024-12-16 15:57:05.986 +0000
3617,293,156,2024-12-16 15:57:05.986 +0000
3623,293,320,2024-12-16 15:57:05.986 +0000
4061,512,465,2024-12-18 11:43:42.940 +0000
4067,512,50,2024-12-18 11:44:18.237 +0000
4070,481,48,2024-12-18 13:03:06.882 +0000
4274,260,329,2024-12-20 01:06:52.887 +0000
4304,538,500,2024-12-20 15:38:08.653 +0000
4335,448,550,2024-12-21 00:03:17.454 +0000
4364,147,417,2024-12-21 14:52:16.490 +0000
4837,618,213,2024-12-23 22:00:38.965 +0000
4868,592,512,2024-12-24 01:31:32.097 +0000
4909,591,551,2024-12-24 08:52:29.517 +0000
9762,213,623,2025-01-25 22:40:01.013 +0000
9763,1595,135,2025-01-25 23:10:07.041 +0000
4941,644,468,2024-12-24 20:54:28.435 +0000
7186,913,33,2025-01-04 12:26:04.568 +0000
7205,913,166,2025-01-04 12:29:15.164 +0000
9803,1785,1479,2025-01-26 11:34:31.950 +0000
4995,652,386,2024-12-25 03:44:12.892 +0000
7242,654,121,2025-01-04 18:05:45.105 +0000
9857,213,1467,2025-01-26 19:25:09.546 +0000
5061,659,424,2024-12-25 15:48:08.546 +0000
5067,661,505,2024-12-25 16:29:46.652 +0000
5077,661,429,2024-12-25 16:32:52.983 +0000
10213,1972,1621,2025-01-28 17:34:11.857 +0000
5131,666,413,2024-12-25 20:58:14.756 +0000
5135,666,525,2024-12-25 20:58:22.477 +0000
5153,681,639,2024-12-25 22:44:20.831 +0000
12200,487,2055,2025-02-05 12:39:09.609 +0000
6142,794,248,2024-12-29 15:44:44.583 +0000
6148,800,463,2024-12-29 16:31:52.466 +0000
6155,800,639,2024-12-29 16:32:42.741 +0000
6178,800,167,2024-12-29 16:35:43.299 +0000
6214,805,639,2024-12-29 18:28:49.101 +0000
6229,763,194,2024-12-29 18:54:34.661 +0000
6248,802,167,2024-12-29 21:43:09.085 +0000
6251,802,315,2024-12-29 21:44:05.318 +0000
6297,813,400,2024-12-29 22:37:12.041 +0000
6311,448,779,2024-12-29 22:44:29.325 +0000
6338,820,126,2024-12-30 02:44:26.257 +0000
6356,822,347,2024-12-30 04:48:31.594 +0000
6363,823,432,2024-12-30 05:51:20.985 +0000
6369,823,423,2024-12-30 05:55:53.028 +0000
7333,484,240,2025-01-05 18:55:50.275 +0000
6394,825,448,2024-12-30 13:04:13.018 +0000
6428,654,484,2024-12-30 17:59:47.797 +0000
10282,1992,1467,2025-01-28 23:20:32.524 +0000
10486,370,1292,2025-01-29 21:17:22.919 +0000
10520,2020,818,2025-01-29 22:20:19.257 +0000
6503,834,448,2024-12-30 19:08:40.030 +0000
10531,12,1440,2025-01-29 22:39:53.550 +0000
6529,783,834,2024-12-30 19:35:53.529 +0000
6546,836,500,2024-12-30 21:13:16.887 +0000
6608,836,554,2024-12-30 21:17:47.322 +0000
6624,809,423,2024-12-30 23:10:12.172 +0000
10550,2032,1360,2025-01-30 02:37:08.553 +0000
10598,2036,1367,2025-01-30 09:17:08.770 +0000
7404,967,655,2025-01-06 07:00:51.096 +0000
7413,967,468,2025-01-06 07:04:53.908 +0000
12213,2360,1512,2025-02-05 15:54:56.652 +0000
10631,2036,1332,2025-01-30 11:58:00.660 +0000
10657,1204,468,2025-01-30 13:00:58.871 +0000
10664,735,1451,2025-01-30 13:04:39.982 +0000
10670,735,1205,2025-01-30 13:06:38.071 +0000
7553,976,396,2025-01-06 23:47:27.162 +0000
8486,1258,410,2025-01-14 22:08:44.955 +0000
8520,271,787,2025-01-15 11:21:11.982 +0000
8926,1451,463,2025-01-20 13:15:14.896 +0000
10967,1491,1381,2025-01-31 14:24:12.798 +0000
9121,1526,1282,2025-01-22 00:21:40.173 +0000
10986,12,352,2025-01-31 14:38:01.926 +0000
9141,1526,1381,2025-01-22 00:28:30.678 +0000
10993,213,885,2025-01-31 14:38:43.252 +0000
11009,213,591,2025-01-31 14:44:32.107 +0000
12226,428,260,2025-02-05 16:45:25.300 +0000
11317,1163,1871,2025-02-01 22:31:36.760 +0000
11321,1163,1467,2025-02-01 22:32:35.474 +0000
11324,1163,1877,2025-02-01 22:59:34.922 +0000
12278,2442,1517,2025-02-05 19:38:37.185 +0000
11348,1462,1935,2025-02-02 00:31:26.271 +0000
11386,1462,1917,2025-02-02 00:36:48.412 +0000
11392,2171,818,2025-02-02 00:47:22.740 +0000
12333,1262,2294,2025-02-05 20:18:26.873 +0000
12351,2236,1621,2025-02-05 21:25:18.151 +0000
12375,1574,400,2025-02-06 00:44:38.538 +0000
12387,2457,484,2025-02-06 07:47:21.573 +0000
12391,2457,417,2025-02-06 07:47:39.055 +0000
11539,1291,889,2025-02-02 12:47:34.677 +0000
11568,436,927,2025-02-02 14:16:12.572 +0000
11581,1291,822,2025-02-02 15:24:56.732 +0000
11599,2218,1028,2025-02-02 17:02:54.998 +0000
11673,2245,1607,2025-02-02 22:56:07.152 +0000
11701,1146,460,2025-02-03 00:44:32.050 +0000
11758,2315,1362,2025-02-03 12:54:03.162 +0000
11849,2349,1193,2025-02-03 23:27:50.633 +0000
11852,2349,1236,2025-02-03 23:31:17.633 +0000
11857,2167,1248,2025-02-04 00:24:18.528 +0000
12406,2459,2349,2025-02-06 08:56:22.331 +0000
12411,1785,2189,2025-02-06 09:24:28.900 +0000
12415,2461,1362,2025-02-06 11:00:08.460 +0000
12440,2466,621,2025-02-06 13:12:49.986 +0000
12462,2479,380,2025-02-06 16:34:37.747 +0000
12464,388,1861,2025-02-06 16:52:51.653 +0000
12483,2492,1489,2025-02-06 21:14:00.025 +0000
12496,2491,572,2025-02-06 21:42:29.081 +0000
12512,2496,2229,2025-02-06 22:04:17.990 +0000
12528,2503,1115,2025-02-06 22:33:56.497 +0000
12534,2503,2359,2025-02-06 22:34:45.784 +0000
12542,2521,912,2025-02-06 23:57:16.248 +0000
679,153,15,2024-12-16 15:57:05.986 +0000
1371,213,180,2024-12-16 15:57:05.986 +0000
1376,213,143,2024-12-16 15:57:05.986 +0000
1380,213,156,2024-12-16 15:57:05.986 +0000
1389,213,248,2024-12-16 15:57:05.986 +0000
1394,213,95,2024-12-16 15:57:05.986 +0000
1397,213,1,2024-12-16 15:57:05.986 +0000
1399,15,245,2024-12-16 15:57:05.986 +0000
1404,15,2,2024-12-16 15:57:05.986 +0000
1413,260,36,2024-12-16 15:57:05.986 +0000
1421,260,11,2024-12-16 15:57:05.986 +0000
9340,443,488,2025-01-23 02:25:48.416 +0000
1444,260,241,2024-12-16 15:57:05.986 +0000
1446,166,34,2024-12-16 15:57:05.986 +0000
1448,260,149,2024-12-16 15:57:05.986 +0000
1456,260,1,2024-12-16 15:57:05.986 +0000
1465,260,32,2024-12-16 15:57:05.986 +0000
2396,271,320,2024-12-16 15:57:05.986 +0000
3326,447,320,2024-12-16 15:57:05.986 +0000
9348,443,1169,2025-01-23 02:25:58.607 +0000
3341,213,390,2024-12-16 15:57:05.986 +0000
9372,1169,1325,2025-01-23 04:58:37.962 +0000
3363,36,339,2024-12-16 15:57:05.986 +0000
3365,411,429,2024-12-16 15:57:05.986 +0000
3374,455,52,2024-12-16 15:57:05.986 +0000
3379,455,146,2024-12-16 15:57:05.986 +0000
3387,455,413,2024-12-16 15:57:05.986 +0000
3398,66,33,2024-12-16 15:57:05.986 +0000
3406,213,446,2024-12-16 15:57:05.986 +0000
3407,213,444,2024-12-16 15:57:05.986 +0000
3411,213,453,2024-12-16 15:57:05.986 +0000
3415,455,192,2024-12-16 15:57:05.986 +0000
3424,455,421,2024-12-16 15:57:05.986 +0000
3430,376,156,2024-12-16 15:57:05.986 +0000
4800,459,271,2024-12-23 14:41:13.376 +0000
3438,147,452,2024-12-16 15:57:05.986 +0000
9416,1586,832,2025-01-23 13:30:49.205 +0000
3460,213,458,2024-12-16 15:57:05.986 +0000
3465,460,423,2024-12-16 15:57:05.986 +0000
4815,616,481,2024-12-23 16:51:14.005 +0000
9745,1589,213,2025-01-25 17:15:31.092 +0000
3487,463,413,2024-12-16 15:57:05.986 +0000
3496,419,169,2024-12-16 15:57:05.986 +0000
3507,464,30,2024-12-16 15:57:05.986 +0000
3509,9,15,2024-12-16 15:57:05.986 +0000
3511,9,56,2024-12-16 15:57:05.986 +0000
3520,411,27,2024-12-16 15:57:05.986 +0000
3530,213,465,2024-12-16 15:57:05.986 +0000
3540,453,415,2024-12-16 15:57:05.986 +0000
3550,453,399,2024-12-16 15:57:05.986 +0000
9758,1721,1379,2025-01-25 21:52:37.415 +0000
3559,468,428,2024-12-16 15:57:05.986 +0000
3575,469,124,2024-12-16 15:57:05.986 +0000
3578,469,192,2024-12-16 15:57:05.986 +0000
3585,448,33,2024-12-16 15:57:05.986 +0000
7113,905,512,2025-01-04 01:32:30.825 +0000
3619,293,459,2024-12-16 15:57:05.986 +0000
3626,293,463,2024-12-16 15:57:05.986 +0000
9772,1440,1454,2025-01-26 01:20:35.992 +0000
7132,907,347,2025-01-04 03:17:12.241 +0000
4942,646,501,2024-12-24 21:04:20.296 +0000
4323,550,437,2024-12-20 21:15:15.179 +0000
4345,551,415,2024-12-21 00:21:39.205 +0000
4363,561,421,2024-12-21 14:49:04.553 +0000
12151,2396,875,2025-02-05 04:54:28.344 +0000
4385,564,396,2024-12-21 16:42:57.804 +0000
4985,650,463,2024-12-25 02:41:34.860 +0000
4989,651,448,2024-12-25 02:55:47.257 +0000
4992,651,618,2024-12-25 02:57:37.239 +0000
7160,912,48,2025-01-04 10:45:40.953 +0000
5047,655,36,2024-12-25 08:48:58.930 +0000
5074,661,623,2024-12-25 16:32:18.639 +0000
7163,914,817,2025-01-04 12:07:49.480 +0000
5094,591,560,2024-12-25 18:04:54.689 +0000
10215,1975,1257,2025-01-28 19:12:31.941 +0000
5136,666,492,2024-12-25 20:58:26.687 +0000
7165,913,11,2025-01-04 12:23:04.367 +0000
5188,683,571,2024-12-26 00:27:28.740 +0000
5190,683,462,2024-12-26 00:28:05.306 +0000
5192,683,422,2024-12-26 00:30:25.315 +0000
5198,684,463,2024-12-26 00:48:46.074 +0000
6143,794,240,2024-12-29 15:44:45.312 +0000
6152,800,468,2024-12-29 16:32:37.836 +0000
6169,800,180,2024-12-29 16:34:34.284 +0000
10217,1975,1288,2025-01-28 19:13:03.710 +0000
7170,913,227,2025-01-04 12:24:58.809 +0000
10239,1980,1364,2025-01-28 20:31:35.597 +0000
6215,805,468,2024-12-29 18:29:12.779 +0000
6231,763,124,2024-12-29 18:54:49.871 +0000
6250,802,468,2024-12-29 21:44:02.754 +0000
6302,814,463,2024-12-29 22:41:53.551 +0000
6377,823,525,2024-12-30 06:02:08.886 +0000
6396,414,166,2024-12-30 13:06:39.007 +0000
6399,542,54,2024-12-30 13:38:33.248 +0000
6401,260,783,2024-12-30 16:15:32.764 +0000
6419,783,293,2024-12-30 17:52:07.330 +0000
6426,654,500,2024-12-30 17:59:43.307 +0000
10308,212,1446,2025-01-29 08:43:13.537 +0000
10536,2025,1477,2025-01-29 23:37:41.307 +0000
6502,834,525,2024-12-30 19:08:19.032 +0000
10614,2038,970,2025-01-30 09:37:19.517 +0000
7209,913,171,2025-01-04 12:29:22.871 +0000
7221,913,95,2025-01-04 12:30:44.466 +0000
6554,836,429,2024-12-30 21:13:31.212 +0000
6557,836,463,2024-12-30 21:13:36.774 +0000
7236,654,512,2025-01-04 18:05:37.242 +0000
6595,836,433,2024-12-30 21:17:24.089 +0000
6607,836,521,2024-12-30 21:17:45.605 +0000
6612,836,648,2024-12-30 21:18:38.938 +0000
6619,838,712,2024-12-30 21:57:12.441 +0000
6644,843,600,2024-12-31 00:53:09.458 +0000
6651,843,748,2024-12-31 00:53:50.463 +0000
7244,913,47,2025-01-04 18:19:54.500 +0000
10665,468,1935,2025-01-30 13:05:01.171 +0000
7276,925,233,2025-01-04 22:05:42.171 +0000
7278,925,144,2025-01-04 22:08:04.997 +0000
7294,932,525,2025-01-05 07:07:35.206 +0000
7300,932,802,2025-01-05 07:13:31.683 +0000
7322,655,745,2025-01-05 17:27:42.205 +0000
7324,655,810,2025-01-05 17:28:34.538 +0000
7332,484,465,2025-01-05 18:55:48.403 +0000
7338,484,201,2025-01-05 18:57:04.222 +0000
7411,967,213,2025-01-06 07:02:38.851 +0000
7419,967,738,2025-01-06 09:22:54.933 +0000
7428,972,845,2025-01-06 10:35:25.452 +0000
7448,980,588,2025-01-06 15:28:49.027 +0000
7451,980,400,2025-01-06 15:29:48.613 +0000
10679,2049,748,2025-01-30 13:50:53.513 +0000
10717,2064,468,2025-01-30 19:32:39.633 +0000
10724,2065,1516,2025-01-30 19:40:09.310 +0000
7550,976,437,2025-01-06 23:46:56.625 +0000
7568,927,418,2025-01-07 02:13:43.234 +0000
8487,1258,415,2025-01-14 22:09:39.025 +0000
8513,271,596,2025-01-15 11:21:02.104 +0000
8530,271,1251,2025-01-15 11:21:26.603 +0000
8940,149,1080,2025-01-20 15:23:24.023 +0000
9107,1506,47,2025-01-21 20:00:46.535 +0000
9123,1526,1378,2025-01-22 00:23:57.640 +0000
9129,1526,1027,2025-01-22 00:26:10.624 +0000
9145,1526,1283,2025-01-22 00:33:04.238 +0000
9151,1529,260,2025-01-22 02:12:26.646 +0000
9152,1529,553,2025-01-22 02:12:47.365 +0000
12216,2360,2053,2025-02-05 15:55:24.852 +0000
10752,2067,1356,2025-01-30 20:18:24.708 +0000
12233,428,1566,2025-02-05 16:48:32.613 +0000
12237,1365,2207,2025-02-05 17:11:19.946 +0000
10788,654,1278,2025-01-30 22:34:39.745 +0000
10806,2085,1028,2025-01-30 23:35:18.495 +0000
10834,2086,1292,2025-01-31 00:57:55.347 +0000
10841,2087,1180,2025-01-31 01:12:39.829 +0000
10903,1585,1546,2025-01-31 10:04:40.612 +0000
10969,1491,448,2025-01-31 14:25:35.743 +0000
10974,213,2076,2025-01-31 14:36:46.911 +0000
10980,260,748,2025-01-31 14:37:06.189 +0000
10997,213,1041,2025-01-31 14:40:35.951 +0000
11011,213,1416,2025-01-31 14:44:58.580 +0000
11060,2040,448,2025-01-31 15:57:27.263 +0000
12262,2149,2294,2025-02-05 17:50:26.032 +0000
12266,1330,47,2025-02-05 17:51:02.851 +0000
12394,2457,475,2025-02-06 07:47:48.915 +0000
11414,927,1913,2025-02-02 02:13:01.347 +0000
11420,2161,2175,2025-02-02 02:25:39.445 +0000
12414,2461,2359,2025-02-06 10:59:43.647 +0000
680,153,28,2024-12-16 15:57:05.986 +0000
9343,443,464,2025-01-23 02:25:52.038 +0000
1373,213,85,2024-12-16 15:57:05.986 +0000
1388,213,234,2024-12-16 15:57:05.986 +0000
1403,15,5,2024-12-16 15:57:05.986 +0000
1409,15,192,2024-12-16 15:57:05.986 +0000
1420,260,79,2024-12-16 15:57:05.986 +0000
1427,260,147,2024-12-16 15:57:05.986 +0000
1454,260,213,2024-12-16 15:57:05.986 +0000
1458,260,34,2024-12-16 15:57:05.986 +0000
1464,260,2,2024-12-16 15:57:05.986 +0000
2397,300,200,2024-12-16 15:57:05.986 +0000
2408,271,323,2024-12-16 15:57:05.986 +0000
2417,370,48,2024-12-16 15:57:05.986 +0000
9364,1169,1033,2025-01-23 04:54:48.062 +0000
7114,905,260,2025-01-04 01:32:36.054 +0000
3344,213,350,2024-12-16 15:57:05.986 +0000
3388,455,166,2024-12-16 15:57:05.986 +0000
3390,66,144,2024-12-16 15:57:05.986 +0000
3410,213,452,2024-12-16 15:57:05.986 +0000
3416,455,297,2024-12-16 15:57:05.986 +0000
3434,147,448,2024-12-16 15:57:05.986 +0000
3446,448,121,2024-12-16 15:57:05.986 +0000
3471,447,23,2024-12-16 15:57:05.986 +0000
3488,463,458,2024-12-16 15:57:05.986 +0000
9395,271,481,2025-01-23 11:43:19.879 +0000
3508,459,196,2024-12-16 15:57:05.986 +0000
3533,448,453,2024-12-16 15:57:05.986 +0000
3549,462,429,2024-12-16 15:57:05.986 +0000
3563,460,413,2024-12-16 15:57:05.986 +0000
3567,469,274,2024-12-16 15:57:05.986 +0000
3590,470,196,2024-12-16 15:57:05.986 +0000
3610,293,274,2024-12-16 15:57:05.986 +0000
4907,591,512,2024-12-24 08:52:27.185 +0000
9431,1589,1378,2025-01-23 14:55:35.795 +0000
4358,347,236,2024-12-21 14:07:59.231 +0000
4361,347,427,2024-12-21 14:12:26.417 +0000
4365,147,468,2024-12-21 14:53:17.728 +0000
9434,1589,1130,2025-01-23 14:56:25.561 +0000
5005,654,463,2024-12-25 08:04:01.076 +0000
5007,654,166,2024-12-25 08:08:05.199 +0000
12205,447,2345,2025-02-05 13:10:18.577 +0000
5050,656,512,2024-12-25 09:40:28.409 +0000
9747,1340,1204,2025-01-25 17:23:44.068 +0000
5066,661,388,2024-12-25 16:29:19.609 +0000
5130,666,560,2024-12-25 20:58:05.509 +0000
5140,543,400,2024-12-25 21:01:18.100 +0000
7181,913,52,2025-01-04 12:25:54.292 +0000
7215,913,186,2025-01-04 12:30:08.233 +0000
9801,1785,1364,2025-01-26 11:33:27.256 +0000
6156,800,600,2024-12-29 16:32:44.015 +0000
6167,800,465,2024-12-29 16:34:28.707 +0000
6185,800,54,2024-12-29 16:36:19.190 +0000
6191,767,639,2024-12-29 17:05:11.252 +0000
6206,767,742,2024-12-29 17:05:33.282 +0000
6209,803,448,2024-12-29 18:07:48.453 +0000
6238,809,639,2024-12-29 21:21:29.879 +0000
6240,783,652,2024-12-29 21:22:03.002 +0000
6245,809,415,2024-12-29 21:28:38.984 +0000
6284,810,446,2024-12-29 22:13:57.961 +0000
6296,812,639,2024-12-29 22:21:22.642 +0000
6300,814,501,2024-12-29 22:41:35.854 +0000
6310,448,771,2024-12-29 22:44:12.127 +0000
6315,448,791,2024-12-29 22:44:57.118 +0000
6318,623,147,2024-12-30 01:13:32.454 +0000
6323,623,55,2024-12-30 01:19:40.670 +0000
12227,428,2172,2025-02-05 16:45:26.885 +0000
6352,822,522,2024-12-30 04:48:13.874 +0000
6359,822,760,2024-12-30 04:48:39.184 +0000
6379,656,468,2024-12-30 10:34:17.545 +0000
6383,760,553,2024-12-30 12:07:36.710 +0000
6385,760,488,2024-12-30 12:08:50.877 +0000
6391,825,388,2024-12-30 13:02:31.296 +0000
6403,767,396,2024-12-30 16:20:57.455 +0000
6415,783,784,2024-12-30 17:51:33.295 +0000
6427,654,201,2024-12-30 17:59:46.032 +0000
9823,1798,560,2025-01-26 15:59:27.125 +0000
9831,1798,1486,2025-01-26 16:01:16.238 +0000
9847,213,1310,2025-01-26 19:24:00.602 +0000
12239,1365,2177,2025-02-05 17:11:23.289 +0000
12248,2211,2413,2025-02-05 17:27:30.602 +0000
9966,1325,1333,2025-01-27 13:05:32.000 +0000
6549,836,561,2024-12-30 21:13:23.970 +0000
6586,836,386,2024-12-30 21:16:55.142 +0000
6596,836,496,2024-12-30 21:17:25.282 +0000
6621,838,213,2024-12-30 21:57:55.911 +0000
6637,770,171,2024-12-31 00:41:09.332 +0000
7229,919,347,2025-01-04 17:50:46.256 +0000
7231,919,436,2025-01-04 17:51:43.459 +0000
7234,919,639,2025-01-04 17:52:42.750 +0000
7248,913,272,2025-01-04 18:20:19.630 +0000
10243,1982,448,2025-01-28 20:59:36.045 +0000
10251,1986,760,2025-01-28 21:24:01.345 +0000
7270,925,26,2025-01-04 22:01:57.831 +0000
7286,927,243,2025-01-05 01:32:45.201 +0000
10274,1992,400,2025-01-28 23:16:58.014 +0000
7354,838,293,2025-01-06 00:02:38.493 +0000
7359,838,867,2025-01-06 00:04:12.728 +0000
7365,961,736,2025-01-06 00:59:15.613 +0000
10290,1992,1320,2025-01-28 23:26:02.197 +0000
7407,967,430,2025-01-06 07:01:42.686 +0000
7418,967,621,2025-01-06 09:22:44.991 +0000
10333,1003,500,2025-01-29 13:02:19.541 +0000
10541,2030,1369,2025-01-30 01:04:32.700 +0000
12363,1949,1486,2025-02-05 23:13:01.089 +0000
10749,2067,1258,2025-01-30 20:17:52.062 +0000
10789,654,1450,2025-01-30 22:34:40.670 +0000
7528,1005,501,2025-01-06 21:39:08.140 +0000
8488,1258,448,2025-01-14 22:09:43.549 +0000
8497,1262,414,2025-01-15 01:23:22.331 +0000
8505,1262,921,2025-01-15 01:29:26.295 +0000
8517,271,760,2025-01-15 11:21:07.605 +0000
12390,2457,2218,2025-02-06 07:47:37.326 +0000
9108,1506,464,2025-01-21 20:00:50.193 +0000
9138,1526,1079,2025-01-22 00:27:59.081 +0000
10795,913,1027,2025-01-30 22:39:52.577 +0000
10800,913,1,2025-01-30 22:50:24.461 +0000
10802,2085,1464,2025-01-30 23:32:37.089 +0000
10864,1365,1481,2025-01-31 02:30:13.599 +0000
10871,2085,1055,2025-01-31 03:06:47.808 +0000
10880,411,277,2025-01-31 07:53:22.403 +0000
12400,2458,970,2025-02-06 08:36:57.928 +0000
11043,1416,970,2025-01-31 14:53:01.854 +0000
12410,1785,2207,2025-02-06 09:24:11.723 +0000
11404,927,436,2025-02-02 02:01:55.617 +0000
11419,927,1873,2025-02-02 02:15:58.471 +0000
12428,1055,2307,2025-02-06 13:00:27.179 +0000
11769,2315,383,2025-02-03 12:56:48.425 +0000
11788,2334,2086,2025-02-03 16:48:25.011 +0000
12431,2085,2377,2025-02-06 13:02:56.312 +0000
11831,2150,927,2025-02-03 21:57:44.719 +0000
12504,2493,1027,2025-02-06 21:43:00.522 +0000
11863,1330,966,2025-02-04 01:13:12.207 +0000
11867,1330,448,2025-02-04 01:16:08.538 +0000
12518,2503,1541,2025-02-06 22:32:27.459 +0000
12557,2342,2492,2025-02-07 10:11:27.922 +0000
11970,2374,453,2025-02-04 16:34:38.293 +0000
11983,2374,468,2025-02-04 16:37:25.013 +0000
12000,2374,1084,2025-02-04 16:39:21.373 +0000
12003,2374,2315,2025-02-04 16:39:27.837 +0000
12561,2525,1480,2025-02-07 11:20:39.402 +0000
12010,2374,1923,2025-02-04 16:39:46.159 +0000
12017,2377,448,2025-02-04 17:17:59.871 +0000
12024,2377,1025,2025-02-04 17:20:11.690 +0000
12040,2394,388,2025-02-04 20:00:25.328 +0000
12045,2394,1369,2025-02-04 20:02:11.213 +0000
12077,1163,1486,2025-02-04 21:43:46.587 +0000
12100,2409,213,2025-02-04 22:21:50.833 +0000
12569,2527,1486,2025-02-07 13:30:05.921 +0000
12578,2527,560,2025-02-07 13:44:48.514 +0000
12581,2527,1641,2025-02-07 13:45:34.612 +0000
12589,2211,2460,2025-02-07 14:56:59.615 +0000
12594,2211,2030,2025-02-07 14:59:21.097 +0000
12616,2143,1079,2025-02-07 15:20:38.047 +0000
12628,2527,713,2025-02-07 15:54:50.069 +0000
12654,2547,1451,2025-02-07 21:13:30.027 +0000
12657,2547,2307,2025-02-07 21:15:21.903 +0000
12661,2547,2161,2025-02-07 21:18:29.494 +0000
12696,2564,1483,2025-02-07 22:46:44.571 +0000
12713,2565,1585,2025-02-07 23:27:50.357 +0000
682,156,85,2024-12-16 15:57:05.986 +0000
7115,905,551,2025-01-04 01:33:11.496 +0000
690,148,76,2024-12-16 15:57:05.986 +0000
700,149,121,2024-12-16 15:57:05.986 +0000
1374,213,64,2024-12-16 15:57:05.986 +0000
1378,213,181,2024-12-16 15:57:05.986 +0000
7117,905,443,2025-01-04 01:33:31.249 +0000
1385,213,207,2024-12-16 15:57:05.986 +0000
1393,213,259,2024-12-16 15:57:05.986 +0000
1407,15,197,2024-12-16 15:57:05.986 +0000
1415,260,21,2024-12-16 15:57:05.986 +0000
1423,260,126,2024-12-16 15:57:05.986 +0000
1429,260,64,2024-12-16 15:57:05.986 +0000
1436,213,265,2024-12-16 15:57:05.986 +0000
1443,260,228,2024-12-16 15:57:05.986 +0000
1452,260,211,2024-12-16 15:57:05.986 +0000
1460,260,57,2024-12-16 15:57:05.986 +0000
7120,905,639,2025-01-04 01:35:01.510 +0000
2398,300,193,2024-12-16 15:57:05.986 +0000
9358,1575,1283,2025-01-23 04:25:07.964 +0000
2418,323,47,2024-12-16 15:57:05.986 +0000
2420,260,330,2024-12-16 15:57:05.986 +0000
4819,616,379,2024-12-23 16:51:34.001 +0000
12177,1981,1559,2025-02-05 10:15:42.064 +0000
9370,1169,1180,2025-01-23 04:57:42.202 +0000
3338,213,437,2024-12-16 15:57:05.986 +0000
3356,443,76,2024-12-16 15:57:05.986 +0000
7121,905,738,2025-01-04 01:35:12.899 +0000
3371,455,50,2024-12-16 15:57:05.986 +0000
3381,455,85,2024-12-16 15:57:05.986 +0000
3384,455,149,2024-12-16 15:57:05.986 +0000
3385,455,66,2024-12-16 15:57:05.986 +0000
3399,66,2,2024-12-16 15:57:05.986 +0000
3413,447,57,2024-12-16 15:57:05.986 +0000
3420,455,157,2024-12-16 15:57:05.986 +0000
3426,376,85,2024-12-16 15:57:05.986 +0000
3440,448,415,2024-12-16 15:57:05.986 +0000
9378,1169,1526,2025-01-23 05:00:21.155 +0000
9419,969,352,2025-01-23 13:38:55.773 +0000
9469,1204,818,2025-01-23 16:39:13.709 +0000
3490,463,436,2024-12-16 15:57:05.986 +0000
3491,463,400,2024-12-16 15:57:05.986 +0000
3493,463,166,2024-12-16 15:57:05.986 +0000
3500,213,459,2024-12-16 15:57:05.986 +0000
4847,618,548,2024-12-23 22:03:18.953 +0000
3512,9,54,2024-12-16 15:57:05.986 +0000
3524,64,415,2024-12-16 15:57:05.986 +0000
3528,463,201,2024-12-16 15:57:05.986 +0000
3531,213,464,2024-12-16 15:57:05.986 +0000
3534,448,380,2024-12-16 15:57:05.986 +0000
3537,448,347,2024-12-16 15:57:05.986 +0000
3538,462,386,2024-12-16 15:57:05.986 +0000
7141,907,748,2025-01-04 03:17:41.711 +0000
3552,453,447,2024-12-16 15:57:05.986 +0000
9497,1600,1276,2025-01-23 18:52:55.894 +0000
4853,618,512,2024-12-23 22:15:26.792 +0000
12199,487,447,2025-02-05 12:38:53.239 +0000
3609,293,314,2024-12-16 15:57:05.986 +0000
3624,293,444,2024-12-16 15:57:05.986 +0000
9759,1055,1022,2025-01-25 21:56:31.871 +0000
4388,564,347,2024-12-21 16:43:34.561 +0000
4869,592,260,2024-12-24 01:31:34.028 +0000
4908,591,260,2024-12-24 08:52:28.311 +0000
9765,1734,1039,2025-01-25 23:28:55.991 +0000
9816,1163,1763,2025-01-26 14:43:38.145 +0000
4940,644,448,2024-12-24 20:54:09.283 +0000
7171,913,28,2025-01-04 12:25:08.782 +0000
9851,213,986,2025-01-26 19:24:19.757 +0000
7172,913,26,2025-01-04 12:25:19.540 +0000
5046,655,34,2024-12-25 08:48:45.665 +0000
5056,659,428,2024-12-25 15:46:48.352 +0000
5057,659,448,2024-12-25 15:47:08.324 +0000
5068,661,585,2024-12-25 16:29:54.902 +0000
7201,913,121,2025-01-04 12:29:07.491 +0000
5095,591,379,2024-12-25 18:04:58.814 +0000
9852,213,1326,2025-01-26 19:24:27.484 +0000
9855,213,1379,2025-01-26 19:24:50.826 +0000
5117,665,505,2024-12-25 19:45:11.250 +0000
5126,213,553,2024-12-25 20:05:59.764 +0000
5139,543,522,2024-12-25 21:00:35.963 +0000
7207,913,197,2025-01-04 12:29:19.253 +0000
5199,684,468,2024-12-26 00:54:04.991 +0000
5201,684,396,2024-12-26 00:55:08.778 +0000
6145,794,482,2024-12-29 15:44:47.179 +0000
6153,800,771,2024-12-29 16:32:40.069 +0000
6170,800,205,2024-12-29 16:34:38.960 +0000
6176,800,144,2024-12-29 16:34:57.233 +0000
6213,805,492,2024-12-29 18:28:33.485 +0000
12214,2360,1369,2025-02-05 15:55:00.179 +0000
6258,810,213,2024-12-29 21:47:48.998 +0000
6278,809,484,2024-12-29 21:49:43.456 +0000
6293,810,717,2024-12-29 22:14:13.305 +0000
6337,820,181,2024-12-30 02:44:10.302 +0000
6407,767,540,2024-12-30 16:21:48.050 +0000
6411,254,213,2024-12-30 17:14:40.312 +0000
6422,783,504,2024-12-30 17:52:15.367 +0000
9921,1875,1180,2025-01-27 09:25:09.426 +0000
9935,1877,1057,2025-01-27 10:42:49.554 +0000
9944,1877,843,2025-01-27 10:56:42.072 +0000
9977,260,1267,2025-01-27 13:11:59.026 +0000
6506,834,48,2024-12-30 19:09:01.330 +0000
6530,553,760,2024-12-30 19:43:42.849 +0000
7210,913,167,2025-01-04 12:29:24.192 +0000
6544,836,213,2024-12-30 21:12:53.967 +0000
6556,836,448,2024-12-30 21:13:34.554 +0000
6565,836,705,2024-12-30 21:14:46.399 +0000
6593,836,655,2024-12-30 21:17:10.793 +0000
6602,836,551,2024-12-30 21:17:35.717 +0000
9984,260,1464,2025-01-27 13:14:25.969 +0000
7245,913,310,2025-01-04 18:19:57.948 +0000
7246,913,49,2025-01-04 18:20:15.813 +0000
7249,448,787,2025-01-04 18:22:02.425 +0000
9986,260,1463,2025-01-27 13:14:30.929 +0000
7277,783,802,2025-01-04 22:05:44.721 +0000
7295,932,415,2025-01-05 07:08:55.792 +0000
7312,941,745,2025-01-05 14:37:32.674 +0000
10074,1906,902,2025-01-27 18:46:25.808 +0000
7326,655,56,2025-01-05 17:30:29.145 +0000
7331,484,144,2025-01-05 18:55:46.980 +0000
7335,484,243,2025-01-05 18:55:53.406 +0000
7340,484,48,2025-01-05 18:57:16.765 +0000
7341,484,191,2025-01-05 18:57:31.079 +0000
7343,962,705,2025-01-05 22:25:29.743 +0000
7344,961,683,2025-01-05 23:01:11.577 +0000
7355,838,573,2025-01-06 00:02:42.998 +0000
10090,1909,1046,2025-01-27 19:48:33.045 +0000
10100,1913,560,2025-01-27 20:41:20.535 +0000
10117,1917,1325,2025-01-27 21:25:17.357 +0000
7390,966,512,2025-01-06 05:14:04.111 +0000
7394,966,468,2025-01-06 05:14:29.895 +0000
7397,966,912,2025-01-06 05:14:47.626 +0000
7403,967,399,2025-01-06 07:00:19.059 +0000
7408,967,423,2025-01-06 07:02:03.832 +0000
7420,967,818,2025-01-06 09:22:58.805 +0000
7426,972,448,2025-01-06 10:31:26.368 +0000
10254,1986,1077,2025-01-28 21:24:06.609 +0000
7443,980,413,2025-01-06 15:26:10.111 +0000
7444,980,396,2025-01-06 15:26:34.975 +0000
10285,1992,1923,2025-01-28 23:21:57.884 +0000
10319,2001,826,2025-01-29 10:42:45.332 +0000
10341,1365,205,2025-01-29 13:11:21.342 +0000
10348,1365,1028,2025-01-29 13:11:50.262 +0000
10358,1365,1871,2025-01-29 13:12:06.677 +0000
7529,1005,818,2025-01-06 21:40:04.752 +0000
7534,967,850,2025-01-06 22:26:18.110 +0000
10543,1487,1483,2025-01-30 01:14:43.951 +0000
7556,705,135,2025-01-07 00:31:48.850 +0000
7560,705,217,2025-01-07 00:33:33.452 +0000
7563,705,205,2025-01-07 00:33:51.009 +0000
8489,1258,468,2025-01-14 22:09:56.472 +0000
8510,271,147,2025-01-15 11:20:58.544 +0000
10629,2031,1378,2025-01-30 10:30:13.182 +0000
8948,271,512,2025-01-20 17:38:48.503 +0000
8980,460,205,2025-01-20 21:37:38.497 +0000
8985,1461,1411,2025-01-20 21:42:44.010 +0000
9016,213,1272,2025-01-21 12:24:24.608 +0000
9023,213,1075,2025-01-21 13:00:23.672 +0000
9028,1483,448,2025-01-21 13:01:13.985 +0000
9042,213,1311,2025-01-21 13:09:17.048 +0000
9110,1515,1115,2025-01-21 21:29:29.728 +0000
9144,1526,1446,2025-01-22 00:32:26.123 +0000
10648,2046,1145,2025-01-30 12:42:22.520 +0000
10662,735,149,2025-01-30 13:03:11.826 +0000
684,153,21,2024-12-16 15:57:05.986 +0000
704,149,76,2024-12-16 15:57:05.986 +0000
1375,213,67,2024-12-16 15:57:05.986 +0000
1386,213,242,2024-12-16 15:57:05.986 +0000
1390,213,252,2024-12-16 15:57:05.986 +0000
1396,213,255,2024-12-16 15:57:05.986 +0000
1408,15,156,2024-12-16 15:57:05.986 +0000
1416,260,24,2024-12-16 15:57:05.986 +0000
1425,260,151,2024-12-16 15:57:05.986 +0000
1432,266,54,2024-12-16 15:57:05.986 +0000
1435,266,144,2024-12-16 15:57:05.986 +0000
1437,213,266,2024-12-16 15:57:05.986 +0000
1442,260,8,2024-12-16 15:57:05.986 +0000
1447,260,254,2024-12-16 15:57:05.986 +0000
1451,260,203,2024-12-16 15:57:05.986 +0000
1461,260,48,2024-12-16 15:57:05.986 +0000
7116,905,553,2025-01-04 01:33:13.805 +0000
2410,271,329,2024-12-16 15:57:05.986 +0000
12172,1981,519,2025-02-05 10:13:17.758 +0000
9359,1169,443,2025-01-23 04:25:17.831 +0000
3339,213,430,2024-12-16 15:57:05.986 +0000
3347,213,448,2024-12-16 15:57:05.986 +0000
3351,443,71,2024-12-16 15:57:05.986 +0000
3361,375,113,2024-12-16 15:57:05.986 +0000
3375,455,24,2024-12-16 15:57:05.986 +0000
3392,66,151,2024-12-16 15:57:05.986 +0000
3396,455,201,2024-12-16 15:57:05.986 +0000
3403,455,298,2024-12-16 15:57:05.986 +0000
3405,455,260,2024-12-16 15:57:05.986 +0000
4796,370,313,2024-12-23 13:38:09.549 +0000
3425,370,239,2024-12-16 15:57:05.986 +0000
3441,448,88,2024-12-16 15:57:05.986 +0000
3444,448,135,2024-12-16 15:57:05.986 +0000
3450,448,239,2024-12-16 15:57:05.986 +0000
9377,1169,1378,2025-01-23 05:00:10.903 +0000
9380,1580,1165,2025-01-23 08:48:07.160 +0000
3464,460,448,2024-12-16 15:57:05.986 +0000
3468,460,414,2024-12-16 15:57:05.986 +0000
3474,447,55,2024-12-16 15:57:05.986 +0000
3486,463,386,2024-12-16 15:57:05.986 +0000
3506,464,71,2024-12-16 15:57:05.986 +0000
3515,43,309,2024-12-16 15:57:05.986 +0000
3521,411,53,2024-12-16 15:57:05.986 +0000
3532,448,54,2024-12-16 15:57:05.986 +0000
3541,462,459,2024-12-16 15:57:05.986 +0000
3546,462,213,2024-12-16 15:57:05.986 +0000
3556,468,448,2024-12-16 15:57:05.986 +0000
3558,468,421,2024-12-16 15:57:05.986 +0000
3560,468,413,2024-12-16 15:57:05.986 +0000
9386,1581,670,2025-01-23 09:50:36.559 +0000
3574,469,181,2024-12-16 15:57:05.986 +0000
3579,469,459,2024-12-16 15:57:05.986 +0000
3580,448,468,2024-12-16 15:57:05.986 +0000
3587,469,413,2024-12-16 15:57:05.986 +0000
3589,448,422,2024-12-16 15:57:05.986 +0000
3591,470,430,2024-12-16 15:57:05.986 +0000
9390,1581,448,2025-01-23 09:53:37.801 +0000
3606,293,242,2024-12-16 15:57:05.986 +0000
3611,293,331,2024-12-16 15:57:05.986 +0000
3618,293,239,2024-12-16 15:57:05.986 +0000
9396,271,1512,2025-01-23 11:44:23.418 +0000
4397,260,294,2024-12-21 18:14:47.551 +0000
4415,487,386,2024-12-21 19:00:04.689 +0000
4426,447,213,2024-12-21 19:59:12.901 +0000
9407,1482,1350,2025-01-23 13:02:38.685 +0000
4481,447,370,2024-12-21 21:26:16.177 +0000
4526,554,29,2024-12-22 11:26:23.027 +0000
4575,591,585,2024-12-22 20:49:02.847 +0000
4578,592,538,2024-12-22 21:03:55.688 +0000
4583,592,447,2024-12-22 21:04:33.135 +0000
4587,592,559,2024-12-22 21:04:42.272 +0000
4812,616,560,2024-12-23 16:50:53.617 +0000
4827,260,571,2024-12-23 18:12:32.091 +0000
4838,618,505,2024-12-23 22:00:44.295 +0000
4867,447,33,2024-12-24 01:23:05.151 +0000
4903,591,396,2024-12-24 08:52:18.302 +0000
9412,1586,707,2025-01-23 13:07:49.134 +0000
9425,1589,1079,2025-01-23 14:52:49.129 +0000
7176,913,55,2025-01-04 12:25:37.235 +0000
4947,646,468,2024-12-24 21:05:42.773 +0000
4952,260,429,2024-12-24 22:01:24.434 +0000
4991,651,468,2024-12-25 02:57:13.359 +0000
5004,654,496,2024-12-25 08:03:21.550 +0000
5044,655,52,2024-12-25 08:47:40.635 +0000
5051,656,458,2024-12-25 09:41:58.188 +0000
5063,659,459,2024-12-25 15:48:26.966 +0000
12192,2423,1180,2025-02-05 11:47:31.913 +0000
5075,661,383,2024-12-25 16:32:40.352 +0000
7188,913,67,2025-01-04 12:26:07.669 +0000
9448,15,1044,2025-01-23 15:48:14.696 +0000
5122,213,549,2024-12-25 20:05:52.049 +0000
7208,913,156,2025-01-04 12:29:20.713 +0000
6150,800,448,2024-12-29 16:32:31.704 +0000
7238,654,205,2025-01-04 18:05:40.162 +0000
6177,800,217,2024-12-29 16:34:58.775 +0000
6182,800,50,2024-12-29 16:36:14.443 +0000
6190,767,745,2024-12-29 17:04:49.739 +0000
6196,767,492,2024-12-29 17:05:19.838 +0000
12201,487,1489,2025-02-05 12:39:46.434 +0000
6230,763,181,2024-12-29 18:54:47.113 +0000
6232,763,706,2024-12-29 19:01:19.936 +0000
6252,802,522,2024-12-29 21:44:36.354 +0000
6279,802,563,2024-12-29 21:49:58.692 +0000
6287,810,578,2024-12-29 22:14:05.125 +0000
6290,810,763,2024-12-29 22:14:08.594 +0000
9458,254,899,2025-01-23 16:31:23.898 +0000
6384,760,504,2024-12-30 12:08:09.009 +0000
6400,720,501,2024-12-30 14:13:50.937 +0000
6406,767,670,2024-12-30 16:21:31.269 +0000
6413,783,447,2024-12-30 17:51:21.468 +0000
12236,1365,2175,2025-02-05 17:11:14.921 +0000
9756,1721,1129,2025-01-25 21:52:06.295 +0000
9764,1595,1693,2025-01-25 23:11:35.257 +0000
9807,1785,1021,2025-01-26 13:09:55.146 +0000
6548,836,452,2024-12-30 21:13:22.451 +0000
6575,836,392,2024-12-30 21:15:14.960 +0000
6636,770,166,2024-12-31 00:40:49.095 +0000
6652,843,347,2024-12-31 00:53:51.975 +0000
6655,843,492,2024-12-31 00:53:57.748 +0000
9809,1454,1083,2025-01-26 13:47:57.178 +0000
9813,1792,1027,2025-01-26 14:15:17.018 +0000
12249,2211,791,2025-02-05 17:28:25.554 +0000
7284,927,245,2025-01-05 01:31:18.198 +0000
7285,927,201,2025-01-05 01:32:21.311 +0000
7308,935,239,2025-01-05 11:09:41.989 +0000
9841,1800,1292,2025-01-26 17:59:03.772 +0000
7360,838,961,2025-01-06 00:04:15.192 +0000
7361,838,415,2025-01-06 00:04:37.075 +0000
9843,1800,1450,2025-01-26 17:59:09.746 +0000
7410,967,388,2025-01-06 07:02:21.165 +0000
7424,972,399,2025-01-06 10:30:24.543 +0000
7566,927,463,2025-01-07 02:12:34.528 +0000
8490,1258,845,2025-01-14 22:10:29.286 +0000
8492,1260,1180,2025-01-14 22:35:24.052 +0000
8521,271,800,2025-01-15 11:21:13.844 +0000
8949,271,967,2025-01-20 17:39:14.392 +0000
8956,271,1312,2025-01-20 17:42:12.888 +0000
8983,460,1372,2025-01-20 21:37:43.218 +0000
8987,1463,512,2025-01-20 22:47:40.936 +0000
9113,1525,512,2025-01-21 23:38:47.357 +0000
9117,1525,1084,2025-01-21 23:45:17.179 +0000
9922,1875,832,2025-01-27 09:25:23.373 +0000
9933,1877,1614,2025-01-27 10:42:00.809 +0000
9974,260,1069,2025-01-27 13:10:56.552 +0000
10034,1894,448,2025-01-27 14:40:04.304 +0000
10045,1603,1180,2025-01-27 16:56:27.472 +0000
10065,1904,135,2025-01-27 18:31:43.307 +0000
10068,1904,1021,2025-01-27 18:32:08.555 +0000
10079,1907,488,2025-01-27 19:28:12.601 +0000
10119,1918,769,2025-01-27 21:28:18.499 +0000
10158,1935,448,2025-01-28 02:46:50.437 +0000
10266,1992,47,2025-01-28 23:10:20.108 +0000
10268,1992,1483,2025-01-28 23:12:49.511 +0000
10271,1992,135,2025-01-28 23:15:11.233 +0000
10276,1992,448,2025-01-28 23:17:49.273 +0000
10304,927,1916,2025-01-29 02:10:09.521 +0000
10344,1365,453,2025-01-29 13:11:32.685 +0000
10352,1365,1236,2025-01-29 13:11:59.157 +0000
10355,1365,1364,2025-01-29 13:12:03.196 +0000
10357,1365,1592,2025-01-29 13:12:05.702 +0000
685,153,36,2024-12-16 15:57:05.986 +0000
1400,15,241,2024-12-16 15:57:05.986 +0000
1410,15,203,2024-12-16 15:57:05.986 +0000
1418,260,77,2024-12-16 15:57:05.986 +0000
1428,260,66,2024-12-16 15:57:05.986 +0000
1440,228,53,2024-12-16 15:57:05.986 +0000
1450,260,197,2024-12-16 15:57:05.986 +0000
1457,260,29,2024-12-16 15:57:05.986 +0000
1467,260,47,2024-12-16 15:57:05.986 +0000
2400,300,383,2024-12-16 15:57:05.986 +0000
2416,370,34,2024-12-16 15:57:05.986 +0000
12184,1981,1592,2025-02-05 10:16:44.475 +0000
2429,385,87,2024-12-16 15:57:05.986 +0000
3345,213,436,2024-12-16 15:57:05.986 +0000
3362,36,340,2024-12-16 15:57:05.986 +0000
3386,455,386,2024-12-16 15:57:05.986 +0000
3391,66,146,2024-12-16 15:57:05.986 +0000
3408,213,447,2024-12-16 15:57:05.986 +0000
3414,455,88,2024-12-16 15:57:05.986 +0000
3419,455,380,2024-12-16 15:57:05.986 +0000
3429,376,180,2024-12-16 15:57:05.986 +0000
7119,905,606,2025-01-04 01:34:35.788 +0000
7128,907,463,2025-01-04 03:16:47.254 +0000
4795,370,304,2024-12-23 13:37:45.701 +0000
3463,460,386,2024-12-16 15:57:05.986 +0000
9391,1581,512,2025-01-23 09:53:55.300 +0000
3484,462,410,2024-12-16 15:57:05.986 +0000
3492,463,146,2024-12-16 15:57:05.986 +0000
3527,271,397,2024-12-16 15:57:05.986 +0000
3529,463,320,2024-12-16 15:57:05.986 +0000
3535,448,419,2024-12-16 15:57:05.986 +0000
3566,469,135,2024-12-16 15:57:05.986 +0000
3605,293,192,2024-12-16 15:57:05.986 +0000
3612,293,180,2024-12-16 15:57:05.986 +0000
3621,293,419,2024-12-16 15:57:05.986 +0000
4396,260,9,2024-12-21 18:14:46.803 +0000
4410,487,470,2024-12-21 18:59:08.585 +0000
9394,1581,205,2025-01-23 09:55:14.820 +0000
4434,447,297,2024-12-21 20:50:33.908 +0000
4439,447,500,2024-12-21 20:54:30.755 +0000
4456,388,512,2024-12-21 20:59:59.638 +0000
4473,447,504,2024-12-21 21:11:19.758 +0000
4502,573,55,2024-12-21 22:53:41.453 +0000
9402,1585,1115,2025-01-23 12:51:58.345 +0000
4525,554,230,2024-12-22 11:26:22.215 +0000
4807,616,500,2024-12-23 16:47:30.173 +0000
4820,616,436,2024-12-23 16:51:35.139 +0000
9411,1482,465,2025-01-23 13:04:02.085 +0000
4841,618,468,2024-12-23 22:01:20.998 +0000
4870,592,463,2024-12-24 01:31:38.139 +0000
4884,636,171,2024-12-24 03:27:31.662 +0000
4886,458,448,2024-12-24 03:45:26.687 +0000
9435,1589,925,2025-01-23 14:56:28.974 +0000
4902,591,437,2024-12-24 08:52:17.020 +0000
9451,15,1262,2025-01-23 15:48:30.310 +0000
9459,254,707,2025-01-23 16:31:26.319 +0000
7175,913,56,2025-01-04 12:25:34.767 +0000
7193,913,126,2025-01-04 12:27:28.187 +0000
4979,563,452,2024-12-25 01:23:51.408 +0000
4984,650,468,2024-12-25 02:41:29.252 +0000
5011,654,501,2024-12-25 08:08:33.692 +0000
5018,654,560,2024-12-25 08:09:09.049 +0000
5041,655,54,2024-12-25 08:38:55.897 +0000
5045,655,57,2024-12-25 08:48:23.762 +0000
7206,913,154,2025-01-04 12:29:17.026 +0000
7239,654,423,2025-01-04 18:05:41.188 +0000
9461,254,47,2025-01-23 16:31:54.611 +0000
9466,1204,460,2025-01-23 16:37:59.471 +0000
5116,665,429,2024-12-25 19:44:26.956 +0000
5127,538,213,2024-12-25 20:42:44.227 +0000
9471,1204,1084,2025-01-23 16:39:22.713 +0000
5146,543,518,2024-12-25 21:39:00.422 +0000
7273,783,623,2025-01-04 22:05:23.492 +0000
7310,935,191,2025-01-05 11:09:58.097 +0000
5196,684,639,2024-12-26 00:46:43.802 +0000
6147,195,794,2024-12-29 16:05:52.387 +0000
6157,800,347,2024-12-29 16:32:45.117 +0000
6202,767,571,2024-12-29 17:05:29.329 +0000
6216,805,771,2024-12-29 18:29:17.863 +0000
9486,1603,818,2025-01-23 18:45:47.848 +0000
6271,809,386,2024-12-29 21:48:43.270 +0000
6274,809,463,2024-12-29 21:49:35.560 +0000
6288,810,723,2024-12-29 22:14:06.243 +0000
6308,814,413,2024-12-29 22:43:11.250 +0000
6317,815,525,2024-12-29 22:53:18.322 +0000
6342,820,113,2024-12-30 02:44:57.964 +0000
6353,822,745,2024-12-30 04:48:21.354 +0000
6375,823,463,2024-12-30 06:01:24.398 +0000
6408,767,525,2024-12-30 16:22:07.964 +0000
6436,831,639,2024-12-30 18:24:37.205 +0000
9753,1709,1223,2025-01-25 20:23:02.664 +0000
9766,1734,925,2025-01-25 23:29:16.579 +0000
7358,838,893,2025-01-06 00:04:11.452 +0000
12190,2423,1020,2025-02-05 11:46:34.093 +0000
12275,2294,2149,2025-02-05 19:28:48.369 +0000
6564,836,579,2024-12-30 21:14:23.174 +0000
6569,836,794,2024-12-30 21:15:00.300 +0000
6604,836,485,2024-12-30 21:17:40.974 +0000
6635,770,235,2024-12-31 00:40:45.798 +0000
6646,843,448,2024-12-31 00:53:33.643 +0000
10272,1992,205,2025-01-28 23:15:22.051 +0000
10277,1992,512,2025-01-28 23:18:04.683 +0000
10280,1992,1130,2025-01-28 23:19:31.243 +0000
10284,1992,1480,2025-01-28 23:21:43.400 +0000
10342,1365,380,2025-01-29 13:11:29.191 +0000
10559,2032,1517,2025-01-30 02:40:28.252 +0000
12354,2236,2213,2025-02-05 21:25:24.111 +0000
7552,976,413,2025-01-06 23:47:09.517 +0000
10571,1918,1409,2025-01-30 03:05:11.870 +0000
8493,1260,719,2025-01-14 22:35:45.991 +0000
8524,271,848,2025-01-15 11:21:18.414 +0000
8950,271,1286,2025-01-20 17:40:27.085 +0000
8964,1042,659,2025-01-20 20:57:32.277 +0000
8988,1463,1180,2025-01-20 22:47:43.274 +0000
9115,1525,572,2025-01-21 23:40:17.779 +0000
9157,1531,1251,2025-01-22 02:26:39.320 +0000
11004,213,1797,2025-01-31 14:43:40.138 +0000
11015,213,1595,2025-01-31 14:45:21.054 +0000
11025,213,1882,2025-01-31 14:47:53.702 +0000
11033,1416,1448,2025-01-31 14:52:09.227 +0000
12405,2458,543,2025-02-06 08:49:12.733 +0000
12417,2463,1269,2025-02-06 11:24:09.683 +0000
11400,2175,735,2025-02-02 01:33:06.165 +0000
11409,927,400,2025-02-02 02:03:49.306 +0000
11467,2186,448,2025-02-02 05:18:20.405 +0000
11770,2315,1483,2025-02-03 12:57:29.525 +0000
11771,1083,2315,2025-02-03 13:00:20.386 +0000
11774,2317,2300,2025-02-03 14:31:52.012 +0000
11830,2150,400,2025-02-03 21:57:42.289 +0000
11869,1330,2237,2025-02-04 01:26:11.607 +0000
11874,260,2126,2025-02-04 08:53:08.114 +0000
11877,260,1391,2025-02-04 08:54:56.752 +0000
12484,2492,1651,2025-02-06 21:14:03.188 +0000
12526,2503,1450,2025-02-06 22:33:52.481 +0000
12052,2395,941,2025-02-04 20:08:05.491 +0000
12566,2525,1487,2025-02-07 11:29:26.693 +0000
12573,2527,2307,2025-02-07 13:34:42.290 +0000
12575,2527,921,2025-02-07 13:43:01.979 +0000
12588,271,1330,2025-02-07 14:55:42.006 +0000
12596,271,1020,2025-02-07 15:01:27.007 +0000
12629,2532,1045,2025-02-07 16:23:31.657 +0000
12634,2534,1378,2025-02-07 17:24:07.764 +0000
12644,2542,1510,2025-02-07 19:17:00.361 +0000
12662,2547,1929,2025-02-07 21:18:36.524 +0000
12670,2562,1364,2025-02-07 22:24:05.222 +0000
12682,2562,2307,2025-02-07 22:27:25.050 +0000
12692,2562,1130,2025-02-07 22:28:48.249 +0000
12693,2564,1369,2025-02-07 22:44:34.533 +0000
12698,2564,2521,2025-02-07 22:47:26.308 +0000
12708,2565,2211,2025-02-07 23:27:20.760 +0000
12715,2565,2460,2025-02-07 23:27:53.468 +0000
12718,2565,1075,2025-02-07 23:28:03.685 +0000
12725,1079,761,2025-02-07 23:28:42.301 +0000
12732,2566,1530,2025-02-08 00:21:12.055 +0000
12735,2566,2371,2025-02-08 00:22:07.189 +0000
12736,2566,1923,2025-02-08 00:22:11.555 +0000
12741,2566,1269,2025-02-08 00:29:23.325 +0000
12742,2455,2211,2025-02-08 00:49:05.565 +0000
12750,2570,2502,2025-02-08 00:52:14.027 +0000
12753,2570,2053,2025-02-08 00:52:31.555 +0000
9397,271,455,2025-01-23 11:44:31.261 +0000
2401,15,200,2024-12-16 15:57:05.986 +0000
2404,333,207,2024-12-16 15:57:05.986 +0000
2405,271,351,2024-12-16 15:57:05.986 +0000
2406,271,350,2024-12-16 15:57:05.986 +0000
2414,271,370,2024-12-16 15:57:05.986 +0000
2419,260,280,2024-12-16 15:57:05.986 +0000
3627,242,419,2024-12-16 15:57:05.986 +0000
3641,473,442,2024-12-16 15:57:05.986 +0000
3645,9,119,2024-12-16 15:57:05.986 +0000
3652,9,49,2024-12-16 15:57:05.986 +0000
3655,260,469,2024-12-16 15:57:05.986 +0000
7123,905,802,2025-01-04 01:36:07.705 +0000
4398,260,223,2024-12-21 18:14:48.344 +0000
4406,260,486,2024-12-21 18:14:54.243 +0000
4420,447,421,2024-12-21 19:56:41.704 +0000
4425,447,260,2024-12-21 19:58:01.318 +0000
4432,447,506,2024-12-21 20:49:26.059 +0000
4478,447,427,2024-12-21 21:24:34.124 +0000
4527,554,124,2024-12-22 11:26:23.883 +0000
4534,580,423,2024-12-22 12:22:15.727 +0000
4563,213,521,2024-12-22 20:35:12.616 +0000
4590,592,429,2024-12-22 21:18:50.155 +0000
4594,592,572,2024-12-22 21:19:19.925 +0000
4797,370,492,2024-12-23 13:39:05.400 +0000
4814,616,501,2024-12-23 16:51:10.184 +0000
4835,618,396,2024-12-23 21:44:55.146 +0000
4855,621,213,2024-12-23 22:33:18.151 +0000
7131,907,518,2025-01-04 03:17:07.666 +0000
9428,1589,1409,2025-01-23 14:53:40.489 +0000
7182,913,72,2025-01-04 12:25:55.911 +0000
7197,913,147,2025-01-04 12:28:58.034 +0000
5006,654,525,2024-12-25 08:04:20.491 +0000
5071,661,260,2024-12-25 16:30:16.596 +0000
9438,1589,1364,2025-01-23 14:57:32.863 +0000
5144,667,316,2024-12-25 21:16:42.935 +0000
9473,1595,1530,2025-01-23 16:49:08.615 +0000
5187,683,423,2024-12-26 00:27:25.216 +0000
5195,683,459,2024-12-26 00:31:38.862 +0000
6149,800,396,2024-12-29 16:32:30.198 +0000
6194,767,713,2024-12-29 17:05:16.441 +0000
6205,767,748,2024-12-29 17:05:32.078 +0000
6217,805,484,2024-12-29 18:29:30.831 +0000
6233,763,156,2024-12-29 19:01:31.347 +0000
6262,810,390,2024-12-29 21:48:01.147 +0000
6264,810,388,2024-12-29 21:48:17.958 +0000
6305,814,492,2024-12-29 22:42:41.050 +0000
6309,814,518,2024-12-29 22:44:00.628 +0000
6360,822,748,2024-12-30 04:48:40.695 +0000
6405,767,48,2024-12-30 16:21:26.373 +0000
6423,654,171,2024-12-30 17:59:37.486 +0000
9474,1001,144,2025-01-23 17:57:49.435 +0000
9491,1604,468,2025-01-23 18:49:56.723 +0000
9755,1721,845,2025-01-25 21:51:57.546 +0000
6508,834,54,2024-12-30 19:09:13.181 +0000
6539,836,446,2024-12-30 21:12:19.246 +0000
6579,836,692,2024-12-30 21:15:27.662 +0000
6583,836,437,2024-12-30 21:16:47.443 +0000
6632,842,639,2024-12-31 00:36:29.565 +0000
6641,843,771,2024-12-31 00:51:56.977 +0000
9769,1440,1534,2025-01-26 01:20:17.383 +0000
7288,927,216,2025-01-05 01:35:31.379 +0000
7297,932,518,2025-01-05 07:09:46.782 +0000
7298,932,433,2025-01-05 07:10:42.257 +0000
9773,1440,1329,2025-01-26 01:20:58.338 +0000
7409,967,469,2025-01-06 07:02:14.513 +0000
9781,1761,1569,2025-01-26 08:19:28.695 +0000
9782,1762,448,2025-01-26 08:38:18.896 +0000
7447,980,468,2025-01-06 15:28:24.217 +0000
9789,1763,1163,2025-01-26 09:18:39.279 +0000
9796,1785,1621,2025-01-26 11:23:00.431 +0000
8495,1262,448,2025-01-15 01:22:32.471 +0000
8499,1262,347,2025-01-15 01:24:20.469 +0000
8514,271,623,2025-01-15 11:21:03.684 +0000
8534,1269,437,2025-01-15 11:50:06.437 +0000
8951,271,1356,2025-01-20 17:42:05.327 +0000
8966,1042,260,2025-01-20 20:57:35.478 +0000
9804,1785,1288,2025-01-26 11:34:43.534 +0000
9041,1483,1236,2025-01-21 13:09:07.004 +0000
9120,1526,1269,2025-01-22 00:19:54.892 +0000
9825,1798,380,2025-01-26 15:59:33.779 +0000
9826,1798,468,2025-01-26 15:59:51.288 +0000
9856,213,1411,2025-01-26 19:24:55.984 +0000
9908,713,1411,2025-01-27 03:56:09.763 +0000
9910,1871,475,2025-01-27 05:22:21.483 +0000
9956,1325,1586,2025-01-27 13:03:11.884 +0000
9958,260,735,2025-01-27 13:03:36.933 +0000
10030,1893,927,2025-01-27 14:35:22.793 +0000
10086,1908,302,2025-01-27 19:34:21.876 +0000
10088,1909,1027,2025-01-27 19:47:10.909 +0000
10113,1915,1607,2025-01-27 21:23:57.693 +0000
10144,388,921,2025-01-28 00:51:33.025 +0000
10212,1972,1517,2025-01-28 17:32:19.084 +0000
10220,1977,300,2025-01-28 19:40:44.879 +0000
10242,1982,205,2025-01-28 20:59:22.623 +0000
10287,1992,1075,2025-01-28 23:23:23.027 +0000
10289,1992,1248,2025-01-28 23:24:51.138 +0000
10292,1992,1552,2025-01-28 23:26:48.666 +0000
10302,1996,1510,2025-01-29 00:03:17.103 +0000
10338,838,1369,2025-01-29 13:02:51.649 +0000
10353,1365,1292,2025-01-29 13:12:00.668 +0000
10356,1365,1381,2025-01-29 13:12:04.318 +0000
10361,1365,448,2025-01-29 13:12:12.441 +0000
10365,1365,1248,2025-01-29 13:12:23.889 +0000
10636,2030,2032,2025-01-30 11:59:00.093 +0000
10652,2046,2037,2025-01-30 12:44:02.529 +0000
10658,1204,816,2025-01-30 13:01:00.599 +0000
10660,1204,1025,2025-01-30 13:01:11.708 +0000
10674,735,1369,2025-01-30 13:08:02.115 +0000
10697,213,1057,2025-01-30 16:58:10.897 +0000
10704,2058,1411,2025-01-30 18:48:08.719 +0000
10784,654,1027,2025-01-30 22:34:35.653 +0000
10793,913,832,2025-01-30 22:39:14.560 +0000
10814,2053,475,2025-01-31 00:16:24.337 +0000
10817,2053,1364,2025-01-31 00:17:10.019 +0000
10847,2087,1517,2025-01-31 01:13:51.499 +0000
10855,1977,728,2025-01-31 01:43:23.870 +0000
10888,2096,488,2025-01-31 09:35:15.406 +0000
11048,1416,213,2025-01-31 14:53:13.889 +0000
11401,927,1165,2025-02-02 02:00:33.185 +0000
11448,876,417,2025-02-02 03:18:56.465 +0000
11466,2186,260,2025-02-02 05:17:47.697 +0000
11468,2186,553,2025-02-02 05:20:03.814 +0000
11572,468,2177,2025-02-02 14:48:56.101 +0000
11586,1291,950,2025-02-02 15:31:36.487 +0000
11589,1291,543,2025-02-02 15:35:55.067 +0000
11591,2213,1468,2025-02-02 15:38:30.299 +0000
11625,735,447,2025-02-02 19:12:31.724 +0000
11708,1365,1021,2025-02-03 08:24:50.987 +0000
11725,383,927,2025-02-03 10:20:15.497 +0000
11741,2298,1871,2025-02-03 10:33:19.622 +0000
11742,2307,1055,2025-02-03 11:32:04.788 +0000
11762,2315,1923,2025-02-03 12:54:58.845 +0000
11772,1083,2294,2025-02-03 13:01:07.177 +0000
11778,2318,1288,2025-02-03 14:39:28.421 +0000
11780,1574,1467,2025-02-03 16:29:32.654 +0000
11801,2340,1333,2025-02-03 18:20:28.365 +0000
11820,2150,1025,2025-02-03 21:57:02.208 +0000
11839,2150,1871,2025-02-03 21:58:25.236 +0000
11861,1330,1473,2025-02-04 01:11:15.183 +0000
11871,1330,1130,2025-02-04 01:27:26.675 +0000
11879,2360,1440,2025-02-04 10:40:01.018 +0000
11880,2360,1391,2025-02-04 10:41:19.896 +0000
11881,2347,1217,2025-02-04 11:31:19.875 +0000
11889,2361,572,2025-02-04 11:36:01.894 +0000
11891,1962,2307,2025-02-04 12:17:17.155 +0000
11893,2213,1962,2025-02-04 12:19:28.972 +0000
11956,2371,448,2025-02-04 16:13:57.206 +0000
11958,2371,745,2025-02-04 16:14:34.154 +0000
11960,2371,1369,2025-02-04 16:15:05.198 +0000
11962,2371,1269,2025-02-04 16:16:37.003 +0000
9447,15,1205,2025-01-23 15:48:10.887 +0000
693,148,146,2024-12-16 15:57:05.986 +0000
695,75,155,2024-12-16 15:57:05.986 +0000
7124,907,448,2025-01-04 03:16:32.920 +0000
9496,1600,1372,2025-01-23 18:52:43.671 +0000
12185,1981,2207,2025-02-05 10:17:10.089 +0000
1480,15,211,2024-12-16 15:57:05.986 +0000
1498,260,234,2024-12-16 15:57:05.986 +0000
1500,259,36,2024-12-16 15:57:05.986 +0000
1517,201,31,2024-12-16 15:57:05.986 +0000
1523,33,135,2024-12-16 15:57:05.986 +0000
1536,271,63,2024-12-16 15:57:05.986 +0000
1551,148,34,2024-12-16 15:57:05.986 +0000
1563,148,37,2024-12-16 15:57:05.986 +0000
1568,274,55,2024-12-16 15:57:05.986 +0000
2402,300,254,2024-12-16 15:57:05.986 +0000
2407,300,353,2024-12-16 15:57:05.986 +0000
2411,271,348,2024-12-16 15:57:05.986 +0000
2421,260,355,2024-12-16 15:57:05.986 +0000
12189,2423,1765,2025-02-05 11:46:00.698 +0000
3628,298,148,2024-12-16 15:57:05.986 +0000
3638,370,205,2024-12-16 15:57:05.986 +0000
3644,473,397,2024-12-16 15:57:05.986 +0000
3654,271,429,2024-12-16 15:57:05.986 +0000
3657,260,463,2024-12-16 15:57:05.986 +0000
3667,448,236,2024-12-16 15:57:05.986 +0000
4399,260,68,2024-12-21 18:14:49.093 +0000
4798,370,272,2024-12-23 13:39:12.816 +0000
4427,447,147,2024-12-21 19:59:48.209 +0000
4493,571,415,2024-12-21 21:45:11.938 +0000
12203,2038,1042,2025-02-05 13:01:04.948 +0000
4532,522,448,2024-12-22 12:21:19.798 +0000
4577,592,417,2024-12-22 21:03:02.432 +0000
4584,592,271,2024-12-22 21:04:36.832 +0000
4593,592,504,2024-12-22 21:18:53.862 +0000
4595,592,573,2024-12-22 21:19:21.291 +0000
4810,616,429,2024-12-23 16:50:09.884 +0000
4811,616,427,2024-12-23 16:50:50.781 +0000
7184,913,230,2025-01-04 12:26:00.194 +0000
4833,618,388,2024-12-23 21:43:47.956 +0000
4876,636,525,2024-12-24 03:26:21.571 +0000
7203,913,145,2025-01-04 12:29:10.637 +0000
12221,2211,1072,2025-02-05 16:19:27.870 +0000
7217,913,203,2025-01-04 12:30:16.227 +0000
4951,260,504,2024-12-24 22:01:23.594 +0000
4954,260,591,2024-12-24 22:02:03.330 +0000
7222,913,236,2025-01-04 12:30:45.866 +0000
7225,919,396,2025-01-04 17:49:28.929 +0000
4973,213,515,2024-12-25 00:05:30.262 +0000
4980,563,396,2024-12-25 01:24:15.782 +0000
5003,654,492,2024-12-25 08:01:59.869 +0000
5008,654,268,2024-12-25 08:08:18.933 +0000
5012,654,144,2024-12-25 08:08:35.974 +0000
5021,654,135,2024-12-25 08:09:12.149 +0000
12263,2149,1234,2025-02-05 17:50:35.350 +0000
12267,2149,1095,2025-02-05 17:51:05.106 +0000
9810,1454,1086,2025-01-26 13:48:26.234 +0000
5145,669,54,2024-12-25 21:19:42.033 +0000
7283,927,193,2025-01-05 01:30:36.591 +0000
6151,800,512,2024-12-29 16:32:33.371 +0000
6165,800,124,2024-12-29 16:34:25.586 +0000
6174,800,76,2024-12-29 16:34:51.084 +0000
9817,1163,15,2025-01-26 14:43:42.369 +0000
9820,1798,48,2025-01-26 15:59:02.751 +0000
6239,809,492,2024-12-29 21:21:50.439 +0000
6246,802,201,2024-12-29 21:41:43.312 +0000
6254,810,528,2024-12-29 21:47:16.868 +0000
6256,810,437,2024-12-29 21:47:38.850 +0000
6261,810,561,2024-12-29 21:47:52.758 +0000
6267,810,650,2024-12-29 21:48:26.726 +0000
7289,927,304,2025-01-05 01:37:15.561 +0000
6301,814,475,2024-12-29 22:41:46.190 +0000
6340,820,191,2024-12-30 02:44:40.336 +0000
6358,822,789,2024-12-30 04:48:35.271 +0000
6364,823,402,2024-12-30 05:52:04.252 +0000
6395,825,554,2024-12-30 13:04:47.123 +0000
6414,783,388,2024-12-30 17:51:23.463 +0000
12270,2436,1046,2025-02-05 17:53:52.644 +0000
10301,1996,1378,2025-01-29 00:02:23.933 +0000
10313,1998,1517,2025-01-29 09:03:08.528 +0000
10366,1365,1258,2025-01-29 13:12:25.457 +0000
10637,2036,1596,2025-01-30 11:59:10.518 +0000
6540,836,385,2024-12-30 21:12:21.758 +0000
6574,836,634,2024-12-30 21:15:12.100 +0000
6584,836,415,2024-12-30 21:16:49.019 +0000
6592,836,559,2024-12-30 21:17:09.620 +0000
6597,836,763,2024-12-30 21:17:27.070 +0000
6625,809,670,2024-12-30 23:10:13.016 +0000
6630,842,771,2024-12-31 00:36:26.970 +0000
6643,843,463,2024-12-31 00:52:46.486 +0000
6659,843,518,2024-12-31 00:54:03.501 +0000
10690,1977,400,2025-01-30 16:46:55.747 +0000
7307,935,193,2025-01-05 11:09:30.601 +0000
7311,935,243,2025-01-05 11:10:05.273 +0000
11053,1416,1450,2025-01-31 14:54:16.740 +0000
7328,484,760,2025-01-05 18:55:10.969 +0000
12274,2440,2233,2025-02-05 18:59:29.172 +0000
11394,2175,845,2025-02-02 01:20:41.964 +0000
11403,927,1262,2025-02-02 02:01:40.885 +0000
11416,927,1871,2025-02-02 02:14:03.190 +0000
11418,927,889,2025-02-02 02:15:04.814 +0000
11441,2180,1995,2025-02-02 03:02:26.506 +0000
12408,1785,1087,2025-02-06 09:21:27.458 +0000
12426,2317,2460,2025-02-06 12:13:56.837 +0000
8496,1262,413,2025-01-15 01:22:57.496 +0000
8519,271,832,2025-01-15 11:21:11.056 +0000
8952,271,1365,2025-01-20 17:42:06.567 +0000
8967,1042,417,2025-01-20 20:57:57.493 +0000
8968,460,717,2025-01-20 21:36:44.335 +0000
8981,460,1146,2025-01-20 21:37:40.175 +0000
8998,1465,448,2025-01-20 23:30:09.926 +0000
11534,1291,929,2025-02-02 12:46:51.329 +0000
9005,1472,1039,2025-01-21 07:51:03.277 +0000
9122,1526,1319,2025-01-22 00:23:41.547 +0000
11536,1291,802,2025-02-02 12:47:07.494 +0000
11545,2205,1574,2025-02-02 13:13:11.267 +0000
11547,2205,436,2025-02-02 13:14:14.924 +0000
12443,1603,1269,2025-02-06 13:17:38.065 +0000
11580,1291,818,2025-02-02 15:24:25.653 +0000
11600,2218,1467,2025-02-02 17:03:00.358 +0000
11623,735,822,2025-02-02 19:11:39.097 +0000
11685,2245,2205,2025-02-02 22:59:39.031 +0000
11709,1365,818,2025-02-03 08:26:49.622 +0000
11717,2292,1236,2025-02-03 09:27:46.234 +0000
11719,2292,2218,2025-02-03 09:28:23.182 +0000
11726,383,1028,2025-02-03 10:20:22.077 +0000
11737,2298,1307,2025-02-03 10:32:04.729 +0000
11743,2307,1193,2025-02-03 11:32:55.687 +0000
11746,2307,1364,2025-02-03 11:36:47.892 +0000
11747,2307,1552,2025-02-03 11:37:00.996 +0000
11753,735,1920,2025-02-03 12:04:35.534 +0000
11767,1981,2030,2025-02-03 12:55:36.031 +0000
11773,2300,2317,2025-02-03 14:26:59.456 +0000
12444,205,713,2025-02-06 13:17:54.073 +0000
11798,1487,2207,2025-02-03 17:13:06.087 +0000
11815,2150,1486,2025-02-03 21:56:15.342 +0000
11827,2150,1510,2025-02-03 21:57:32.311 +0000
12453,2475,1517,2025-02-06 16:05:54.846 +0000
11851,2349,1683,2025-02-03 23:31:14.193 +0000
11887,2361,970,2025-02-04 11:35:21.080 +0000
11902,867,1330,2025-02-04 13:15:47.432 +0000
11905,1487,2347,2025-02-04 14:43:43.702 +0000
12515,2496,2470,2025-02-06 22:04:31.861 +0000
12547,2361,2521,2025-02-07 03:08:33.953 +0000
12556,1330,50,2025-02-07 07:10:20.123 +0000
12565,2525,1258,2025-02-07 11:29:07.298 +0000
11997,2374,1217,2025-02-04 16:39:14.506 +0000
12007,2374,1871,2025-02-04 16:39:37.212 +0000
12054,2395,512,2025-02-04 20:08:19.061 +0000
12064,1262,1068,2025-02-04 21:03:27.175 +0000
12586,271,388,2025-02-07 14:55:04.102 +0000
12073,1262,484,2025-02-04 21:05:41.128 +0000
12080,1163,1964,2025-02-04 21:43:53.174 +0000
12085,1163,1174,2025-02-04 21:44:01.162 +0000
12598,271,1977,2025-02-07 15:03:54.618 +0000
12603,2527,297,2025-02-07 15:15:09.210 +0000
12617,2143,1063,2025-02-07 15:20:52.392 +0000
12633,2534,1922,2025-02-07 17:23:28.070 +0000
12649,2546,1998,2025-02-07 21:11:50.693 +0000
12652,2546,913,2025-02-07 21:12:33.016 +0000
7126,907,423,2025-01-04 03:16:38.085 +0000
9450,15,1102,2025-01-23 15:48:26.479 +0000
1470,213,268,2024-12-16 15:57:05.986 +0000
1485,15,201,2024-12-16 15:57:05.986 +0000
9478,1600,925,2025-01-23 18:37:32.175 +0000
1501,259,63,2024-12-16 15:57:05.986 +0000
1505,260,144,2024-12-16 15:57:05.986 +0000
1513,260,201,2024-12-16 15:57:05.986 +0000
1544,254,63,2024-12-16 15:57:05.986 +0000
1558,148,235,2024-12-16 15:57:05.986 +0000
1571,274,2,2024-12-16 15:57:05.986 +0000
9760,1055,1032,2025-01-25 21:56:57.871 +0000
1581,276,29,2024-12-16 15:57:05.986 +0000
3629,242,320,2024-12-16 15:57:05.986 +0000
2412,271,355,2024-12-16 15:57:05.986 +0000
3632,242,339,2024-12-16 15:57:05.986 +0000
4801,1,271,2024-12-23 14:42:17.581 +0000
3658,448,50,2024-12-16 15:57:05.986 +0000
3665,448,234,2024-12-16 15:57:05.986 +0000
4400,260,145,2024-12-21 18:14:49.870 +0000
4428,447,453,2024-12-21 20:00:30.101 +0000
4460,447,305,2024-12-21 21:00:43.397 +0000
4471,447,330,2024-12-21 21:10:33.907 +0000
4474,447,392,2024-12-21 21:12:18.056 +0000
4479,447,309,2024-12-21 21:25:18.713 +0000
7127,907,396,2025-01-04 03:16:44.742 +0000
4497,388,453,2024-12-21 21:47:56.107 +0000
4500,370,201,2024-12-21 22:51:17.221 +0000
4528,554,465,2024-12-22 11:26:24.941 +0000
4531,522,463,2024-12-22 12:21:13.076 +0000
4541,581,497,2024-12-22 13:29:58.686 +0000
4816,616,594,2024-12-23 16:51:19.012 +0000
7130,907,512,2025-01-04 03:16:54.362 +0000
4836,618,260,2024-12-23 22:00:10.839 +0000
4844,618,553,2024-12-23 22:03:10.169 +0000
4846,618,429,2024-12-23 22:03:16.830 +0000
4898,591,463,2024-12-24 08:52:09.172 +0000
10335,1003,260,2025-01-29 13:02:25.495 +0000
10641,2036,1977,2025-01-30 11:59:48.981 +0000
4983,650,396,2024-12-25 02:41:12.466 +0000
10644,2036,1479,2025-01-30 12:00:29.868 +0000
5029,654,37,2024-12-25 08:09:21.500 +0000
7135,907,492,2025-01-04 03:17:22.704 +0000
5052,9,88,2024-12-25 10:50:50.356 +0000
5053,656,400,2024-12-25 11:31:48.816 +0000
5059,659,413,2024-12-25 15:47:50.532 +0000
7140,907,889,2025-01-04 03:17:39.471 +0000
5125,213,560,2024-12-25 20:05:57.730 +0000
5157,588,475,2024-12-25 23:30:41.831 +0000
11405,927,448,2025-02-02 02:02:20.101 +0000
11412,927,1236,2025-02-02 02:08:13.694 +0000
6154,800,492,2024-12-29 16:32:41.467 +0000
6160,800,572,2024-12-29 16:32:49.849 +0000
6180,800,34,2024-12-29 16:36:11.502 +0000
6184,800,243,2024-12-29 16:36:17.848 +0000
6188,767,468,2024-12-29 17:04:44.967 +0000
6198,767,347,2024-12-29 17:05:22.582 +0000
6207,802,37,2024-12-29 17:15:50.980 +0000
6222,805,386,2024-12-29 18:31:51.353 +0000
11460,2186,213,2025-02-02 05:14:17.792 +0000
6272,810,701,2024-12-29 21:48:43.428 +0000
6316,448,742,2024-12-29 22:44:59.749 +0000
6320,623,157,2024-12-30 01:14:17.966 +0000
11526,522,929,2025-02-02 10:53:41.390 +0000
6336,820,149,2024-12-30 02:43:59.369 +0000
6370,823,413,2024-12-30 05:56:04.822 +0000
6393,825,500,2024-12-30 13:03:41.669 +0000
6410,254,216,2024-12-30 17:14:39.414 +0000
6420,783,554,2024-12-30 17:52:08.866 +0000
6425,654,156,2024-12-30 17:59:41.146 +0000
6433,783,396,2024-12-30 18:07:43.964 +0000
6438,831,525,2024-12-30 18:27:13.273 +0000
6439,447,728,2024-12-30 18:28:41.270 +0000
11548,2205,1462,2025-02-02 13:14:43.110 +0000
6505,834,413,2024-12-30 19:08:58.798 +0000
11553,2207,15,2025-02-02 13:40:48.022 +0000
11554,2209,1382,2025-02-02 13:49:13.738 +0000
6545,836,396,2024-12-30 21:13:15.420 +0000
6550,836,481,2024-12-30 21:13:25.452 +0000
6589,836,414,2024-12-30 21:16:59.730 +0000
6598,836,512,2024-12-30 21:17:28.293 +0000
6605,836,509,2024-12-30 21:17:42.664 +0000
6611,836,770,2024-12-30 21:18:37.962 +0000
6616,836,748,2024-12-30 21:18:46.228 +0000
6620,838,447,2024-12-30 21:57:53.555 +0000
6628,841,639,2024-12-31 00:26:27.660 +0000
6634,770,156,2024-12-31 00:40:26.321 +0000
6640,843,468,2024-12-31 00:51:55.316 +0000
6650,843,794,2024-12-31 00:53:48.604 +0000
11576,468,1193,2025-02-02 15:17:07.319 +0000
7167,913,8,2025-01-04 12:23:28.053 +0000
7168,913,34,2025-01-04 12:24:40.893 +0000
7169,913,30,2025-01-04 12:24:48.074 +0000
7178,913,54,2025-01-04 12:25:49.300 +0000
7179,913,118,2025-01-04 12:25:51.390 +0000
7183,913,53,2025-01-04 12:25:58.706 +0000
7187,913,37,2025-01-04 12:26:06.035 +0000
7189,913,79,2025-01-04 12:26:08.974 +0000
7191,913,88,2025-01-04 12:26:13.440 +0000
7192,913,87,2025-01-04 12:27:25.496 +0000
7194,913,135,2025-01-04 12:27:36.245 +0000
7198,913,124,2025-01-04 12:29:02.190 +0000
7212,913,194,2025-01-04 12:29:54.176 +0000
7214,913,217,2025-01-04 12:30:00.072 +0000
7216,913,192,2025-01-04 12:30:11.268 +0000
7220,913,241,2025-01-04 12:30:36.997 +0000
7227,919,463,2025-01-04 17:49:47.162 +0000
7228,919,501,2025-01-04 17:50:02.165 +0000
7233,919,543,2025-01-04 17:52:15.493 +0000
7240,654,448,2025-01-04 18:05:42.190 +0000
11604,2218,921,2025-02-02 17:03:22.324 +0000
11613,2222,1369,2025-02-02 18:13:33.906 +0000
11622,735,2149,2025-02-02 19:11:15.162 +0000
7290,927,277,2025-01-05 02:46:55.374 +0000
7299,932,745,2025-01-05 07:12:53.263 +0000
7306,935,34,2025-01-05 11:08:24.925 +0000
11628,735,1553,2025-02-02 19:13:30.404 +0000
7357,838,623,2025-01-06 00:03:50.803 +0000
7385,966,465,2025-01-06 05:11:29.550 +0000
7402,966,927,2025-01-06 05:16:03.186 +0000
7406,967,448,2025-01-06 07:01:28.205 +0000
11643,2237,845,2025-02-02 21:14:54.591 +0000
11723,383,468,2025-02-03 10:19:43.905 +0000
11750,2223,2233,2025-02-03 11:48:12.197 +0000
11775,2318,1378,2025-02-03 14:38:16.549 +0000
11823,2150,1031,2025-02-03 21:57:11.332 +0000
11843,2150,1995,2025-02-03 21:58:35.900 +0000
11872,1330,1486,2025-02-04 01:30:18.346 +0000
11892,1962,2213,2025-02-04 12:18:50.079 +0000
11957,2371,572,2025-02-04 16:14:15.726 +0000
11982,2374,543,2025-02-04 16:37:21.568 +0000
7526,1003,213,2025-01-06 20:49:31.229 +0000
7551,976,448,2025-01-06 23:46:59.267 +0000
7554,592,385,2025-01-07 00:24:41.688 +0000
7564,1011,525,2025-01-07 00:54:27.109 +0000
8498,1262,463,2025-01-15 01:23:33.735 +0000
8501,1262,436,2025-01-15 01:24:38.957 +0000
8508,271,80,2025-01-15 11:20:57.109 +0000
8532,271,1257,2025-01-15 11:27:44.125 +0000
8953,271,1409,2025-01-20 17:42:08.152 +0000
8958,9,542,2025-01-20 19:07:19.562 +0000
11987,2375,2183,2025-02-04 16:38:26.129 +0000
8979,460,1307,2025-01-20 21:37:37.062 +0000
8991,1463,970,2025-01-20 22:49:01.195 +0000
9006,1472,1122,2025-01-21 07:51:22.962 +0000
9011,1473,447,2025-01-21 08:03:53.265 +0000
9017,213,912,2025-01-21 12:59:36.071 +0000
9024,213,1025,2025-01-21 13:00:31.703 +0000
9031,1483,802,2025-01-21 13:03:28.214 +0000
9035,213,1376,2025-01-21 13:06:56.066 +0000
9131,1526,1292,2025-01-22 00:26:27.079 +0000
9150,1487,400,2025-01-22 00:48:08.634 +0000
9158,553,1529,2025-01-22 02:31:16.778 +0000
11996,2374,1924,2025-02-04 16:39:07.351 +0000
11998,2374,1025,2025-02-04 16:39:16.533 +0000
692,148,144,2024-12-16 15:57:05.986 +0000
701,149,85,2024-12-16 15:57:05.986 +0000
1471,213,269,2024-12-16 15:57:05.986 +0000
1473,236,166,2024-12-16 15:57:05.986 +0000
1479,15,242,2024-12-16 15:57:05.986 +0000
1484,15,191,2024-12-16 15:57:05.986 +0000
1487,260,55,2024-12-16 15:57:05.986 +0000
1490,260,88,2024-12-16 15:57:05.986 +0000
1495,260,156,2024-12-16 15:57:05.986 +0000
1507,260,135,2024-12-16 15:57:05.986 +0000
1516,260,236,2024-12-16 15:57:05.986 +0000
1522,33,121,2024-12-16 15:57:05.986 +0000
1526,33,236,2024-12-16 15:57:05.986 +0000
1540,213,271,2024-12-16 15:57:05.986 +0000
1543,254,36,2024-12-16 15:57:05.986 +0000
1550,254,79,2024-12-16 15:57:05.986 +0000
1555,148,54,2024-12-16 15:57:05.986 +0000
1565,274,29,2024-12-16 15:57:05.986 +0000
1570,274,47,2024-12-16 15:57:05.986 +0000
1578,1,207,2024-12-16 15:57:05.986 +0000
1580,276,37,2024-12-16 15:57:05.986 +0000
2423,260,368,2024-12-16 15:57:05.986 +0000
3630,298,143,2024-12-16 15:57:05.986 +0000
3646,9,34,2024-12-16 15:57:05.986 +0000
3664,448,166,2024-12-16 15:57:05.986 +0000
4401,260,450,2024-12-21 18:14:50.636 +0000
7134,907,468,2025-01-04 03:17:19.612 +0000
4417,447,21,2024-12-21 19:56:39.075 +0000
4422,447,31,2024-12-21 19:56:43.721 +0000
4440,447,236,2024-12-21 20:54:41.022 +0000
4449,95,213,2024-12-21 20:57:49.484 +0000
4488,370,447,2024-12-21 21:32:41.822 +0000
4491,571,260,2024-12-21 21:45:07.338 +0000
9465,254,1356,2025-01-23 16:32:29.774 +0000
4566,213,579,2024-12-22 20:35:39.493 +0000
4585,592,554,2024-12-22 21:04:39.956 +0000
9472,1595,465,2025-01-23 16:48:43.330 +0000
9480,1600,1546,2025-01-23 18:37:49.441 +0000
7142,907,670,2025-01-04 03:17:44.233 +0000
4840,618,463,2024-12-23 22:01:19.663 +0000
4843,618,414,2024-12-23 22:03:08.301 +0000
12187,230,194,2025-02-05 10:59:40.751 +0000
4871,592,396,2024-12-24 01:31:39.840 +0000
4901,591,388,2024-12-24 08:52:15.585 +0000
12219,2360,1145,2025-02-05 15:55:40.347 +0000
9771,1440,1292,2025-01-26 01:20:29.890 +0000
7199,913,84,2025-01-04 12:29:03.986 +0000
5002,654,453,2024-12-25 08:01:46.087 +0000
5010,654,235,2024-12-25 08:08:31.396 +0000
7291,927,313,2025-01-05 02:47:42.308 +0000
5058,659,469,2024-12-25 15:47:22.709 +0000
5082,661,615,2024-12-25 16:33:06.325 +0000
5118,665,477,2024-12-25 19:45:31.045 +0000
12230,428,1685,2025-02-05 16:46:17.572 +0000
6159,800,385,2024-12-29 16:32:48.568 +0000
6173,800,171,2024-12-29 16:34:49.282 +0000
6199,767,436,2024-12-29 17:05:23.543 +0000
6242,809,525,2024-12-29 21:22:42.269 +0000
6259,810,523,2024-12-29 21:47:50.062 +0000
6270,810,655,2024-12-29 21:48:41.569 +0000
9802,1785,1273,2025-01-26 11:33:45.969 +0000
6324,623,27,2024-12-30 01:20:06.025 +0000
6355,822,488,2024-12-30 04:48:29.616 +0000
12245,2434,2233,2025-02-05 17:16:02.990 +0000
6381,760,822,2024-12-30 12:06:20.162 +0000
9824,1798,484,2025-01-26 15:59:30.559 +0000
6500,834,347,2024-12-30 19:07:19.497 +0000
6504,834,85,2024-12-30 19:08:48.904 +0000
9836,1799,468,2025-01-26 16:57:57.344 +0000
6527,783,548,2024-12-30 19:35:38.569 +0000
6553,836,477,2024-12-30 21:13:29.727 +0000
7336,484,205,2025-01-05 18:55:56.032 +0000
6572,836,717,2024-12-30 21:15:03.648 +0000
6585,836,399,2024-12-30 21:16:50.538 +0000
6609,836,293,2024-12-30 21:17:48.374 +0000
6618,836,834,2024-12-30 21:18:50.290 +0000
6626,809,771,2024-12-30 23:10:15.074 +0000
6638,843,396,2024-12-31 00:51:39.709 +0000
6645,843,725,2024-12-31 00:53:29.588 +0000
12258,2149,1871,2025-02-05 17:49:16.841 +0000
12260,2149,670,2025-02-05 17:50:02.126 +0000
7362,838,413,2025-01-06 00:05:00.892 +0000
12268,1330,9,2025-02-05 17:51:25.097 +0000
9911,1871,436,2025-01-27 05:22:59.108 +0000
7393,966,347,2025-01-06 05:14:25.244 +0000
7423,971,213,2025-01-06 10:22:22.213 +0000
7441,448,967,2025-01-06 14:13:45.454 +0000
7449,980,600,2025-01-06 15:28:58.013 +0000
7452,980,802,2025-01-06 15:30:24.485 +0000
7454,980,822,2025-01-06 15:35:17.967 +0000
9919,1875,551,2025-01-27 09:24:52.622 +0000
9937,1877,1028,2025-01-27 10:43:03.206 +0000
7527,1003,663,2025-01-06 20:49:48.394 +0000
7530,1005,789,2025-01-06 21:40:18.456 +0000
8502,1262,572,2025-01-15 01:24:53.817 +0000
8522,271,825,2025-01-15 11:21:15.507 +0000
8954,271,1412,2025-01-20 17:42:09.072 +0000
8970,460,832,2025-01-20 21:36:48.732 +0000
9982,1325,538,2025-01-27 13:14:02.324 +0000
8992,1465,468,2025-01-20 23:27:51.496 +0000
9034,1483,1130,2025-01-21 13:04:30.704 +0000
12334,927,2400,2025-02-05 20:18:54.666 +0000
9134,1526,1356,2025-01-22 00:27:04.379 +0000
9148,1527,1027,2025-01-22 00:39:58.755 +0000
12361,1949,1025,2025-02-05 23:12:44.735 +0000
12367,2449,1115,2025-02-05 23:45:36.381 +0000
12376,1574,48,2025-02-06 00:45:02.966 +0000
10017,260,1541,2025-01-27 13:15:14.369 +0000
10020,300,417,2025-01-27 13:15:44.292 +0000
10345,1365,468,2025-01-29 13:11:34.121 +0000
10359,1365,1913,2025-01-29 13:12:07.563 +0000
10663,735,260,2025-01-30 13:03:20.855 +0000
10675,735,1440,2025-01-30 13:08:04.405 +0000
10700,2058,9,2025-01-30 18:46:16.319 +0000
12379,2436,978,2025-02-06 02:19:45.598 +0000
12381,2436,1060,2025-02-06 02:28:25.341 +0000
12398,2458,1267,2025-02-06 08:36:50.616 +0000
11451,2086,845,2025-02-02 03:53:34.431 +0000
12418,2461,1105,2025-02-06 11:25:16.799 +0000
12430,713,1641,2025-02-06 13:00:36.840 +0000
11608,1272,271,2025-02-02 17:30:52.914 +0000
12459,2477,1584,2025-02-06 16:16:23.455 +0000
12479,735,713,2025-02-06 21:07:29.597 +0000
11650,2239,1529,2025-02-02 21:28:33.554 +0000
11654,2242,1995,2025-02-02 22:26:37.350 +0000
11684,2245,1079,2025-02-02 22:59:28.620 +0000
11714,2290,1369,2025-02-03 08:29:41.543 +0000
11718,2292,1055,2025-02-03 09:28:01.284 +0000
11721,383,48,2025-02-03 10:19:31.136 +0000
11732,2298,1614,2025-02-03 10:30:28.285 +0000
11745,2307,2205,2025-02-03 11:36:11.112 +0000
11768,2315,1047,2025-02-03 12:56:07.901 +0000
11803,2340,2167,2025-02-03 18:27:05.688 +0000
11816,2150,1364,2025-02-03 21:56:27.537 +0000
11819,2150,448,2025-02-03 21:56:56.597 +0000
11822,2150,1028,2025-02-03 21:57:08.366 +0000
11829,2150,1996,2025-02-03 21:57:39.190 +0000
11853,2349,1467,2025-02-03 23:31:20.133 +0000
11890,1058,1586,2025-02-04 11:41:48.480 +0000
12516,2502,2442,2025-02-06 22:17:53.050 +0000
12525,2503,970,2025-02-06 22:33:50.503 +0000
11965,2374,912,2025-02-04 16:33:47.968 +0000
11969,2374,1486,2025-02-04 16:34:19.471 +0000
11990,2374,2307,2025-02-04 16:38:40.622 +0000
11994,2374,1087,2025-02-04 16:38:50.541 +0000
12001,2374,2294,2025-02-04 16:39:24.173 +0000
12002,2374,2142,2025-02-04 16:39:26.023 +0000
12018,2377,1467,2025-02-04 17:18:16.694 +0000
12020,2377,468,2025-02-04 17:19:06.456 +0000
12027,2349,2205,2025-02-04 17:29:30.843 +0000
12057,2397,1010,2025-02-04 20:33:14.471 +0000
12065,1262,1055,2025-02-04 21:03:31.402 +0000
12075,2404,1163,2025-02-04 21:24:15.326 +0000
12079,1163,1981,2025-02-04 21:43:50.280 +0000
12083,1163,1451,2025-02-04 21:43:59.013 +0000
12095,468,1130,2025-02-04 22:18:21.205 +0000
12109,1893,1025,2025-02-05 01:27:01.719 +0000
696,75,157,2024-12-16 15:57:05.986 +0000
7136,907,572,2025-01-04 03:17:26.760 +0000
1476,15,217,2024-12-16 15:57:05.986 +0000
1482,15,234,2024-12-16 15:57:05.986 +0000
1497,260,217,2024-12-16 15:57:05.986 +0000
1503,259,33,2024-12-16 15:57:05.986 +0000
1504,260,76,2024-12-16 15:57:05.986 +0000
4809,616,600,2024-12-23 16:49:39.512 +0000
1515,260,269,2024-12-16 15:57:05.986 +0000
1518,201,43,2024-12-16 15:57:05.986 +0000
1531,271,36,2024-12-16 15:57:05.986 +0000
1537,271,24,2024-12-16 15:57:05.986 +0000
1542,254,5,2024-12-16 15:57:05.986 +0000
1549,254,70,2024-12-16 15:57:05.986 +0000
1560,148,239,2024-12-16 15:57:05.986 +0000
1567,274,56,2024-12-16 15:57:05.986 +0000
1572,274,54,2024-12-16 15:57:05.986 +0000
1582,276,34,2024-12-16 15:57:05.986 +0000
1584,278,230,2024-12-16 15:57:05.986 +0000
4821,616,458,2024-12-23 16:51:36.739 +0000
4856,621,260,2024-12-23 22:33:20.643 +0000
4862,95,196,2024-12-23 23:51:27.158 +0000
4873,592,518,2024-12-24 01:31:46.116 +0000
2449,1,216,2024-12-16 15:57:05.986 +0000
2458,1,334,2024-12-16 15:57:05.986 +0000
2461,1,311,2024-12-16 15:57:05.986 +0000
2462,366,37,2024-12-16 15:57:05.986 +0000
2464,366,85,2024-12-16 15:57:05.986 +0000
2468,366,167,2024-12-16 15:57:05.986 +0000
2471,366,247,2024-12-16 15:57:05.986 +0000
7139,907,794,2025-01-04 03:17:36.922 +0000
2473,1,254,2024-12-16 15:57:05.986 +0000
4899,591,213,2024-12-24 08:52:10.936 +0000
9467,707,415,2025-01-23 16:38:52.657 +0000
4955,260,592,2024-12-24 22:02:08.109 +0000
2494,298,34,2024-12-16 15:57:05.986 +0000
2499,388,374,2024-12-16 15:57:05.986 +0000
2507,27,118,2024-12-16 15:57:05.986 +0000
2515,15,315,2024-12-16 15:57:05.986 +0000
2524,15,382,2024-12-16 15:57:05.986 +0000
2526,15,378,2024-12-16 15:57:05.986 +0000
2537,275,29,2024-12-16 15:57:05.986 +0000
2543,275,28,2024-12-16 15:57:05.986 +0000
2551,388,56,2024-12-16 15:57:05.986 +0000
2561,388,85,2024-12-16 15:57:05.986 +0000
7143,907,787,2025-01-04 03:17:46.370 +0000
4971,271,592,2024-12-24 22:51:56.763 +0000
3631,298,85,2024-12-16 15:57:05.986 +0000
2622,399,31,2024-12-16 15:57:05.986 +0000
2635,260,351,2024-12-16 15:57:05.986 +0000
2639,213,359,2024-12-16 15:57:05.986 +0000
2642,213,372,2024-12-16 15:57:05.986 +0000
2646,213,71,2024-12-16 15:57:05.986 +0000
2649,213,386,2024-12-16 15:57:05.986 +0000
2658,213,383,2024-12-16 15:57:05.986 +0000
2662,213,354,2024-12-16 15:57:05.986 +0000
2666,213,361,2024-12-16 15:57:05.986 +0000
2670,377,171,2024-12-16 15:57:05.986 +0000
3636,242,347,2024-12-16 15:57:05.986 +0000
3647,9,30,2024-12-16 15:57:05.986 +0000
3659,70,167,2024-12-16 15:57:05.986 +0000
3668,448,297,2024-12-16 15:57:05.986 +0000
4402,260,155,2024-12-21 18:14:51.370 +0000
4414,487,469,2024-12-21 18:59:55.632 +0000
4421,447,52,2024-12-21 19:56:42.990 +0000
4431,481,213,2024-12-21 20:23:23.985 +0000
4433,447,216,2024-12-21 20:50:22.345 +0000
4457,388,315,2024-12-21 21:00:09.432 +0000
12207,519,818,2025-02-05 13:23:27.796 +0000
4529,554,156,2024-12-22 11:26:25.954 +0000
4530,580,415,2024-12-22 12:20:52.888 +0000
4551,588,468,2024-12-22 18:55:13.634 +0000
12208,2427,1681,2025-02-05 13:23:53.743 +0000
4990,651,512,2024-12-25 02:56:31.540 +0000
5027,654,245,2024-12-25 08:09:18.541 +0000
5065,36,155,2024-12-25 15:49:15.281 +0000
5078,661,417,2024-12-25 16:32:57.650 +0000
10360,1365,1937,2025-01-29 13:12:08.169 +0000
10678,2049,484,2025-01-30 13:49:53.845 +0000
5123,213,559,2024-12-25 20:05:54.554 +0000
7196,913,181,2025-01-04 12:28:56.080 +0000
5185,683,386,2024-12-26 00:27:19.480 +0000
5189,683,492,2024-12-26 00:27:57.989 +0000
5193,683,415,2024-12-26 00:30:45.639 +0000
5194,683,479,2024-12-26 00:31:37.844 +0000
10685,1365,1873,2025-01-30 15:02:15.993 +0000
6161,800,386,2024-12-29 16:32:53.078 +0000
6186,767,595,2024-12-29 17:04:29.247 +0000
10729,2020,1474,2025-01-30 20:02:29.243 +0000
6218,805,463,2024-12-29 18:29:49.360 +0000
6247,802,396,2024-12-29 21:41:55.860 +0000
6265,810,433,2024-12-29 21:48:19.190 +0000
6277,809,448,2024-12-29 21:49:42.491 +0000
6347,822,572,2024-12-30 04:44:58.800 +0000
6357,822,818,2024-12-30 04:48:33.705 +0000
6382,760,767,2024-12-30 12:07:12.209 +0000
6387,767,488,2024-12-30 12:42:51.318 +0000
6404,767,385,2024-12-30 16:21:24.157 +0000
6437,831,463,2024-12-30 18:24:38.340 +0000
10755,2067,448,2025-01-30 20:18:34.644 +0000
12232,428,1999,2025-02-05 16:48:05.918 +0000
10786,654,1077,2025-01-30 22:34:37.929 +0000
10797,2084,671,2025-01-30 22:40:35.793 +0000
6571,836,735,2024-12-30 21:15:02.608 +0000
6627,809,572,2024-12-30 23:10:16.411 +0000
6642,843,802,2024-12-31 00:52:02.295 +0000
6648,843,385,2024-12-31 00:53:44.339 +0000
7237,654,191,2025-01-04 18:05:38.282 +0000
7301,932,822,2025-01-05 07:14:59.143 +0000
7314,941,448,2025-01-05 14:38:14.488 +0000
7329,484,543,2025-01-05 18:55:20.396 +0000
7334,484,414,2025-01-05 18:55:51.987 +0000
10831,2086,1079,2025-01-31 00:53:57.275 +0000
7388,966,448,2025-01-06 05:12:29.116 +0000
7405,967,385,2025-01-06 07:01:10.138 +0000
7416,967,615,2025-01-06 09:22:39.493 +0000
7442,979,437,2025-01-06 15:17:11.474 +0000
7453,980,977,2025-01-06 15:30:42.734 +0000
10863,1365,1468,2025-01-31 02:30:11.419 +0000
10866,1365,1486,2025-01-31 02:30:16.030 +0000
10887,411,1462,2025-01-31 07:56:53.794 +0000
7525,1001,85,2025-01-06 20:34:56.074 +0000
7533,967,834,2025-01-06 22:22:37.190 +0000
12257,2436,1319,2025-02-05 17:43:45.339 +0000
7557,705,201,2025-01-07 00:32:42.894 +0000
8503,1262,623,2025-01-15 01:25:06.097 +0000
8504,1262,400,2025-01-15 01:28:22.652 +0000
8515,271,669,2025-01-15 11:21:05.275 +0000
8955,271,1283,2025-01-20 17:42:10.086 +0000
8957,1409,271,2025-01-20 17:50:49.133 +0000
8959,9,373,2025-01-20 19:07:47.905 +0000
8989,1463,572,2025-01-20 22:48:06.081 +0000
8996,1465,205,2025-01-20 23:28:54.032 +0000
9009,1473,448,2025-01-21 08:03:15.110 +0000
9012,1473,1130,2025-01-21 08:05:44.000 +0000
9038,213,1248,2025-01-21 13:08:18.701 +0000
9051,448,1483,2025-01-21 14:19:10.377 +0000
9139,1526,1031,2025-01-22 00:28:01.669 +0000
11078,1603,1130,2025-01-31 20:46:17.873 +0000
11099,1365,1540,2025-02-01 01:42:32.157 +0000
11105,1798,506,2025-02-01 04:54:51.257 +0000
11139,1798,713,2025-02-01 05:04:04.523 +0000
11161,2092,1995,2025-02-01 08:14:47.789 +0000
12264,2149,1028,2025-02-05 17:50:47.198 +0000
11219,978,802,2025-02-01 13:08:14.060 +0000
11257,2145,448,2025-02-01 19:18:46.493 +0000
11270,2148,1286,2025-02-01 20:09:42.543 +0000
11271,2148,1450,2025-02-01 20:10:30.768 +0000
11289,2157,822,2025-02-01 21:42:24.259 +0000
11297,1163,1262,2025-02-01 22:28:00.153 +0000
11310,1163,1193,2025-02-01 22:31:20.796 +0000
11316,1163,1248,2025-02-01 22:31:35.392 +0000
11333,1462,1311,2025-02-02 00:26:09.446 +0000
11336,1462,1877,2025-02-02 00:28:06.143 +0000
11445,2180,1974,2025-02-02 03:10:56.854 +0000
11453,2086,400,2025-02-02 03:55:08.329 +0000
11459,2186,1080,2025-02-02 05:12:38.473 +0000
12422,2361,468,2025-02-06 11:43:17.197 +0000
12519,2504,572,2025-02-06 22:32:29.419 +0000
12530,2503,1974,2025-02-06 22:34:00.844 +0000
12544,2521,572,2025-02-07 00:03:32.076 +0000
11528,522,977,2025-02-02 10:54:07.064 +0000
11540,1291,977,2025-02-02 12:47:45.915 +0000
11542,1474,977,2025-02-02 13:02:54.934 +0000
699,149,15,2024-12-16 15:57:05.986 +0000
1475,236,239,2024-12-16 15:57:05.986 +0000
1478,15,223,2024-12-16 15:57:05.986 +0000
1492,260,166,2024-12-16 15:57:05.986 +0000
1509,260,171,2024-12-16 15:57:05.986 +0000
1521,33,34,2024-12-16 15:57:05.986 +0000
1548,254,77,2024-12-16 15:57:05.986 +0000
1552,148,48,2024-12-16 15:57:05.986 +0000
1557,148,217,2024-12-16 15:57:05.986 +0000
9479,1600,1086,2025-01-23 18:37:46.640 +0000
1579,1,223,2024-12-16 15:57:05.986 +0000
1583,276,30,2024-12-16 15:57:05.986 +0000
4813,616,522,2024-12-23 16:51:06.257 +0000
4826,260,565,2024-12-23 18:12:28.601 +0000
4845,618,477,2024-12-23 22:03:15.381 +0000
2447,1,241,2024-12-16 15:57:05.986 +0000
2453,1,305,2024-12-16 15:57:05.986 +0000
9501,1600,1574,2025-01-23 18:53:07.649 +0000
4859,47,481,2024-12-23 22:37:22.697 +0000
2498,388,201,2024-12-16 15:57:05.986 +0000
2505,27,2,2024-12-16 15:57:05.986 +0000
2521,15,374,2024-12-16 15:57:05.986 +0000
2525,15,377,2024-12-16 15:57:05.986 +0000
2530,15,379,2024-12-16 15:57:05.986 +0000
2535,339,144,2024-12-16 15:57:05.986 +0000
2542,275,227,2024-12-16 15:57:05.986 +0000
2550,388,37,2024-12-16 15:57:05.986 +0000
2554,388,2,2024-12-16 15:57:05.986 +0000
2574,50,359,2024-12-16 15:57:05.986 +0000
9780,1748,1514,2025-01-26 05:19:05.890 +0000
4905,591,553,2024-12-24 08:52:23.202 +0000
4975,213,505,2024-12-25 00:05:33.607 +0000
7204,913,149,2025-01-04 12:29:12.547 +0000
2648,213,385,2024-12-16 15:57:05.986 +0000
2653,213,388,2024-12-16 15:57:05.986 +0000
2657,213,378,2024-12-16 15:57:05.986 +0000
3633,298,147,2024-12-16 15:57:05.986 +0000
3635,242,463,2024-12-16 15:57:05.986 +0000
3650,9,57,2024-12-16 15:57:05.986 +0000
3662,448,37,2024-12-16 15:57:05.986 +0000
3669,448,472,2024-12-16 15:57:05.986 +0000
4403,260,399,2024-12-21 18:14:52.067 +0000
4445,388,468,2024-12-21 20:56:43.475 +0000
4480,447,436,2024-12-21 21:25:31.596 +0000
4487,370,147,2024-12-21 21:32:23.147 +0000
4521,554,415,2024-12-22 11:26:17.454 +0000
7219,913,302,2025-01-04 12:30:33.024 +0000
4555,588,386,2024-12-22 18:55:28.786 +0000
7223,881,195,2025-01-04 16:00:51.745 +0000
4994,651,415,2024-12-25 02:59:56.544 +0000
5024,654,518,2024-12-25 08:09:15.031 +0000
9906,1861,1450,2025-01-27 02:12:05.232 +0000
9923,1875,970,2025-01-27 09:40:42.923 +0000
5060,659,415,2024-12-25 15:48:00.539 +0000
5069,661,634,2024-12-25 16:30:05.907 +0000
9929,1877,1474,2025-01-27 10:41:31.481 +0000
5088,663,144,2024-12-25 17:20:36.600 +0000
5096,591,554,2024-12-25 18:05:04.982 +0000
5142,543,500,2024-12-25 21:01:38.936 +0000
5154,681,600,2024-12-25 22:44:44.511 +0000
7282,927,525,2025-01-04 23:57:41.371 +0000
6162,800,413,2024-12-29 16:32:56.974 +0000
6175,800,37,2024-12-29 16:34:54.736 +0000
6187,767,427,2024-12-29 17:04:37.259 +0000
6200,767,572,2024-12-29 17:05:27.098 +0000
6224,805,572,2024-12-29 18:32:01.588 +0000
6294,810,554,2024-12-29 22:14:19.240 +0000
9942,1877,1621,2025-01-27 10:46:09.991 +0000
7316,941,818,2025-01-05 14:39:09.794 +0000
6350,822,802,2024-12-30 04:47:17.874 +0000
10369,1365,1454,2025-01-29 13:12:29.879 +0000
10687,1365,560,2025-01-30 15:54:07.056 +0000
10688,1365,1467,2025-01-30 15:54:10.201 +0000
10696,213,1022,2025-01-30 16:55:23.354 +0000
10703,2058,1108,2025-01-30 18:47:47.549 +0000
10745,2067,1010,2025-01-30 20:17:39.534 +0000
6576,836,31,2024-12-30 21:15:16.298 +0000
6588,836,413,2024-12-30 21:16:58.199 +0000
6601,836,542,2024-12-30 21:17:33.576 +0000
6657,843,413,2024-12-31 00:54:00.933 +0000
7327,484,867,2025-01-05 18:54:59.766 +0000
7345,961,398,2025-01-05 23:01:26.236 +0000
7396,966,588,2025-01-06 05:14:34.793 +0000
7400,966,802,2025-01-06 05:15:48.619 +0000
7425,972,525,2025-01-06 10:30:50.493 +0000
7446,980,525,2025-01-06 15:27:32.817 +0000
10759,2067,1025,2025-01-30 20:18:40.586 +0000
10792,913,1325,2025-01-30 22:38:19.576 +0000
7535,967,852,2025-01-06 22:29:36.368 +0000
8509,271,488,2025-01-15 11:20:57.823 +0000
8518,271,818,2025-01-15 11:21:09.394 +0000
8960,1367,1411,2025-01-20 20:19:54.520 +0000
10799,2084,1901,2025-01-30 22:41:16.332 +0000
8997,1465,1223,2025-01-20 23:29:19.375 +0000
9059,1487,972,2025-01-21 14:44:21.579 +0000
9142,1526,1130,2025-01-22 00:31:40.855 +0000
9149,1527,972,2025-01-22 00:40:05.267 +0000
10809,2085,1474,2025-01-30 23:37:03.159 +0000
10812,2053,448,2025-01-31 00:16:00.072 +0000
10826,2053,1923,2025-01-31 00:18:14.551 +0000
10830,2086,1027,2025-01-31 00:53:29.722 +0000
10835,2086,1369,2025-01-31 00:58:37.700 +0000
10853,1977,592,2025-01-31 01:43:19.533 +0000
10856,1977,421,2025-01-31 01:43:38.940 +0000
10861,1977,713,2025-01-31 01:44:10.398 +0000
10867,1028,802,2025-01-31 02:33:26.864 +0000
10872,2085,1417,2025-01-31 03:07:51.900 +0000
10878,411,66,2025-01-31 07:52:29.138 +0000
10883,411,388,2025-01-31 07:55:02.043 +0000
10889,2096,1292,2025-01-31 09:36:38.633 +0000
10896,1585,932,2025-01-31 10:00:20.364 +0000
11079,1603,1032,2025-01-31 20:46:39.875 +0000
11089,1365,1050,2025-02-01 01:41:24.422 +0000
11096,1365,822,2025-02-01 01:41:51.057 +0000
11100,2049,1365,2025-02-01 02:15:08.750 +0000
11104,1798,1580,2025-02-01 04:54:33.701 +0000
11108,1798,1130,2025-02-01 04:55:23.941 +0000
11122,1798,1084,2025-02-01 04:57:40.467 +0000
11129,1798,242,2025-02-01 04:58:04.979 +0000
11133,1798,205,2025-02-01 05:03:30.457 +0000
11216,978,707,2025-02-01 13:07:54.410 +0000
11254,2143,1269,2025-02-01 18:16:49.989 +0000
11260,2145,1032,2025-02-01 19:20:43.364 +0000
11285,2154,1530,2025-02-01 21:23:19.270 +0000
11312,1163,1165,2025-02-01 22:31:28.476 +0000
11320,1163,1990,2025-02-01 22:31:48.933 +0000
11330,735,1641,2025-02-01 23:35:38.536 +0000
11402,927,475,2025-02-02 02:01:15.364 +0000
11443,2180,1077,2025-02-02 03:09:54.341 +0000
11465,2186,388,2025-02-02 05:16:48.912 +0000
11543,1474,1369,2025-02-02 13:03:20.689 +0000
11558,2209,2208,2025-02-02 13:50:27.263 +0000
11565,2209,361,2025-02-02 13:54:34.713 +0000
11610,1272,2020,2025-02-02 17:31:27.952 +0000
11617,2223,1236,2025-02-02 18:40:44.233 +0000
11627,735,15,2025-02-02 19:13:20.676 +0000
11638,2236,889,2025-02-02 20:59:47.669 +0000
11639,2236,1871,2025-02-02 21:01:08.421 +0000
11644,2237,1468,2025-02-02 21:15:16.575 +0000
11676,2245,2209,2025-02-02 22:57:07.582 +0000
11692,2251,2182,2025-02-03 00:22:23.579 +0000
11777,2318,512,2025-02-03 14:39:13.280 +0000
11818,2150,468,2025-02-03 21:56:53.539 +0000
11821,2150,1079,2025-02-03 21:57:06.717 +0000
11899,2017,2233,2025-02-04 13:11:40.513 +0000
11955,2371,522,2025-02-04 16:13:41.001 +0000
11964,2374,1913,2025-02-04 16:33:35.796 +0000
11967,2374,1032,2025-02-04 16:33:59.027 +0000
11971,2374,1248,2025-02-04 16:34:50.426 +0000
11977,2374,465,2025-02-04 16:36:52.586 +0000
11984,2374,1641,2025-02-04 16:37:29.102 +0000
11995,2374,1381,2025-02-04 16:38:56.172 +0000
12011,2374,1996,2025-02-04 16:39:47.286 +0000
12016,2361,818,2025-02-04 17:17:56.571 +0000
12028,2349,2175,2025-02-04 17:29:35.381 +0000
12038,2394,260,2025-02-04 20:00:01.417 +0000
12042,2394,448,2025-02-04 20:00:49.901 +0000
703,149,75,2024-12-16 15:57:05.986 +0000
9483,1600,1526,2025-01-23 18:38:06.034 +0000
707,160,23,2024-12-16 15:57:05.986 +0000
708,160,21,2024-12-16 15:57:05.986 +0000
709,160,15,2024-12-16 15:57:05.986 +0000
710,160,36,2024-12-16 15:57:05.986 +0000
711,160,8,2024-12-16 15:57:05.986 +0000
712,160,57,2024-12-16 15:57:05.986 +0000
713,160,1,2024-12-16 15:57:05.986 +0000
714,160,28,2024-12-16 15:57:05.986 +0000
715,160,53,2024-12-16 15:57:05.986 +0000
716,23,154,2024-12-16 15:57:05.986 +0000
4817,616,595,2024-12-23 16:51:30.917 +0000
718,8,155,2024-12-16 15:57:05.986 +0000
719,8,160,2024-12-16 15:57:05.986 +0000
720,8,157,2024-12-16 15:57:05.986 +0000
721,8,154,2024-12-16 15:57:05.986 +0000
9487,1603,745,2025-01-23 18:46:04.800 +0000
723,23,155,2024-12-16 15:57:05.986 +0000
724,23,160,2024-12-16 15:57:05.986 +0000
725,23,157,2024-12-16 15:57:05.986 +0000
7271,925,24,2025-01-04 22:04:26.398 +0000
727,8,166,2024-12-16 15:57:05.986 +0000
728,167,135,2024-12-16 15:57:05.986 +0000
7272,783,606,2025-01-04 22:05:18.106 +0000
730,8,167,2024-12-16 15:57:05.986 +0000
731,167,87,2024-12-16 15:57:05.986 +0000
9499,1600,1566,2025-01-23 18:53:01.616 +0000
733,23,166,2024-12-16 15:57:05.986 +0000
734,23,167,2024-12-16 15:57:05.986 +0000
735,160,9,2024-12-16 15:57:05.986 +0000
736,160,27,2024-12-16 15:57:05.986 +0000
737,160,10,2024-12-16 15:57:05.986 +0000
738,160,24,2024-12-16 15:57:05.986 +0000
739,160,63,2024-12-16 15:57:05.986 +0000
740,160,121,2024-12-16 15:57:05.986 +0000
741,160,126,2024-12-16 15:57:05.986 +0000
7313,941,415,2025-01-05 14:38:05.085 +0000
743,160,125,2024-12-16 15:57:05.986 +0000
744,160,149,2024-12-16 15:57:05.986 +0000
745,66,49,2024-12-16 15:57:05.986 +0000
746,66,56,2024-12-16 15:57:05.986 +0000
747,66,55,2024-12-16 15:57:05.986 +0000
748,66,63,2024-12-16 15:57:05.986 +0000
749,66,80,2024-12-16 15:57:05.986 +0000
750,66,121,2024-12-16 15:57:05.986 +0000
751,66,64,2024-12-16 15:57:05.986 +0000
752,66,126,2024-12-16 15:57:05.986 +0000
7323,655,836,2025-01-05 17:28:28.602 +0000
754,66,27,2024-12-16 15:57:05.986 +0000
755,169,166,2024-12-16 15:57:05.986 +0000
9783,1762,468,2025-01-26 08:38:51.331 +0000
7330,484,396,2025-01-05 18:55:45.643 +0000
758,23,170,2024-12-16 15:57:05.986 +0000
759,23,169,2024-12-16 15:57:05.986 +0000
9827,1798,1258,2025-01-26 16:00:32.982 +0000
761,160,76,2024-12-16 15:57:05.986 +0000
9835,1799,512,2025-01-26 16:57:40.703 +0000
7337,484,413,2025-01-05 18:56:05.238 +0000
764,160,66,2024-12-16 15:57:05.986 +0000
765,160,144,2024-12-16 15:57:05.986 +0000
766,160,146,2024-12-16 15:57:05.986 +0000
767,160,135,2024-12-16 15:57:05.986 +0000
768,160,147,2024-12-16 15:57:05.986 +0000
769,160,85,2024-12-16 15:57:05.986 +0000
770,8,171,2024-12-16 15:57:05.986 +0000
771,160,148,2024-12-16 15:57:05.986 +0000
7342,962,500,2025-01-05 22:23:05.639 +0000
773,23,171,2024-12-16 15:57:05.986 +0000
774,149,87,2024-12-16 15:57:05.986 +0000
775,169,23,2024-12-16 15:57:05.986 +0000
9849,213,791,2025-01-26 19:24:07.481 +0000
777,169,124,2024-12-16 15:57:05.986 +0000
778,169,87,2024-12-16 15:57:05.986 +0000
779,66,77,2024-12-16 15:57:05.986 +0000
780,66,149,2024-12-16 15:57:05.986 +0000
781,66,88,2024-12-16 15:57:05.986 +0000
782,66,76,2024-12-16 15:57:05.986 +0000
7363,876,436,2025-01-06 00:57:52.477 +0000
785,180,28,2024-12-16 15:57:05.986 +0000
786,180,76,2024-12-16 15:57:05.986 +0000
787,180,87,2024-12-16 15:57:05.986 +0000
788,23,180,2024-12-16 15:57:05.986 +0000
789,180,135,2024-12-16 15:57:05.986 +0000
790,180,113,2024-12-16 15:57:05.986 +0000
791,181,87,2024-12-16 15:57:05.986 +0000
792,181,135,2024-12-16 15:57:05.986 +0000
793,148,166,2024-12-16 15:57:05.986 +0000
794,148,171,2024-12-16 15:57:05.986 +0000
795,148,180,2024-12-16 15:57:05.986 +0000
4900,591,542,2024-12-24 08:52:14.116 +0000
797,148,167,2024-12-16 15:57:05.986 +0000
798,148,181,2024-12-16 15:57:05.986 +0000
799,181,8,2024-12-16 15:57:05.986 +0000
800,181,23,2024-12-16 15:57:05.986 +0000
801,8,181,2024-12-16 15:57:05.986 +0000
802,8,180,2024-12-16 15:57:05.986 +0000
803,160,169,2024-12-16 15:57:05.986 +0000
804,23,181,2024-12-16 15:57:05.986 +0000
7389,966,413,2025-01-06 05:12:58.306 +0000
12424,468,1075,2025-02-06 11:44:04.772 +0000
807,43,135,2024-12-16 15:57:05.986 +0000
808,43,85,2024-12-16 15:57:05.986 +0000
809,43,166,2024-12-16 15:57:05.986 +0000
810,43,171,2024-12-16 15:57:05.986 +0000
12436,2085,2443,2025-02-06 13:04:31.261 +0000
812,43,167,2024-12-16 15:57:05.986 +0000
813,43,180,2024-12-16 15:57:05.986 +0000
814,47,135,2024-12-16 15:57:05.986 +0000
815,147,47,2024-12-16 15:57:05.986 +0000
816,152,121,2024-12-16 15:57:05.986 +0000
12481,735,1489,2025-02-06 21:07:55.436 +0000
818,149,47,2024-12-16 15:57:05.986 +0000
819,149,9,2024-12-16 15:57:05.986 +0000
820,149,118,2024-12-16 15:57:05.986 +0000
822,15,166,2024-12-16 15:57:05.986 +0000
823,15,155,2024-12-16 15:57:05.986 +0000
824,15,160,2024-12-16 15:57:05.986 +0000
825,15,157,2024-12-16 15:57:05.986 +0000
826,15,154,2024-12-16 15:57:05.986 +0000
827,15,171,2024-12-16 15:57:05.986 +0000
828,15,167,2024-12-16 15:57:05.986 +0000
829,15,180,2024-12-16 15:57:05.986 +0000
4953,260,621,2024-12-24 22:01:42.483 +0000
833,160,151,2024-12-16 15:57:05.986 +0000
834,160,47,2024-12-16 15:57:05.986 +0000
835,160,166,2024-12-16 15:57:05.986 +0000
836,160,153,2024-12-16 15:57:05.986 +0000
837,160,155,2024-12-16 15:57:05.986 +0000
838,160,157,2024-12-16 15:57:05.986 +0000
839,160,154,2024-12-16 15:57:05.986 +0000
840,160,171,2024-12-16 15:57:05.986 +0000
841,160,167,2024-12-16 15:57:05.986 +0000
842,160,180,2024-12-16 15:57:05.986 +0000
844,185,124,2024-12-16 15:57:05.986 +0000
845,185,87,2024-12-16 15:57:05.986 +0000
846,185,113,2024-12-16 15:57:05.986 +0000
847,15,169,2024-12-16 15:57:05.986 +0000
848,15,181,2024-12-16 15:57:05.986 +0000
849,152,47,2024-12-16 15:57:05.986 +0000
850,180,160,2024-12-16 15:57:05.986 +0000
851,85,47,2024-12-16 15:57:05.986 +0000
852,160,152,2024-12-16 15:57:05.986 +0000
853,10,23,2024-12-16 15:57:05.986 +0000
854,10,47,2024-12-16 15:57:05.986 +0000
855,10,36,2024-12-16 15:57:05.986 +0000
856,10,26,2024-12-16 15:57:05.986 +0000
857,216,21,2024-12-16 15:57:05.986 +0000
858,216,8,2024-12-16 15:57:05.986 +0000
859,216,23,2024-12-16 15:57:05.986 +0000
860,216,15,2024-12-16 15:57:05.986 +0000
861,216,28,2024-12-16 15:57:05.986 +0000
862,216,63,2024-12-16 15:57:05.986 +0000
863,213,21,2024-12-16 15:57:05.986 +0000
864,213,9,2024-12-16 15:57:05.986 +0000
865,213,8,2024-12-16 15:57:05.986 +0000
867,213,15,2024-12-16 15:57:05.986 +0000
869,216,148,2024-12-16 15:57:05.986 +0000
870,216,151,2024-12-16 15:57:05.986 +0000
871,216,197,2024-12-16 15:57:05.986 +0000
872,216,196,2024-12-16 15:57:05.986 +0000
873,8,186,2024-12-16 15:57:05.986 +0000
874,8,169,2024-12-16 15:57:05.986 +0000
875,8,185,2024-12-16 15:57:05.986 +0000
876,8,192,2024-12-16 15:57:05.986 +0000
878,8,199,2024-12-16 15:57:05.986 +0000
879,8,197,2024-12-16 15:57:05.986 +0000
880,8,191,2024-12-16 15:57:05.986 +0000
881,8,196,2024-12-16 15:57:05.986 +0000
882,8,194,2024-12-16 15:57:05.986 +0000
884,216,135,2024-12-16 15:57:05.986 +0000
885,216,157,2024-12-16 15:57:05.986 +0000
886,216,192,2024-12-16 15:57:05.986 +0000
887,8,208,2024-12-16 15:57:05.986 +0000
888,216,201,2024-12-16 15:57:05.986 +0000
889,8,198,2024-12-16 15:57:05.986 +0000
5019,654,50,2024-12-25 08:09:10.131 +0000
5026,654,297,2024-12-25 08:09:17.671 +0000
5128,666,386,2024-12-25 20:57:57.849 +0000
890,8,200,2024-12-16 15:57:05.986 +0000
891,8,201,2024-12-16 15:57:05.986 +0000
892,216,203,2024-12-16 15:57:05.986 +0000
900,213,23,2024-12-16 15:57:05.986 +0000
907,213,76,2024-12-16 15:57:05.986 +0000
908,213,135,2024-12-16 15:57:05.986 +0000
910,8,203,2024-12-16 15:57:05.986 +0000
924,8,212,2024-12-16 15:57:05.986 +0000
926,213,199,2024-12-16 15:57:05.986 +0000
930,213,192,2024-12-16 15:57:05.986 +0000
934,216,9,2024-12-16 15:57:05.986 +0000
937,216,147,2024-12-16 15:57:05.986 +0000
939,216,199,2024-12-16 15:57:05.986 +0000
946,216,150,2024-12-16 15:57:05.986 +0000
1477,15,215,2024-12-16 15:57:05.986 +0000
954,213,211,2024-12-16 15:57:05.986 +0000
963,201,28,2024-12-16 15:57:05.986 +0000
1494,260,154,2024-12-16 15:57:05.986 +0000
1496,260,192,2024-12-16 15:57:05.986 +0000
1506,260,180,2024-12-16 15:57:05.986 +0000
1514,260,247,2024-12-16 15:57:05.986 +0000
1524,33,167,2024-12-16 15:57:05.986 +0000
1535,271,10,2024-12-16 15:57:05.986 +0000
1538,271,28,2024-12-16 15:57:05.986 +0000
1547,254,121,2024-12-16 15:57:05.986 +0000
1553,148,50,2024-12-16 15:57:05.986 +0000
1574,274,33,2024-12-16 15:57:05.986 +0000
1585,278,54,2024-12-16 15:57:05.986 +0000
4818,616,525,2024-12-23 16:51:32.565 +0000
4825,260,596,2024-12-23 18:12:19.791 +0000
4865,447,29,2024-12-24 01:21:07.002 +0000
9488,1603,670,2025-01-23 18:46:38.322 +0000
4885,458,463,2024-12-24 03:45:06.392 +0000
7275,925,28,2025-01-04 22:05:39.692 +0000
7309,935,205,2025-01-05 11:09:51.393 +0000
2455,1,319,2024-12-16 15:57:05.986 +0000
2457,1,336,2024-12-16 15:57:05.986 +0000
2463,366,135,2024-12-16 15:57:05.986 +0000
2466,366,181,2024-12-16 15:57:05.986 +0000
2470,366,234,2024-12-16 15:57:05.986 +0000
4944,646,639,2024-12-24 21:05:30.799 +0000
4949,646,572,2024-12-24 21:05:47.795 +0000
7320,940,802,2025-01-05 14:46:55.374 +0000
5009,654,234,2024-12-25 08:08:21.396 +0000
5020,654,217,2024-12-25 08:09:11.241 +0000
7325,655,29,2025-01-05 17:29:14.519 +0000
2501,388,274,2024-12-16 15:57:05.986 +0000
9784,1762,902,2025-01-26 08:39:42.036 +0000
2516,15,311,2024-12-16 15:57:05.986 +0000
2523,15,376,2024-12-16 15:57:05.986 +0000
2527,15,383,2024-12-16 15:57:05.986 +0000
2544,275,26,2024-12-16 15:57:05.986 +0000
2549,388,34,2024-12-16 15:57:05.986 +0000
2559,388,121,2024-12-16 15:57:05.986 +0000
2564,388,167,2024-12-16 15:57:05.986 +0000
2571,50,213,2024-12-16 15:57:05.986 +0000
2575,50,254,2024-12-16 15:57:05.986 +0000
5042,560,616,2024-12-25 08:39:45.597 +0000
5064,659,509,2024-12-25 15:48:37.598 +0000
5137,666,543,2024-12-25 20:58:37.741 +0000
2615,334,239,2024-12-16 15:57:05.986 +0000
2621,399,233,2024-12-16 15:57:05.986 +0000
2630,24,33,2024-12-16 15:57:05.986 +0000
2632,24,32,2024-12-16 15:57:05.986 +0000
2641,213,375,2024-12-16 15:57:05.986 +0000
2644,213,374,2024-12-16 15:57:05.986 +0000
2647,376,135,2024-12-16 15:57:05.986 +0000
2654,213,381,2024-12-16 15:57:05.986 +0000
2665,213,353,2024-12-16 15:57:05.986 +0000
2667,377,181,2024-12-16 15:57:05.986 +0000
9788,1763,388,2025-01-26 09:18:18.121 +0000
3637,370,9,2024-12-16 15:57:05.986 +0000
3649,9,28,2024-12-16 15:57:05.986 +0000
3663,448,85,2024-12-16 15:57:05.986 +0000
4404,260,470,2024-12-21 18:14:52.796 +0000
4446,447,49,2024-12-21 20:57:30.371 +0000
12196,2423,194,2025-02-05 11:48:06.798 +0000
4533,522,488,2024-12-22 12:21:21.564 +0000
4540,195,15,2024-12-22 13:27:39.751 +0000
5159,588,413,2024-12-25 23:31:34.245 +0000
7348,961,550,2025-01-05 23:52:44.948 +0000
5182,683,418,2024-12-26 00:26:56.630 +0000
6163,800,525,2024-12-29 16:33:00.844 +0000
6164,800,156,2024-12-29 16:34:24.146 +0000
6179,800,239,2024-12-29 16:36:07.816 +0000
6197,767,760,2024-12-29 17:05:21.105 +0000
6269,810,417,2024-12-29 21:48:30.747 +0000
6275,809,468,2024-12-29 21:49:40.248 +0000
6325,817,395,2024-12-30 01:25:15.667 +0000
6341,820,156,2024-12-30 02:44:48.594 +0000
6348,822,771,2024-12-30 04:45:51.519 +0000
6349,671,816,2024-12-30 04:46:14.978 +0000
6380,656,436,2024-12-30 10:34:53.650 +0000
6386,760,414,2024-12-30 12:09:02.922 +0000
6389,825,399,2024-12-30 12:57:11.621 +0000
6402,260,825,2024-12-30 16:15:52.269 +0000
6409,254,1,2024-12-30 17:14:32.514 +0000
6417,783,523,2024-12-30 17:51:54.408 +0000
11080,1603,972,2025-01-31 20:47:01.053 +0000
11084,735,417,2025-01-31 23:25:36.414 +0000
11114,1798,465,2025-02-01 04:56:10.189 +0000
6543,836,549,2024-12-30 21:12:52.079 +0000
6547,836,388,2024-12-30 21:13:18.252 +0000
6552,836,548,2024-12-30 21:13:28.371 +0000
6580,836,741,2024-12-30 21:15:53.023 +0000
6599,836,504,2024-12-30 21:17:29.686 +0000
11143,1798,1873,2025-02-01 05:04:36.455 +0000
6629,842,572,2024-12-31 00:35:59.798 +0000
6653,843,572,2024-12-31 00:53:53.542 +0000
7352,838,271,2025-01-06 00:02:23.002 +0000
7395,966,436,2025-01-06 05:14:31.533 +0000
11152,1798,791,2025-02-01 05:04:57.901 +0000
7445,980,463,2025-01-06 15:27:04.362 +0000
11155,1798,972,2025-02-01 05:05:03.763 +0000
12202,2426,2237,2025-02-05 12:45:24.478 +0000
11164,2092,1115,2025-02-01 08:15:08.998 +0000
11454,927,1977,2025-02-02 04:08:55.742 +0000
7522,1001,23,2025-01-06 20:34:19.569 +0000
7531,1005,802,2025-01-06 21:40:26.528 +0000
11779,1913,927,2025-02-03 15:43:25.070 +0000
7561,705,240,2025-01-07 00:33:37.255 +0000
8512,271,579,2025-01-15 11:21:00.612 +0000
8533,271,838,2025-01-15 11:27:53.195 +0000
8962,1367,1248,2025-01-20 20:20:39.517 +0000
8977,460,1204,2025-01-20 21:37:32.538 +0000
9020,213,906,2025-01-21 12:59:59.225 +0000
9030,213,1332,2025-01-21 13:02:49.081 +0000
9143,1526,1032,2025-01-22 00:31:52.677 +0000
12225,428,1391,2025-02-05 16:45:23.993 +0000
11805,2342,1486,2025-02-03 18:55:25.689 +0000
12259,2149,2347,2025-02-05 17:49:51.626 +0000
11961,2371,912,2025-02-04 16:16:08.614 +0000
12026,2349,1381,2025-02-04 17:29:27.140 +0000
12050,2395,1360,2025-02-04 20:06:33.652 +0000
12271,2436,2251,2025-02-05 17:55:47.509 +0000
12368,2449,194,2025-02-05 23:45:56.377 +0000
12392,2457,436,2025-02-06 07:47:41.673 +0000
12402,2458,522,2025-02-06 08:37:01.463 +0000
12432,2085,2375,2025-02-06 13:03:34.683 +0000
12434,2001,1995,2025-02-06 13:04:01.878 +0000
12454,2475,645,2025-02-06 16:06:10.283 +0000
12472,2482,816,2025-02-06 18:57:35.621 +0000
12520,2503,2489,2025-02-06 22:32:42.471 +0000
12527,2503,194,2025-02-06 22:33:54.097 +0000
12533,2503,818,2025-02-06 22:34:39.747 +0000
12554,2455,2126,2025-02-07 05:52:50.761 +0000
12572,2527,1913,2025-02-07 13:34:19.016 +0000
12574,2527,2205,2025-02-07 13:36:42.841 +0000
12584,2529,1292,2025-02-07 14:42:26.189 +0000
12585,2529,972,2025-02-07 14:50:57.851 +0000
12590,2211,2455,2025-02-07 14:57:27.899 +0000
12605,2527,1320,2025-02-07 15:15:56.179 +0000
12621,271,1042,2025-02-07 15:27:55.045 +0000
12622,271,1011,2025-02-07 15:33:19.143 +0000
12630,2211,961,2025-02-07 16:24:06.907 +0000
12643,2542,468,2025-02-07 19:14:41.081 +0000
12659,2549,1849,2025-02-07 21:17:29.585 +0000
12689,2562,670,2025-02-07 22:28:38.876 +0000
12695,2564,1145,2025-02-07 22:46:32.810 +0000
12703,2565,1079,2025-02-07 23:26:42.013 +0000
12707,2565,760,2025-02-07 23:27:19.419 +0000
12709,2565,2521,2025-02-07 23:27:21.980 +0000
12710,2565,1022,2025-02-07 23:27:23.411 +0000
12722,2565,2534,2025-02-07 23:28:08.409 +0000
12727,2566,1486,2025-02-08 00:02:02.171 +0000
893,213,157,2024-12-16 15:57:05.986 +0000
931,213,169,2024-12-16 15:57:05.986 +0000
12211,260,1592,2025-02-05 14:17:16.472 +0000
1489,260,121,2024-12-16 15:57:05.986 +0000
7399,966,818,2025-01-06 05:15:06.997 +0000
1502,259,50,2024-12-16 15:57:05.986 +0000
1512,260,239,2024-12-16 15:57:05.986 +0000
1519,201,110,2024-12-16 15:57:05.986 +0000
1527,143,55,2024-12-16 15:57:05.986 +0000
1528,259,24,2024-12-16 15:57:05.986 +0000
1530,271,49,2024-12-16 15:57:05.986 +0000
1534,271,31,2024-12-16 15:57:05.986 +0000
1546,254,52,2024-12-16 15:57:05.986 +0000
1559,148,240,2024-12-16 15:57:05.986 +0000
1566,274,37,2024-12-16 15:57:05.986 +0000
1587,280,34,2024-12-16 15:57:05.986 +0000
7412,967,260,2025-01-06 07:03:57.927 +0000
12220,2211,1379,2025-02-05 16:18:43.802 +0000
4839,618,448,2024-12-23 22:01:17.811 +0000
2450,1,284,2024-12-16 15:57:05.986 +0000
2454,1,310,2024-12-16 15:57:05.986 +0000
12242,1365,465,2025-02-05 17:11:31.748 +0000
4857,47,274,2024-12-23 22:33:48.404 +0000
4861,12,27,2024-12-23 23:35:47.700 +0000
4897,591,386,2024-12-24 08:52:07.980 +0000
2495,298,15,2024-12-16 15:57:05.986 +0000
2509,10,48,2024-12-16 15:57:05.986 +0000
2513,388,316,2024-12-16 15:57:05.986 +0000
2519,15,372,2024-12-16 15:57:05.986 +0000
2534,15,271,2024-12-16 15:57:05.986 +0000
2538,275,119,2024-12-16 15:57:05.986 +0000
2546,275,10,2024-12-16 15:57:05.986 +0000
2552,388,55,2024-12-16 15:57:05.986 +0000
2558,388,50,2024-12-16 15:57:05.986 +0000
2563,388,154,2024-12-16 15:57:05.986 +0000
2567,388,192,2024-12-16 15:57:05.986 +0000
2577,47,254,2024-12-16 15:57:05.986 +0000
4906,591,413,2024-12-24 08:52:26.016 +0000
9517,1608,1077,2025-01-23 21:07:56.712 +0000
9529,913,113,2025-01-23 21:25:04.682 +0000
4981,650,448,2024-12-25 02:40:48.825 +0000
4986,650,414,2024-12-25 02:41:47.433 +0000
3639,242,309,2024-12-16 15:57:05.986 +0000
9551,1611,1027,2025-01-23 23:08:08.511 +0000
2625,399,157,2024-12-16 15:57:05.986 +0000
2634,24,48,2024-12-16 15:57:05.986 +0000
4988,651,414,2024-12-25 02:55:42.748 +0000
4993,651,505,2024-12-25 02:58:07.416 +0000
3651,9,233,2024-12-16 15:57:05.986 +0000
3666,448,407,2024-12-16 15:57:05.986 +0000
4405,260,27,2024-12-21 18:14:53.519 +0000
5017,654,167,2024-12-25 08:09:08.119 +0000
4429,447,495,2024-12-21 20:04:23.460 +0000
4442,447,388,2024-12-21 20:55:51.628 +0000
4476,447,455,2024-12-21 21:12:56.216 +0000
4477,447,331,2024-12-21 21:24:30.976 +0000
4506,573,135,2024-12-21 22:55:12.465 +0000
4522,554,386,2024-12-22 11:26:19.388 +0000
4535,565,260,2024-12-22 13:24:21.512 +0000
4542,388,312,2024-12-22 14:53:13.445 +0000
4556,588,465,2024-12-22 18:55:29.973 +0000
4568,591,518,2024-12-22 20:43:31.203 +0000
4570,591,399,2024-12-22 20:43:57.925 +0000
9558,1611,1288,2025-01-23 23:24:19.869 +0000
12261,2149,2175,2025-02-05 17:50:21.211 +0000
5022,654,85,2024-12-25 08:09:13.065 +0000
5163,683,468,2024-12-26 00:26:21.598 +0000
9660,1258,15,2025-01-24 21:41:44.521 +0000
5197,684,525,2024-12-26 00:47:28.836 +0000
6181,800,85,2024-12-29 16:36:13.120 +0000
6221,805,525,2024-12-29 18:30:23.951 +0000
9662,1566,1483,2025-01-24 21:43:17.881 +0000
6253,802,525,2024-12-29 21:45:18.858 +0000
6286,810,606,2024-12-29 22:14:04.007 +0000
6299,814,396,2024-12-29 22:41:15.288 +0000
6306,814,386,2024-12-29 22:42:43.912 +0000
6319,623,66,2024-12-30 01:13:57.759 +0000
6334,820,239,2024-12-30 02:43:20.843 +0000
6351,822,396,2024-12-30 04:47:21.810 +0000
6354,822,525,2024-12-30 04:48:25.873 +0000
6361,822,448,2024-12-30 04:48:53.392 +0000
6374,823,501,2024-12-30 06:01:19.605 +0000
6392,825,517,2024-12-30 13:02:58.010 +0000
9676,213,1589,2025-01-24 22:47:18.517 +0000
9786,1762,1025,2025-01-26 08:40:13.107 +0000
6485,834,465,2024-12-30 19:06:14.208 +0000
9812,1454,1391,2025-01-26 13:49:53.336 +0000
9828,1798,1292,2025-01-26 16:00:35.863 +0000
6577,836,383,2024-12-30 21:15:17.460 +0000
7549,976,415,2025-01-06 23:46:41.622 +0000
6656,843,386,2024-12-31 00:53:59.227 +0000
6661,843,525,2024-12-31 00:54:11.649 +0000
7565,1011,388,2025-01-07 00:55:30.435 +0000
8516,271,605,2025-01-15 11:21:06.514 +0000
8527,271,919,2025-01-15 11:21:21.946 +0000
8965,1042,469,2025-01-20 20:57:33.841 +0000
9019,213,921,2025-01-21 12:59:56.284 +0000
9054,1487,1258,2025-01-21 14:42:53.912 +0000
9153,1530,927,2025-01-22 02:17:42.532 +0000
9830,1798,1454,2025-01-26 16:01:05.404 +0000
9840,1800,1077,2025-01-26 17:58:45.632 +0000
10022,260,834,2025-01-27 13:16:23.045 +0000
10026,1232,1325,2025-01-27 14:24:07.484 +0000
10032,1893,1364,2025-01-27 14:35:56.012 +0000
10047,468,1894,2025-01-27 17:33:03.113 +0000
10076,1894,927,2025-01-27 18:50:16.102 +0000
10091,1909,1450,2025-01-27 19:49:41.294 +0000
10121,1918,1038,2025-01-27 21:28:50.853 +0000
10139,1928,1683,2025-01-27 23:50:29.651 +0000
10156,1934,1541,2025-01-28 01:37:35.613 +0000
10389,462,1462,2025-01-29 14:14:14.356 +0000
10694,213,667,2025-01-30 16:54:28.211 +0000
10715,2064,436,2025-01-30 19:32:27.893 +0000
10719,2064,1028,2025-01-30 19:32:56.924 +0000
10773,2080,1645,2025-01-30 22:09:38.665 +0000
10820,2053,1483,2025-01-31 00:17:33.032 +0000
10838,2087,1021,2025-01-31 01:12:17.417 +0000
10898,1585,621,2025-01-31 10:02:50.386 +0000
11081,1603,1217,2025-01-31 20:47:43.054 +0000
11180,832,913,2025-02-01 09:21:26.821 +0000
11227,978,1021,2025-02-01 13:09:50.739 +0000
11233,1365,791,2025-02-01 13:25:09.263 +0000
11244,2020,392,2025-02-01 15:20:45.417 +0000
11276,2150,334,2025-02-01 20:50:48.449 +0000
11323,1163,1479,2025-02-01 22:59:08.934 +0000
11325,735,475,2025-02-01 23:34:13.014 +0000
11422,2177,468,2025-02-02 02:30:42.245 +0000
11455,927,1877,2025-02-02 04:09:16.129 +0000
11456,927,1923,2025-02-02 04:11:00.507 +0000
11462,2186,1977,2025-02-02 05:15:32.533 +0000
11464,2186,2011,2025-02-02 05:16:36.691 +0000
11529,735,2175,2025-02-02 11:07:47.332 +0000
11537,1291,2148,2025-02-02 12:47:13.702 +0000
11557,2209,1673,2025-02-02 13:50:06.145 +0000
11567,436,2205,2025-02-02 14:16:06.052 +0000
11585,1291,1621,2025-02-02 15:31:23.870 +0000
11588,1291,791,2025-02-02 15:35:45.131 +0000
11594,2215,388,2025-02-02 16:21:44.804 +0000
11603,2218,1486,2025-02-02 17:03:15.976 +0000
11611,2222,977,2025-02-02 18:13:00.892 +0000
11621,735,2207,2025-02-02 19:10:58.804 +0000
11633,2233,2017,2025-02-02 20:16:38.177 +0000
11646,2237,623,2025-02-02 21:16:23.872 +0000
11656,2245,1027,2025-02-02 22:49:32.994 +0000
11662,2245,1541,2025-02-02 22:52:23.588 +0000
11689,2020,1365,2025-02-02 23:37:24.291 +0000
11710,1365,1288,2025-02-03 08:26:52.283 +0000
11711,1365,745,2025-02-03 08:26:54.029 +0000
11734,2298,1044,2025-02-03 10:31:57.085 +0000
11748,2307,475,2025-02-03 11:37:44.203 +0000
11752,735,487,2025-02-03 12:04:19.098 +0000
11763,2315,1785,2025-02-03 12:55:17.849 +0000
11804,2342,927,2025-02-03 18:54:56.530 +0000
894,213,196,2024-12-16 15:57:05.986 +0000
916,213,171,2024-12-16 15:57:05.986 +0000
1483,15,186,2024-12-16 15:57:05.986 +0000
1486,260,56,2024-12-16 15:57:05.986 +0000
1499,259,80,2024-12-16 15:57:05.986 +0000
1510,260,167,2024-12-16 15:57:05.986 +0000
1529,271,233,2024-12-16 15:57:05.986 +0000
1532,271,26,2024-12-16 15:57:05.986 +0000
1556,148,156,2024-12-16 15:57:05.986 +0000
1564,213,274,2024-12-16 15:57:05.986 +0000
1575,274,85,2024-12-16 15:57:05.986 +0000
1577,1,205,2024-12-16 15:57:05.986 +0000
1586,279,54,2024-12-16 15:57:05.986 +0000
2451,1,306,2024-12-16 15:57:05.986 +0000
2459,1,352,2024-12-16 15:57:05.986 +0000
7562,705,448,2025-01-07 00:33:40.788 +0000
12215,2360,1474,2025-02-05 15:55:07.091 +0000
2508,27,10,2024-12-16 15:57:05.986 +0000
2511,388,87,2024-12-16 15:57:05.986 +0000
2518,15,381,2024-12-16 15:57:05.986 +0000
8523,271,9,2025-01-15 11:21:16.997 +0000
2532,15,380,2024-12-16 15:57:05.986 +0000
2553,388,33,2024-12-16 15:57:05.986 +0000
2572,50,260,2024-12-16 15:57:05.986 +0000
4858,621,481,2024-12-23 22:34:10.980 +0000
12244,2434,969,2025-02-05 17:15:53.835 +0000
4888,458,213,2024-12-24 03:46:19.620 +0000
2620,399,26,2024-12-16 15:57:05.986 +0000
2652,213,397,2024-12-16 15:57:05.986 +0000
2655,213,382,2024-12-16 15:57:05.986 +0000
2663,213,362,2024-12-16 15:57:05.986 +0000
2669,377,154,2024-12-16 15:57:05.986 +0000
3640,473,415,2024-12-16 15:57:05.986 +0000
3642,473,427,2024-12-16 15:57:05.986 +0000
3648,9,227,2024-12-16 15:57:05.986 +0000
3653,9,80,2024-12-16 15:57:05.986 +0000
3661,448,48,2024-12-16 15:57:05.986 +0000
4407,260,12,2024-12-21 18:14:55.033 +0000
4435,447,1,2024-12-21 20:50:53.778 +0000
4469,447,492,2024-12-21 21:06:46.677 +0000
4524,554,385,2024-12-22 11:26:21.383 +0000
4543,585,87,2024-12-22 15:47:20.164 +0000
4567,591,417,2024-12-22 20:43:16.780 +0000
4579,592,492,2024-12-22 21:04:10.019 +0000
4586,592,553,2024-12-22 21:04:41.037 +0000
8531,919,271,2025-01-15 11:22:01.808 +0000
12252,2435,671,2025-02-05 17:36:42.811 +0000
12256,2436,1529,2025-02-05 17:42:03.803 +0000
8986,1462,371,2025-01-20 21:54:49.780 +0000
12265,2149,2204,2025-02-05 17:50:57.528 +0000
4974,213,542,2024-12-25 00:05:31.913 +0000
4977,648,468,2024-12-25 01:02:43.982 +0000
9510,1586,1286,2025-01-23 20:02:27.586 +0000
5016,654,87,2024-12-25 08:09:06.561 +0000
5079,661,553,2024-12-25 16:32:58.388 +0000
9518,1608,1115,2025-01-23 21:08:03.938 +0000
5138,666,501,2024-12-25 20:58:40.180 +0000
9531,913,818,2025-01-23 21:26:31.434 +0000
5158,588,492,2024-12-25 23:31:05.276 +0000
9004,1472,1179,2025-01-21 07:50:45.394 +0000
9533,913,899,2025-01-23 21:27:14.271 +0000
5200,684,448,2024-12-26 00:54:33.222 +0000
6168,800,146,2024-12-29 16:34:30.164 +0000
6257,810,552,2024-12-29 21:47:47.907 +0000
6260,810,699,2024-12-29 21:47:51.788 +0000
6266,810,683,2024-12-29 21:48:22.541 +0000
6280,809,347,2024-12-29 21:51:23.671 +0000
6307,814,414,2024-12-29 22:43:00.121 +0000
6314,448,748,2024-12-29 22:44:52.182 +0000
6333,820,180,2024-12-30 02:42:43.457 +0000
6366,823,778,2024-12-30 05:52:40.432 +0000
6390,825,260,2024-12-30 13:02:28.494 +0000
6412,767,400,2024-12-30 17:16:54.181 +0000
6418,783,573,2024-12-30 17:52:04.775 +0000
6424,654,124,2024-12-30 17:59:38.704 +0000
6432,783,600,2024-12-30 18:07:17.390 +0000
9794,242,465,2025-01-26 11:20:45.972 +0000
9846,213,1028,2025-01-26 19:23:49.840 +0000
9853,213,1363,2025-01-26 19:24:31.036 +0000
10387,462,1369,2025-01-29 14:13:27.162 +0000
10395,2011,448,2025-01-29 15:57:14.915 +0000
9025,213,1217,2025-01-21 13:00:35.731 +0000
6541,836,196,2024-12-30 21:12:33.113 +0000
6555,836,418,2024-12-30 21:13:32.861 +0000
6568,836,832,2024-12-30 21:14:59.057 +0000
6573,836,468,2024-12-30 21:15:06.073 +0000
6578,836,802,2024-12-30 21:15:24.012 +0000
6587,836,421,2024-12-30 21:16:56.813 +0000
9045,1485,512,2025-01-21 13:55:46.176 +0000
6600,836,489,2024-12-30 21:17:31.107 +0000
6603,836,738,2024-12-30 21:17:38.879 +0000
6610,836,518,2024-12-30 21:17:50.446 +0000
6614,836,826,2024-12-30 21:18:41.001 +0000
6622,809,725,2024-12-30 23:10:03.110 +0000
6654,843,670,2024-12-31 00:53:55.263 +0000
9159,1532,388,2025-01-22 02:47:46.825 +0000
10400,271,1374,2025-01-29 16:39:25.788 +0000
10695,213,843,2025-01-30 16:54:36.989 +0000
10698,213,1080,2025-01-30 16:58:33.876 +0000
10705,2058,1651,2025-01-30 18:48:31.938 +0000
12435,2085,2453,2025-02-06 13:04:10.825 +0000
10714,2064,242,2025-01-30 19:32:20.951 +0000
10738,2067,488,2025-01-30 20:16:48.786 +0000
10750,2067,1269,2025-01-30 20:18:03.754 +0000
12446,447,1937,2025-02-06 13:22:34.589 +0000
10803,2085,1574,2025-01-30 23:33:29.380 +0000
12461,2477,2101,2025-02-06 16:16:32.237 +0000
10832,2086,1248,2025-01-31 00:54:13.070 +0000
10848,2087,1585,2025-01-31 01:13:58.714 +0000
12466,2482,2182,2025-02-06 18:20:28.017 +0000
11092,1365,1234,2025-02-01 01:41:32.464 +0000
11103,1798,1468,2025-02-01 04:54:32.820 +0000
11113,1798,1031,2025-02-01 04:56:01.084 +0000
11115,1798,1913,2025-02-01 04:56:57.505 +0000
11121,1798,1928,2025-02-01 04:57:38.110 +0000
11141,1798,1871,2025-02-01 05:04:25.282 +0000
11144,1798,436,2025-02-01 05:04:42.403 +0000
12491,2491,2200,2025-02-06 21:40:11.632 +0000
11193,213,1065,2025-02-01 12:12:31.802 +0000
11218,1319,1526,2025-02-01 13:08:00.340 +0000
11223,978,2030,2025-02-01 13:09:04.461 +0000
12521,2503,1995,2025-02-06 22:32:46.160 +0000
11265,448,921,2025-02-01 19:24:31.496 +0000
11267,2143,818,2025-02-01 19:58:04.148 +0000
11284,2154,1050,2025-02-01 21:23:16.068 +0000
11304,1163,1685,2025-02-01 22:30:49.355 +0000
11307,1163,1440,2025-02-01 22:31:03.980 +0000
12553,2222,2236,2025-02-07 04:26:01.461 +0000
12564,2525,2375,2025-02-07 11:27:12.988 +0000
11385,1462,213,2025-02-02 00:35:39.056 +0000
12580,2527,1483,2025-02-07 13:45:23.537 +0000
12599,271,1416,2025-02-07 15:04:11.935 +0000
12600,2211,2143,2025-02-07 15:04:29.464 +0000
11442,2180,1027,2025-02-02 03:08:34.159 +0000
11530,2164,1130,2025-02-02 11:34:13.974 +0000
11550,2205,1977,2025-02-02 13:15:21.240 +0000
11552,2207,1372,2025-02-02 13:40:20.602 +0000
11555,2209,1559,2025-02-02 13:49:26.186 +0000
11566,2209,260,2025-02-02 13:54:54.516 +0000
11569,436,1871,2025-02-02 14:17:19.151 +0000
11597,2020,2205,2025-02-02 16:58:21.689 +0000
11614,2222,1621,2025-02-02 18:13:43.977 +0000
11624,735,972,2025-02-02 19:11:45.472 +0000
11670,2245,1269,2025-02-02 22:55:29.124 +0000
11687,2245,2180,2025-02-02 22:59:57.256 +0000
11876,260,465,2025-02-04 08:54:53.455 +0000
11954,2371,543,2025-02-04 16:13:30.981 +0000
11959,2371,802,2025-02-04 16:14:52.193 +0000
11963,2374,1193,2025-02-04 16:33:32.775 +0000
11968,2374,2359,2025-02-04 16:34:10.128 +0000
11974,2374,2159,2025-02-04 16:35:56.961 +0000
11988,2374,1031,2025-02-04 16:38:26.366 +0000
11993,2375,2233,2025-02-04 16:38:47.507 +0000
12008,2374,1552,2025-02-04 16:39:38.551 +0000
12009,2374,512,2025-02-04 16:39:44.787 +0000
12015,2233,2375,2025-02-04 16:50:15.187 +0000
12071,1262,1028,2025-02-04 21:04:59.212 +0000
12076,2404,717,2025-02-04 21:25:10.141 +0000
895,216,213,2024-12-16 15:57:05.986 +0000
902,216,76,2024-12-16 15:57:05.986 +0000
919,8,210,2024-12-16 15:57:05.986 +0000
1508,260,85,2024-12-16 15:57:05.986 +0000
1520,201,24,2024-12-16 15:57:05.986 +0000
1525,33,192,2024-12-16 15:57:05.986 +0000
1533,271,53,2024-12-16 15:57:05.986 +0000
1539,271,57,2024-12-16 15:57:05.986 +0000
1541,213,272,2024-12-16 15:57:05.986 +0000
1545,254,2,2024-12-16 15:57:05.986 +0000
1554,148,230,2024-12-16 15:57:05.986 +0000
1561,271,2,2024-12-16 15:57:05.986 +0000
1562,148,29,2024-12-16 15:57:05.986 +0000
1569,274,50,2024-12-16 15:57:05.986 +0000
2452,1,298,2024-12-16 15:57:05.986 +0000
4834,618,523,2024-12-23 21:44:47.295 +0000
2460,1,366,2024-12-16 15:57:05.986 +0000
2469,366,192,2024-12-16 15:57:05.986 +0000
4848,618,386,2024-12-23 22:03:20.386 +0000
12222,2211,1112,2025-02-05 16:30:42.676 +0000
4863,447,592,2024-12-24 01:04:37.032 +0000
2493,298,29,2024-12-16 15:57:05.986 +0000
2496,298,2,2024-12-16 15:57:05.986 +0000
2506,27,24,2024-12-16 15:57:05.986 +0000
2512,388,309,2024-12-16 15:57:05.986 +0000
2522,15,375,2024-12-16 15:57:05.986 +0000
2528,15,384,2024-12-16 15:57:05.986 +0000
2540,275,37,2024-12-16 15:57:05.986 +0000
12228,428,1440,2025-02-05 16:46:03.440 +0000
2548,388,29,2024-12-16 15:57:05.986 +0000
2557,388,47,2024-12-16 15:57:05.986 +0000
2560,388,88,2024-12-16 15:57:05.986 +0000
2562,388,181,2024-12-16 15:57:05.986 +0000
2565,388,239,2024-12-16 15:57:05.986 +0000
4864,447,32,2024-12-24 01:19:48.304 +0000
2570,388,320,2024-12-16 15:57:05.986 +0000
4874,447,465,2024-12-24 01:39:52.015 +0000
9521,1608,1378,2025-01-23 21:08:39.165 +0000
4892,637,423,2024-12-24 04:47:54.352 +0000
2608,375,52,2024-12-16 15:57:05.986 +0000
2614,396,34,2024-12-16 15:57:05.986 +0000
2626,399,147,2024-12-16 15:57:05.986 +0000
2628,24,56,2024-12-16 15:57:05.986 +0000
2637,213,352,2024-12-16 15:57:05.986 +0000
2651,213,399,2024-12-16 15:57:05.986 +0000
2661,213,380,2024-12-16 15:57:05.986 +0000
2673,362,180,2024-12-16 15:57:05.986 +0000
3670,347,166,2024-12-16 15:57:05.986 +0000
3677,448,181,2024-12-16 15:57:05.986 +0000
3683,213,475,2024-12-16 15:57:05.986 +0000
3684,476,386,2024-12-16 15:57:05.986 +0000
3687,476,271,2024-12-16 15:57:05.986 +0000
3691,477,181,2024-12-16 15:57:05.986 +0000
3692,477,468,2024-12-16 15:57:05.986 +0000
3698,477,314,2024-12-16 15:57:05.986 +0000
3704,468,271,2024-12-16 15:57:05.986 +0000
3705,351,304,2024-12-16 15:57:05.986 +0000
3709,468,233,2024-12-16 15:57:05.986 +0000
3723,468,126,2024-12-16 15:57:05.986 +0000
3730,468,121,2024-12-16 15:57:05.986 +0000
3736,468,239,2024-12-16 15:57:05.986 +0000
3743,468,236,2024-12-16 15:57:05.986 +0000
9523,1609,553,2025-01-23 21:08:56.641 +0000
3779,481,50,2024-12-16 15:57:05.986 +0000
3792,388,458,2024-12-16 15:57:05.986 +0000
3796,260,386,2024-12-16 15:57:05.986 +0000
3798,147,437,2024-12-16 15:57:05.986 +0000
3806,213,485,2024-12-16 15:57:05.986 +0000
4409,487,457,2024-12-21 18:58:43.504 +0000
4413,487,396,2024-12-21 18:59:33.769 +0000
4430,481,260,2024-12-21 20:23:20.696 +0000
4437,447,284,2024-12-21 20:51:28.663 +0000
4454,388,522,2024-12-21 20:59:50.212 +0000
4459,388,30,2024-12-21 21:00:27.935 +0000
4462,447,304,2024-12-21 21:01:58.164 +0000
4464,447,272,2024-12-21 21:02:45.024 +0000
4466,447,329,2024-12-21 21:04:19.409 +0000
4475,447,444,2024-12-21 21:12:43.057 +0000
4484,447,479,2024-12-21 21:26:43.962 +0000
4495,571,417,2024-12-21 21:45:37.979 +0000
4503,573,386,2024-12-21 22:54:21.881 +0000
9543,1333,572,2025-01-23 21:56:52.824 +0000
4539,195,254,2024-12-22 13:27:25.632 +0000
4547,586,149,2024-12-22 16:18:09.134 +0000
4562,271,27,2024-12-22 20:34:08.805 +0000
4564,213,539,2024-12-22 20:35:19.445 +0000
4572,591,448,2024-12-22 20:44:14.852 +0000
4982,650,518,2024-12-25 02:41:03.874 +0000
5048,655,87,2024-12-25 08:50:25.472 +0000
5054,656,472,2024-12-25 11:32:50.437 +0000
5081,661,573,2024-12-25 16:33:02.048 +0000
7587,1022,415,2025-01-07 10:31:28.409 +0000
5093,553,591,2024-12-25 18:03:38.852 +0000
9797,1785,1292,2025-01-26 11:24:59.601 +0000
5129,666,595,2024-12-25 20:58:03.564 +0000
5147,671,653,2024-12-25 21:47:04.567 +0000
9833,1796,830,2025-01-26 16:02:47.546 +0000
9844,1800,1621,2025-01-26 17:59:11.169 +0000
7599,913,354,2025-01-07 13:08:20.628 +0000
6171,800,181,2024-12-29 16:34:40.098 +0000
6195,767,600,2024-12-29 17:05:17.370 +0000
6208,803,396,2024-12-29 18:07:24.986 +0000
9907,1799,670,2025-01-27 02:14:41.329 +0000
6249,802,243,2024-12-29 21:43:29.896 +0000
6255,810,260,2024-12-29 21:47:37.107 +0000
6263,810,487,2024-12-29 21:48:02.205 +0000
6282,800,802,2024-12-29 22:04:32.670 +0000
6283,800,720,2024-12-29 22:05:44.013 +0000
6292,810,690,2024-12-29 22:14:12.032 +0000
6322,623,36,2024-12-30 01:16:33.721 +0000
7613,976,460,2025-01-07 16:38:10.575 +0000
6367,823,414,2024-12-30 05:54:37.399 +0000
6371,823,560,2024-12-30 05:57:07.073 +0000
6372,823,512,2024-12-30 06:00:59.810 +0000
6416,783,735,2024-12-30 17:51:44.670 +0000
6434,831,492,2024-12-30 18:24:13.781 +0000
9917,1873,1580,2025-01-27 06:54:38.133 +0000
9964,1325,1360,2025-01-27 13:03:53.851 +0000
10702,2058,277,2025-01-30 18:47:11.061 +0000
6623,809,397,2024-12-30 23:10:10.950 +0000
10710,2063,1184,2025-01-30 19:26:11.971 +0000
6639,843,484,2024-12-31 00:51:43.937 +0000
7616,976,260,2025-01-07 16:38:13.674 +0000
7619,589,512,2025-01-07 16:38:22.474 +0000
7642,1034,463,2025-01-07 18:54:50.597 +0000
7644,1034,542,2025-01-07 19:01:12.494 +0000
10720,2064,1369,2025-01-30 19:33:13.141 +0000
7668,1039,191,2025-01-07 20:53:04.612 +0000
7695,1042,347,2025-01-07 21:32:27.232 +0000
7704,1045,468,2025-01-07 23:20:43.629 +0000
7705,1045,735,2025-01-07 23:21:49.209 +0000
10778,1377,1022,2025-01-30 22:33:09.524 +0000
7747,1057,600,2025-01-08 09:23:39.789 +0000
7768,1058,66,2025-01-08 12:48:45.071 +0000
7779,553,57,2025-01-08 13:06:23.865 +0000
7789,927,1055,2025-01-08 13:14:20.505 +0000
7806,1065,180,2025-01-08 18:10:50.247 +0000
10785,654,1042,2025-01-30 22:34:36.691 +0000
10877,2032,1307,2025-01-31 03:55:57.532 +0000
7860,1080,382,2025-01-09 08:20:10.874 +0000
7868,1080,24,2025-01-09 08:28:47.805 +0000
7882,1083,34,2025-01-09 10:18:30.496 +0000
7890,1084,421,2025-01-09 12:08:39.379 +0000
7891,1025,1028,2025-01-09 12:09:00.253 +0000
10890,1585,1995,2025-01-31 09:58:06.402 +0000
7919,1022,1028,2025-01-09 15:37:28.536 +0000
7930,48,448,2025-01-09 21:30:41.072 +0000
10908,1223,1412,2025-01-31 11:33:24.148 +0000
12231,428,1462,2025-02-05 16:47:07.134 +0000
7966,883,385,2025-01-10 11:55:33.232 +0000
7970,883,572,2025-01-10 11:57:09.118 +0000
7975,1083,728,2025-01-10 12:47:10.574 +0000
8025,1115,878,2025-01-10 17:46:56.310 +0000
8037,1122,400,2025-01-10 18:44:11.263 +0000
8053,1138,972,2025-01-10 21:41:17.596 +0000
8070,1101,745,2025-01-10 22:46:48.743 +0000
8526,271,906,2025-01-15 11:21:20.254 +0000
8971,460,1130,2025-01-20 21:37:12.965 +0000
8973,460,1001,2025-01-20 21:37:19.723 +0000
8978,460,1350,2025-01-20 21:37:35.140 +0000
9047,1485,572,2025-01-21 13:56:44.807 +0000
9058,1487,1028,2025-01-21 14:44:19.908 +0000
9160,1532,1372,2025-01-22 02:48:16.773 +0000
896,216,211,2024-12-16 15:57:05.986 +0000
12229,428,659,2025-02-05 16:46:11.201 +0000
917,8,215,2024-12-16 15:57:05.986 +0000
943,216,113,2024-12-16 15:57:05.986 +0000
947,216,194,2024-12-16 15:57:05.986 +0000
1588,255,240,2024-12-16 15:57:05.986 +0000
1596,213,275,2024-12-16 15:57:05.986 +0000
1601,271,5,2024-12-16 15:57:05.986 +0000
1608,271,47,2024-12-16 15:57:05.986 +0000
1614,271,70,2024-12-16 15:57:05.986 +0000
1625,271,113,2024-12-16 15:57:05.986 +0000
1629,271,85,2024-12-16 15:57:05.986 +0000
1637,271,154,2024-12-16 15:57:05.986 +0000
1639,271,156,2024-12-16 15:57:05.986 +0000
1659,271,274,2024-12-16 15:57:05.986 +0000
2497,298,54,2024-12-16 15:57:05.986 +0000
2520,15,373,2024-12-16 15:57:05.986 +0000
2533,15,265,2024-12-16 15:57:05.986 +0000
2536,339,157,2024-12-16 15:57:05.986 +0000
2541,275,30,2024-12-16 15:57:05.986 +0000
2545,275,57,2024-12-16 15:57:05.986 +0000
2556,388,48,2024-12-16 15:57:05.986 +0000
2573,50,216,2024-12-16 15:57:05.986 +0000
2578,50,330,2024-12-16 15:57:05.986 +0000
4842,618,417,2024-12-23 22:01:30.536 +0000
4854,47,27,2024-12-23 22:25:48.294 +0000
9524,1609,528,2025-01-23 21:09:02.488 +0000
2607,375,53,2024-12-16 15:57:05.986 +0000
3671,347,34,2024-12-16 15:57:05.986 +0000
3678,448,124,2024-12-16 15:57:05.986 +0000
2617,397,1,2024-12-16 15:57:05.986 +0000
2618,388,396,2024-12-16 15:57:05.986 +0000
2624,399,24,2024-12-16 15:57:05.986 +0000
2629,24,55,2024-12-16 15:57:05.986 +0000
2645,213,376,2024-12-16 15:57:05.986 +0000
2656,213,377,2024-12-16 15:57:05.986 +0000
2660,213,379,2024-12-16 15:57:05.986 +0000
3689,476,52,2024-12-16 15:57:05.986 +0000
2674,362,197,2024-12-16 15:57:05.986 +0000
2675,395,402,2024-12-16 15:57:05.986 +0000
3719,468,33,2024-12-16 15:57:05.986 +0000
12243,1365,297,2025-02-05 17:11:33.702 +0000
3732,468,422,2024-12-16 15:57:05.986 +0000
3738,468,201,2024-12-16 15:57:05.986 +0000
3755,459,397,2024-12-16 15:57:05.986 +0000
3759,448,465,2024-12-16 15:57:05.986 +0000
3767,213,470,2024-12-16 15:57:05.986 +0000
3778,213,479,2024-12-16 15:57:05.986 +0000
3784,260,352,2024-12-16 15:57:05.986 +0000
9555,1611,572,2025-01-23 23:23:51.386 +0000
4438,447,487,2024-12-21 20:52:09.830 +0000
4448,95,468,2024-12-21 20:57:38.718 +0000
4450,95,47,2024-12-21 20:58:32.378 +0000
4467,447,354,2024-12-21 21:04:38.851 +0000
4468,447,314,2024-12-21 21:05:52.672 +0000
7581,1020,421,2025-01-07 09:02:34.326 +0000
4554,588,462,2024-12-22 18:55:18.763 +0000
7583,1020,712,2025-01-07 09:05:46.306 +0000
7584,1021,386,2025-01-07 09:14:10.106 +0000
4943,646,436,2024-12-24 21:05:27.999 +0000
4946,646,600,2024-12-24 21:05:40.984 +0000
4972,213,507,2024-12-25 00:05:28.729 +0000
9821,1798,448,2025-01-26 15:59:20.205 +0000
5015,654,54,2024-12-25 08:08:48.122 +0000
7594,832,977,2025-01-07 12:23:39.329 +0000
5049,656,448,2024-12-25 09:34:32.594 +0000
5062,659,388,2024-12-25 15:48:18.117 +0000
5070,661,213,2024-12-25 16:30:13.463 +0000
9859,213,1281,2025-01-26 19:25:26.159 +0000
5124,213,538,2024-12-25 20:05:56.318 +0000
5132,666,522,2024-12-25 20:58:16.393 +0000
5133,666,380,2024-12-25 20:58:19.740 +0000
5186,683,525,2024-12-26 00:27:22.823 +0000
5191,683,652,2024-12-26 00:30:22.471 +0000
6172,800,488,2024-12-29 16:34:41.201 +0000
6193,767,472,2024-12-29 17:05:14.996 +0000
6210,804,639,2024-12-29 18:13:16.718 +0000
6211,805,802,2024-12-29 18:28:01.028 +0000
6228,763,239,2024-12-29 18:54:33.361 +0000
10711,2063,1269,2025-01-30 19:26:41.120 +0000
6273,809,802,2024-12-29 21:48:46.596 +0000
6291,810,447,2024-12-29 22:14:09.614 +0000
10716,2064,448,2025-01-30 19:32:37.004 +0000
10718,2064,791,2025-01-30 19:32:46.811 +0000
6339,820,385,2024-12-30 02:44:34.458 +0000
7604,913,323,2025-01-07 13:08:31.495 +0000
6397,826,385,2024-12-30 13:11:17.523 +0000
6528,783,681,2024-12-30 19:35:51.690 +0000
6581,836,406,2024-12-30 21:16:39.794 +0000
6613,836,670,2024-12-30 21:18:39.992 +0000
7614,976,500,2025-01-07 16:38:11.576 +0000
7623,1031,34,2025-01-07 17:50:35.167 +0000
7626,980,63,2025-01-07 18:10:55.039 +0000
7637,1033,484,2025-01-07 18:39:55.085 +0000
10728,2020,1407,2025-01-30 20:02:01.067 +0000
10730,2020,1552,2025-01-30 20:02:48.496 +0000
10762,2067,1169,2025-01-30 20:18:45.055 +0000
7678,1041,396,2025-01-07 20:55:01.704 +0000
7683,1042,399,2025-01-07 21:11:53.668 +0000
7698,1044,458,2025-01-07 22:10:46.000 +0000
7708,1052,488,2025-01-08 04:04:29.155 +0000
10822,2053,1621,2025-01-31 00:17:52.256 +0000
7719,1053,468,2025-01-08 04:40:14.543 +0000
10860,1977,659,2025-01-31 01:43:52.459 +0000
7733,1055,436,2025-01-08 07:53:06.986 +0000
7750,1057,670,2025-01-08 09:24:03.009 +0000
7760,1058,26,2025-01-08 12:47:25.583 +0000
7762,1058,233,2025-01-08 12:48:10.175 +0000
7764,1058,126,2025-01-08 12:48:23.544 +0000
7770,1058,430,2025-01-08 12:48:53.938 +0000
7774,553,113,2025-01-08 13:05:35.367 +0000
10876,2085,1530,2025-01-31 03:10:07.776 +0000
7803,1061,883,2025-01-08 17:19:21.676 +0000
7807,1065,488,2025-01-08 18:11:05.959 +0000
7810,1065,37,2025-01-08 18:11:37.069 +0000
7842,927,876,2025-01-08 23:14:40.367 +0000
11086,2119,1369,2025-02-01 00:13:47.044 +0000
11091,1365,879,2025-02-01 01:41:29.639 +0000
7856,1080,147,2025-01-09 08:15:51.944 +0000
7857,1080,149,2025-01-09 08:17:35.371 +0000
7862,1080,591,2025-01-09 08:22:37.272 +0000
7876,1082,388,2025-01-09 10:15:59.012 +0000
11185,2133,802,2025-02-01 09:49:13.058 +0000
7881,1083,525,2025-01-09 10:18:23.297 +0000
7895,1085,525,2025-01-09 13:00:43.648 +0000
7920,623,867,2025-01-09 16:12:12.950 +0000
7927,1096,789,2025-01-09 17:00:55.682 +0000
11245,2020,1977,2025-02-01 15:21:19.460 +0000
7969,883,427,2025-01-10 11:56:54.694 +0000
7972,883,639,2025-01-10 11:57:37.599 +0000
7980,921,966,2025-01-10 12:57:16.197 +0000
7981,966,516,2025-01-10 12:57:57.442 +0000
7989,1108,492,2025-01-10 13:34:50.233 +0000
8039,1122,725,2025-01-10 18:44:34.779 +0000
8064,1101,713,2025-01-10 22:46:03.722 +0000
8067,1101,818,2025-01-10 22:46:40.820 +0000
8073,1141,423,2025-01-10 23:42:00.454 +0000
8535,1042,738,2025-01-15 13:07:17.202 +0000
8552,1311,1083,2025-01-16 01:09:30.745 +0000
8557,1315,415,2025-01-16 06:56:49.920 +0000
8561,596,271,2025-01-16 13:26:13.550 +0000
8580,843,234,2025-01-17 02:55:30.411 +0000
8599,843,309,2025-01-17 02:58:24.865 +0000
8603,843,1025,2025-01-17 02:59:10.140 +0000
8615,1332,791,2025-01-17 13:03:31.867 +0000
8648,1356,31,2025-01-18 02:10:39.289 +0000
8651,1356,29,2025-01-18 02:11:26.089 +0000
8659,1356,87,2025-01-18 02:13:00.523 +0000
8664,1356,8,2025-01-18 02:13:54.314 +0000
8685,1359,315,2025-01-18 02:53:11.836 +0000
8690,1359,639,2025-01-18 02:55:26.071 +0000
8692,1359,789,2025-01-18 02:56:08.870 +0000
8696,1268,639,2025-01-18 10:16:43.511 +0000
8703,1365,144,2025-01-18 13:50:22.905 +0000
8749,683,921,2025-01-19 14:08:47.492 +0000
8765,1411,144,2025-01-19 15:18:50.014 +0000
8768,1411,85,2025-01-19 15:19:23.999 +0000
8789,1411,921,2025-01-19 15:24:46.762 +0000
8974,460,1087,2025-01-20 21:37:23.364 +0000
8993,1465,802,2025-01-20 23:28:11.377 +0000
9013,1163,352,2025-01-21 11:36:59.777 +0000
897,213,205,2024-12-16 15:57:05.986 +0000
904,213,28,2024-12-16 15:57:05.986 +0000
909,213,149,2024-12-16 15:57:05.986 +0000
936,213,193,2024-12-16 15:57:05.986 +0000
938,216,149,2024-12-16 15:57:05.986 +0000
1589,255,234,2024-12-16 15:57:05.986 +0000
1593,213,278,2024-12-16 15:57:05.986 +0000
1598,213,277,2024-12-16 15:57:05.986 +0000
1603,271,37,2024-12-16 15:57:05.986 +0000
1611,271,52,2024-12-16 15:57:05.986 +0000
1615,271,79,2024-12-16 15:57:05.986 +0000
1617,271,76,2024-12-16 15:57:05.986 +0000
1624,271,180,2024-12-16 15:57:05.986 +0000
1626,271,181,2024-12-16 15:57:05.986 +0000
9511,1586,572,2025-01-23 20:05:45.077 +0000
1638,271,197,2024-12-16 15:57:05.986 +0000
1644,271,203,2024-12-16 15:57:05.986 +0000
1646,271,217,2024-12-16 15:57:05.986 +0000
1648,271,211,2024-12-16 15:57:05.986 +0000
1651,271,8,2024-12-16 15:57:05.986 +0000
1655,271,241,2024-12-16 15:57:05.986 +0000
1662,271,280,2024-12-16 15:57:05.986 +0000
1667,271,277,2024-12-16 15:57:05.986 +0000
2500,388,347,2024-12-16 15:57:05.986 +0000
9516,1608,1027,2025-01-23 21:07:53.265 +0000
2504,27,21,2024-12-16 15:57:05.986 +0000
2510,10,53,2024-12-16 15:57:05.986 +0000
2514,390,1,2024-12-16 15:57:05.986 +0000
2517,15,371,2024-12-16 15:57:05.986 +0000
2531,15,275,2024-12-16 15:57:05.986 +0000
2539,275,5,2024-12-16 15:57:05.986 +0000
2555,388,54,2024-12-16 15:57:05.986 +0000
2566,388,243,2024-12-16 15:57:05.986 +0000
2569,388,281,2024-12-16 15:57:05.986 +0000
2576,50,271,2024-12-16 15:57:05.986 +0000
5141,543,484,2024-12-25 21:01:21.601 +0000
7598,913,314,2025-01-07 13:08:18.564 +0000
5183,683,347,2024-12-26 00:27:01.037 +0000
6204,767,380,2024-12-29 17:05:31.213 +0000
2616,1,397,2024-12-16 15:57:05.986 +0000
2619,399,28,2024-12-16 15:57:05.986 +0000
2623,399,63,2024-12-16 15:57:05.986 +0000
12234,1365,2161,2025-02-05 17:11:11.630 +0000
2631,24,50,2024-12-16 15:57:05.986 +0000
2636,213,366,2024-12-16 15:57:05.986 +0000
2640,213,371,2024-12-16 15:57:05.986 +0000
2643,213,373,2024-12-16 15:57:05.986 +0000
2650,213,396,2024-12-16 15:57:05.986 +0000
2659,213,384,2024-12-16 15:57:05.986 +0000
9526,1609,1115,2025-01-23 21:09:56.131 +0000
3672,149,88,2024-12-16 15:57:05.986 +0000
3679,448,156,2024-12-16 15:57:05.986 +0000
3721,468,79,2024-12-16 15:57:05.986 +0000
3750,468,320,2024-12-16 15:57:05.986 +0000
3762,481,29,2024-12-16 15:57:05.986 +0000
3774,213,472,2024-12-16 15:57:05.986 +0000
4412,487,475,2024-12-21 18:59:20.836 +0000
4436,447,519,2024-12-21 20:51:13.243 +0000
4447,388,414,2024-12-21 20:57:31.295 +0000
4455,388,171,2024-12-21 20:59:51.774 +0000
4458,447,525,2024-12-21 21:00:22.669 +0000
4485,370,24,2024-12-21 21:31:58.075 +0000
4501,573,465,2024-12-21 22:51:49.451 +0000
4505,573,181,2024-12-21 22:55:05.950 +0000
9530,913,809,2025-01-23 21:26:14.424 +0000
4552,588,397,2024-12-22 18:55:15.384 +0000
4558,588,407,2024-12-22 18:55:48.748 +0000
4561,571,561,2024-12-22 20:25:58.902 +0000
4569,591,452,2024-12-22 20:43:34.516 +0000
4589,592,379,2024-12-22 21:18:48.045 +0000
7640,1034,525,2025-01-07 18:53:48.858 +0000
7662,1039,124,2025-01-07 20:52:19.293 +0000
6298,813,465,2024-12-29 22:38:06.260 +0000
6303,814,448,2024-12-29 22:42:14.396 +0000
6304,814,347,2024-12-29 22:42:37.771 +0000
6326,818,415,2024-12-30 01:50:07.508 +0000
6335,820,194,2024-12-30 02:43:34.824 +0000
9534,913,707,2025-01-23 21:27:44.087 +0000
6388,767,791,2024-12-30 12:42:52.907 +0000
6398,542,34,2024-12-30 13:38:25.956 +0000
6421,783,477,2024-12-30 17:52:12.312 +0000
6430,783,785,2024-12-30 18:06:54.149 +0000
9540,913,961,2025-01-23 21:31:13.601 +0000
9552,1611,1115,2025-01-23 23:22:33.417 +0000
6493,834,243,2024-12-30 19:07:03.857 +0000
9561,1614,448,2025-01-23 23:55:07.045 +0000
6551,836,458,2024-12-30 21:13:26.958 +0000
6559,836,347,2024-12-30 21:13:41.332 +0000
6563,836,600,2024-12-30 21:14:20.959 +0000
6570,836,447,2024-12-30 21:15:01.540 +0000
6582,836,405,2024-12-30 21:16:41.131 +0000
6606,836,615,2024-12-30 21:17:44.715 +0000
7701,1045,525,2025-01-07 23:17:25.699 +0000
6649,843,639,2024-12-31 00:53:46.437 +0000
7706,1045,802,2025-01-07 23:24:09.165 +0000
7723,1022,448,2025-01-08 04:47:04.344 +0000
7730,1055,448,2025-01-08 07:48:49.428 +0000
7743,1057,500,2025-01-08 09:20:27.005 +0000
7763,1058,650,2025-01-08 12:48:22.281 +0000
7784,553,126,2025-01-08 13:07:10.750 +0000
7942,1102,802,2025-01-09 23:53:50.034 +0000
7953,1020,600,2025-01-10 07:17:34.227 +0000
7954,592,414,2025-01-10 07:39:13.201 +0000
7958,1104,34,2025-01-10 09:38:00.268 +0000
7976,1083,921,2025-01-10 12:47:17.254 +0000
9811,1454,1381,2025-01-26 13:49:34.909 +0000
8023,876,475,2025-01-10 14:50:43.376 +0000
8059,1101,464,2025-01-10 22:44:35.364 +0000
8536,1042,712,2025-01-15 13:07:40.378 +0000
8549,1310,600,2025-01-16 01:09:05.183 +0000
8553,1312,525,2025-01-16 01:31:00.758 +0000
8568,1321,889,2025-01-16 17:25:27.368 +0000
9822,1798,560,2025-01-26 15:59:27.036 +0000
8582,843,76,2025-01-17 02:56:06.894 +0000
8607,843,1144,2025-01-17 02:59:17.929 +0000
8617,1332,31,2025-01-17 18:07:30.804 +0000
8626,1339,463,2025-01-17 20:07:14.043 +0000
8637,1339,745,2025-01-17 20:07:52.563 +0000
8643,1356,390,2025-01-18 02:06:17.700 +0000
8668,1356,49,2025-01-18 02:14:38.549 +0000
8680,1359,201,2025-01-18 02:51:16.391 +0000
8689,1359,316,2025-01-18 02:54:42.712 +0000
8776,1411,243,2025-01-19 15:21:30.540 +0000
8975,460,1025,2025-01-20 21:37:26.385 +0000
8995,1465,1364,2025-01-20 23:28:21.622 +0000
9008,1472,1027,2025-01-21 07:52:10.552 +0000
9033,213,1381,2025-01-21 13:04:03.873 +0000
9036,213,1330,2025-01-21 13:07:52.443 +0000
9050,1485,1369,2025-01-21 13:56:58.234 +0000
9056,1487,845,2025-01-21 14:43:19.625 +0000
9060,1332,213,2025-01-21 14:58:24.095 +0000
9168,1534,1364,2025-01-22 03:11:27.795 +0000
9169,1534,1273,2025-01-22 03:11:47.377 +0000
9171,1534,1350,2025-01-22 03:11:59.007 +0000
9172,1534,1467,2025-01-22 03:12:05.034 +0000
10713,2063,1010,2025-01-30 19:29:41.619 +0000
10748,2067,1180,2025-01-30 20:17:50.052 +0000
10781,1377,1075,2025-01-30 22:34:32.639 +0000
10794,913,941,2025-01-30 22:39:39.868 +0000
10798,2084,1327,2025-01-30 22:40:53.978 +0000
10845,2087,1450,2025-01-31 01:13:31.048 +0000
10881,411,300,2025-01-31 07:53:46.856 +0000
11087,2119,802,2025-02-01 00:14:16.001 +0000
11127,1798,1996,2025-02-01 04:58:01.477 +0000
11213,978,639,2025-02-01 13:07:43.572 +0000
11272,2148,554,2025-02-01 20:11:42.425 +0000
11282,2154,1468,2025-02-01 21:20:45.374 +0000
11286,2154,713,2025-02-01 21:23:33.323 +0000
11299,1163,1468,2025-02-01 22:28:20.120 +0000
11305,1163,1531,2025-02-01 22:30:51.096 +0000
11309,1163,1462,2025-02-01 22:31:15.494 +0000
11393,2171,512,2025-02-02 00:47:35.665 +0000
11546,2205,876,2025-02-02 13:13:51.937 +0000
11583,1291,1269,2025-02-02 15:31:03.662 +0000
11587,1291,1063,2025-02-02 15:34:36.580 +0000
11590,1291,436,2025-02-02 15:35:59.915 +0000
11682,2245,1144,2025-02-02 22:59:09.821 +0000
11690,2020,927,2025-02-02 23:37:34.703 +0000
11729,383,1369,2025-02-03 10:20:42.877 +0000
11740,2298,713,2025-02-03 10:33:05.472 +0000
898,216,166,2024-12-16 15:57:05.986 +0000
925,213,186,2024-12-16 15:57:05.986 +0000
951,213,47,2024-12-16 15:57:05.986 +0000
962,201,21,2024-12-16 15:57:05.986 +0000
1590,255,201,2024-12-16 15:57:05.986 +0000
1599,271,29,2024-12-16 15:57:05.986 +0000
1602,271,34,2024-12-16 15:57:05.986 +0000
1607,271,50,2024-12-16 15:57:05.986 +0000
1612,271,121,2024-12-16 15:57:05.986 +0000
1622,271,151,2024-12-16 15:57:05.986 +0000
1627,271,135,2024-12-16 15:57:05.986 +0000
1632,271,196,2024-12-16 15:57:05.986 +0000
1634,271,124,2024-12-16 15:57:05.986 +0000
1636,271,148,2024-12-16 15:57:05.986 +0000
1641,271,167,2024-12-16 15:57:05.986 +0000
1647,271,215,2024-12-16 15:57:05.986 +0000
1652,271,201,2024-12-16 15:57:05.986 +0000
1653,271,153,2024-12-16 15:57:05.986 +0000
1658,271,254,2024-12-16 15:57:05.986 +0000
1660,271,279,2024-12-16 15:57:05.986 +0000
1661,271,95,2024-12-16 15:57:05.986 +0000
1665,271,269,2024-12-16 15:57:05.986 +0000
1668,271,255,2024-12-16 15:57:05.986 +0000
1669,271,213,2024-12-16 15:57:05.986 +0000
2676,405,385,2024-12-16 15:57:05.986 +0000
5203,684,600,2024-12-26 01:00:08.879 +0000
2694,406,50,2024-12-16 15:57:05.986 +0000
9512,1586,1027,2025-01-23 20:07:06.419 +0000
2708,298,76,2024-12-16 15:57:05.986 +0000
9556,1611,1021,2025-01-23 23:24:02.192 +0000
2752,147,243,2024-12-16 15:57:05.986 +0000
2754,147,377,2024-12-16 15:57:05.986 +0000
2756,147,347,2024-12-16 15:57:05.986 +0000
3673,149,146,2024-12-16 15:57:05.986 +0000
12250,2435,1413,2025-02-05 17:36:25.008 +0000
3695,477,315,2024-12-16 15:57:05.986 +0000
3699,477,281,2024-12-16 15:57:05.986 +0000
3717,468,47,2024-12-16 15:57:05.986 +0000
3744,468,216,2024-12-16 15:57:05.986 +0000
3764,481,56,2024-12-16 15:57:05.986 +0000
4419,447,15,2024-12-21 19:56:40.987 +0000
4452,447,359,2024-12-21 20:59:36.249 +0000
4461,447,374,2024-12-21 21:01:38.484 +0000
4489,370,468,2024-12-21 21:32:52.156 +0000
4550,588,459,2024-12-22 18:55:11.684 +0000
4559,588,496,2024-12-22 18:56:08.386 +0000
4574,591,415,2024-12-22 20:48:52.671 +0000
4580,592,542,2024-12-22 21:04:13.633 +0000
5287,692,418,2024-12-26 11:21:30.971 +0000
5299,692,309,2024-12-26 11:21:56.871 +0000
5310,692,239,2024-12-26 11:23:44.925 +0000
5316,692,414,2024-12-26 11:24:14.686 +0000
5349,213,492,2024-12-26 15:30:06.384 +0000
9596,417,927,2025-01-24 17:30:33.151 +0000
7612,976,463,2025-01-07 16:38:09.769 +0000
5398,618,447,2024-12-26 17:49:25.196 +0000
5419,597,388,2024-12-26 20:35:26.135 +0000
5422,711,468,2024-12-26 21:37:55.738 +0000
5455,723,415,2024-12-27 04:00:17.586 +0000
5479,711,463,2024-12-27 11:46:25.143 +0000
5487,692,427,2024-12-27 12:13:33.450 +0000
9605,1652,845,2025-01-24 17:33:49.329 +0000
5504,692,595,2024-12-27 12:14:27.271 +0000
7624,1031,400,2025-01-07 17:54:24.483 +0000
5566,735,463,2024-12-27 21:05:15.234 +0000
5575,736,588,2024-12-27 21:13:13.685 +0000
5641,738,150,2024-12-27 21:45:36.631 +0000
5660,738,50,2024-12-27 21:46:04.117 +0000
5674,738,439,2024-12-27 21:53:39.400 +0000
5679,738,197,2024-12-27 21:53:45.414 +0000
9607,213,1001,2025-01-24 17:50:21.861 +0000
6219,805,448,2024-12-29 18:30:00.931 +0000
6235,735,56,2024-12-29 20:21:28.643 +0000
6276,809,512,2024-12-29 21:49:41.495 +0000
6289,810,735,2024-12-29 22:14:07.465 +0000
7632,1033,413,2025-01-07 18:38:27.155 +0000
6362,822,413,2024-12-30 04:48:59.890 +0000
6365,823,395,2024-12-30 05:52:21.802 +0000
6368,823,771,2024-12-30 05:55:44.712 +0000
6378,656,459,2024-12-30 10:33:42.330 +0000
6431,783,701,2024-12-30 18:07:06.663 +0000
6435,831,385,2024-12-30 18:24:22.789 +0000
9679,1673,1021,2025-01-24 22:48:04.792 +0000
9686,1673,1480,2025-01-24 22:49:06.925 +0000
9695,1683,921,2025-01-25 02:57:16.344 +0000
9708,850,970,2025-01-25 11:51:19.768 +0000
9837,1799,1369,2025-01-26 16:58:14.198 +0000
6507,834,50,2024-12-30 19:09:07.653 +0000
9931,1877,1391,2025-01-27 10:41:38.727 +0000
6538,836,443,2024-12-30 21:12:07.106 +0000
6542,836,260,2024-12-30 21:12:44.498 +0000
6561,836,639,2024-12-30 21:13:51.454 +0000
6562,836,719,2024-12-30 21:14:17.363 +0000
6594,836,552,2024-12-30 21:17:22.882 +0000
9936,1877,1262,2025-01-27 10:42:59.825 +0000
7634,1033,213,2025-01-07 18:38:37.590 +0000
7661,1038,512,2025-01-07 20:31:33.539 +0000
7677,1041,413,2025-01-07 20:54:57.184 +0000
7788,553,334,2025-01-08 13:13:17.903 +0000
8537,1042,899,2025-01-15 13:08:05.987 +0000
8541,260,1257,2025-01-15 14:01:13.285 +0000
8559,1315,639,2025-01-16 06:57:41.903 +0000
8583,843,135,2025-01-17 02:56:09.117 +0000
8595,843,242,2025-01-17 02:58:05.912 +0000
8634,1339,912,2025-01-17 20:07:43.588 +0000
8650,1356,95,2025-01-18 02:11:08.980 +0000
8662,1356,11,2025-01-18 02:13:27.801 +0000
8670,1356,64,2025-01-18 02:14:56.517 +0000
8677,1359,171,2025-01-18 02:50:46.411 +0000
8697,1268,925,2025-01-18 10:18:10.266 +0000
8775,1411,234,2025-01-19 15:21:13.575 +0000
8782,1411,316,2025-01-19 15:23:28.789 +0000
8791,1411,1032,2025-01-19 15:24:56.616 +0000
8976,460,1381,2025-01-20 21:37:29.338 +0000
9029,213,1224,2025-01-21 13:01:19.152 +0000
9046,1485,464,2025-01-21 13:56:26.747 +0000
9057,1487,1130,2025-01-21 14:44:14.585 +0000
9190,1080,1526,2025-01-22 07:44:05.080 +0000
9208,1269,1080,2025-01-22 07:57:27.456 +0000
9225,1540,1057,2025-01-22 10:27:37.682 +0000
10035,1894,468,2025-01-27 14:40:26.378 +0000
10067,1904,1079,2025-01-27 18:32:03.500 +0000
10101,1913,468,2025-01-27 20:41:45.647 +0000
10137,468,1928,2025-01-27 23:47:49.862 +0000
10155,1934,1369,2025-01-28 01:36:36.174 +0000
10160,1935,1130,2025-01-28 02:48:05.138 +0000
10163,1938,1145,2025-01-28 05:16:48.644 +0000
10244,1982,468,2025-01-28 20:59:44.501 +0000
10261,1989,1683,2025-01-28 22:04:32.052 +0000
10262,1990,15,2025-01-28 22:09:21.369 +0000
10295,1995,1974,2025-01-28 23:43:15.867 +0000
10296,1995,1704,2025-01-28 23:44:03.565 +0000
10310,1998,87,2025-01-29 08:44:46.538 +0000
10340,1083,838,2025-01-29 13:03:23.157 +0000
10362,1365,1025,2025-01-29 13:12:18.118 +0000
10385,462,1365,2025-01-29 14:12:09.391 +0000
10392,271,332,2025-01-29 15:22:35.994 +0000
10396,2011,1021,2025-01-29 16:01:04.809 +0000
10721,2064,1541,2025-01-30 19:33:25.920 +0000
10727,2020,1362,2025-01-30 20:01:40.701 +0000
10743,2067,818,2025-01-30 20:17:13.636 +0000
10758,2067,950,2025-01-30 20:18:39.298 +0000
10779,654,572,2025-01-30 22:34:18.111 +0000
10813,2053,468,2025-01-31 00:16:16.834 +0000
10823,2053,1641,2025-01-31 00:17:54.574 +0000
10837,2086,1466,2025-01-31 00:59:06.967 +0000
10844,2087,1378,2025-01-31 01:13:19.757 +0000
10886,411,1391,2025-01-31 07:56:33.427 +0000
11106,1798,462,2025-02-01 04:55:06.559 +0000
11138,1798,1180,2025-02-01 05:04:01.748 +0000
11151,1798,1095,2025-02-01 05:04:56.824 +0000
11208,2136,972,2025-02-01 13:06:49.405 +0000
11224,978,1077,2025-02-01 13:09:07.730 +0000
11234,1365,1996,2025-02-01 13:25:11.486 +0000
11243,2020,371,2025-02-01 15:20:26.233 +0000
11301,1163,1464,2025-02-01 22:28:24.184 +0000
899,213,27,2024-12-16 15:57:05.986 +0000
933,213,203,2024-12-16 15:57:05.986 +0000
935,216,27,2024-12-16 15:57:05.986 +0000
1591,255,239,2024-12-16 15:57:05.986 +0000
1595,213,280,2024-12-16 15:57:05.986 +0000
1597,213,281,2024-12-16 15:57:05.986 +0000
1600,271,119,2024-12-16 15:57:05.986 +0000
1606,271,33,2024-12-16 15:57:05.986 +0000
9513,1204,1566,2025-01-23 20:19:58.333 +0000
5204,684,347,2024-12-26 01:01:09.312 +0000
1628,271,66,2024-12-16 15:57:05.986 +0000
9515,1608,818,2025-01-23 21:07:34.261 +0000
1642,271,192,2024-12-16 15:57:05.986 +0000
1650,271,234,2024-12-16 15:57:05.986 +0000
1656,271,260,2024-12-16 15:57:05.986 +0000
1666,271,1,2024-12-16 15:57:05.986 +0000
2677,351,85,2024-12-16 15:57:05.986 +0000
2691,406,56,2024-12-16 15:57:05.986 +0000
2705,298,198,2024-12-16 15:57:05.986 +0000
2716,213,406,2024-12-16 15:57:05.986 +0000
2737,411,12,2024-12-16 15:57:05.986 +0000
3674,475,386,2024-12-16 15:57:05.986 +0000
3680,448,167,2024-12-16 15:57:05.986 +0000
3686,476,213,2024-12-16 15:57:05.986 +0000
3716,468,52,2024-12-16 15:57:05.986 +0000
3720,468,37,2024-12-16 15:57:05.986 +0000
3728,468,147,2024-12-16 15:57:05.986 +0000
3739,468,192,2024-12-16 15:57:05.986 +0000
3748,468,377,2024-12-16 15:57:05.986 +0000
3761,1,71,2024-12-16 15:57:05.986 +0000
3765,481,55,2024-12-16 15:57:05.986 +0000
5242,213,554,2024-12-26 03:01:37.379 +0000
9548,1611,818,2025-01-23 23:07:39.154 +0000
5290,692,380,2024-12-26 11:21:32.991 +0000
4441,447,512,2024-12-21 20:54:43.952 +0000
4451,388,525,2024-12-21 20:58:53.857 +0000
4472,447,281,2024-12-21 21:11:04.576 +0000
4483,447,274,2024-12-21 21:26:31.407 +0000
4486,370,27,2024-12-21 21:32:03.927 +0000
4499,370,380,2024-12-21 22:48:55.156 +0000
4510,447,571,2024-12-22 04:24:26.777 +0000
9563,1614,1281,2025-01-23 23:59:10.960 +0000
9839,1800,1027,2025-01-26 17:58:34.643 +0000
4538,565,553,2024-12-22 13:25:08.205 +0000
4545,585,465,2024-12-22 15:49:32.520 +0000
4588,592,468,2024-12-22 21:04:45.513 +0000
5324,692,400,2024-12-26 11:24:53.388 +0000
7601,913,318,2025-01-07 13:08:24.357 +0000
9848,213,1482,2025-01-26 19:24:04.310 +0000
5343,697,57,2024-12-26 13:13:10.194 +0000
5347,213,435,2024-12-26 15:30:03.798 +0000
5364,698,512,2024-12-26 15:58:30.489 +0000
12253,2435,1901,2025-02-05 17:36:45.649 +0000
5433,717,54,2024-12-27 00:10:22.338 +0000
7629,1033,385,2025-01-07 18:37:15.873 +0000
5460,725,717,2024-12-27 07:30:31.257 +0000
5493,692,639,2024-12-27 12:13:41.755 +0000
5510,728,523,2024-12-27 15:06:20.063 +0000
5530,728,634,2024-12-27 15:30:19.274 +0000
5547,481,23,2024-12-27 19:24:15.689 +0000
5584,738,113,2024-12-27 21:38:17.460 +0000
12254,969,2434,2025-02-05 17:40:31.038 +0000
6662,843,465,2024-12-31 00:56:07.676 +0000
6693,845,573,2024-12-31 04:03:32.659 +0000
6698,845,764,2024-12-31 04:03:57.296 +0000
6704,845,23,2024-12-31 04:10:51.700 +0000
6707,845,118,2024-12-31 04:11:28.390 +0000
6711,845,649,2024-12-31 04:11:33.276 +0000
6716,845,650,2024-12-31 04:11:44.270 +0000
6721,845,428,2024-12-31 04:11:49.139 +0000
7641,1034,832,2025-01-07 18:53:58.481 +0000
6742,847,554,2024-12-31 07:06:10.202 +0000
6744,847,523,2024-12-31 07:07:03.310 +0000
6749,847,666,2024-12-31 07:09:18.414 +0000
6751,847,603,2024-12-31 07:11:37.174 +0000
7643,1034,512,2025-01-07 18:54:59.582 +0000
7649,1034,845,2025-01-07 19:05:04.827 +0000
9904,1861,1364,2025-01-27 02:10:43.410 +0000
7681,1041,802,2025-01-07 20:56:14.256 +0000
7707,1005,977,2025-01-08 01:50:40.261 +0000
7746,1057,560,2025-01-08 09:22:31.540 +0000
7757,1022,1057,2025-01-08 09:31:42.549 +0000
7761,1058,24,2025-01-08 12:47:27.666 +0000
7776,553,147,2025-01-08 13:05:54.248 +0000
7782,553,10,2025-01-08 13:06:42.670 +0000
9930,1877,1364,2025-01-27 10:41:34.487 +0000
7870,591,468,2025-01-09 08:28:54.806 +0000
7898,1086,448,2025-01-09 13:41:45.939 +0000
7918,1087,166,2025-01-09 15:11:37.180 +0000
7982,966,681,2025-01-10 13:00:49.468 +0000
7986,921,712,2025-01-10 13:09:00.104 +0000
9941,1877,1334,2025-01-27 10:46:02.027 +0000
8029,1122,316,2025-01-10 18:42:06.379 +0000
8055,1135,203,2025-01-10 21:45:05.453 +0000
8060,1101,572,2025-01-10 22:44:59.549 +0000
8538,1042,902,2025-01-15 13:09:21.860 +0000
8544,707,181,2025-01-15 18:18:25.004 +0000
8550,1311,1033,2025-01-16 01:09:15.888 +0000
8569,1321,802,2025-01-16 17:25:40.174 +0000
8575,1042,481,2025-01-16 23:17:35.474 +0000
8590,843,85,2025-01-17 02:57:48.399 +0000
8621,1180,135,2025-01-17 19:02:32.320 +0000
8661,1356,70,2025-01-18 02:13:21.795 +0000
8666,1356,366,2025-01-18 02:14:30.911 +0000
8669,1356,314,2025-01-18 02:14:44.803 +0000
12382,2436,1573,2025-02-06 02:29:39.261 +0000
8743,1391,683,2025-01-19 10:51:23.307 +0000
8758,1409,501,2025-01-19 14:44:02.920 +0000
8982,460,1145,2025-01-20 21:37:41.688 +0000
8984,1461,1286,2025-01-20 21:42:40.032 +0000
8994,1465,1369,2025-01-20 23:28:19.982 +0000
9055,1487,468,2025-01-21 14:42:55.027 +0000
9965,1325,1706,2025-01-27 13:05:30.243 +0000
10384,735,1861,2025-01-29 13:41:40.265 +0000
10394,271,1272,2025-01-29 15:45:31.054 +0000
10735,2067,1995,2025-01-30 20:14:40.160 +0000
10754,2067,47,2025-01-30 20:18:32.863 +0000
10760,2067,1057,2025-01-30 20:18:41.781 +0000
10790,654,1525,2025-01-30 22:34:41.546 +0000
10819,2053,1467,2025-01-31 00:17:24.137 +0000
10828,2053,1180,2025-01-31 00:18:32.274 +0000
10833,2086,1269,2025-01-31 00:54:19.766 +0000
10843,2087,1369,2025-01-31 01:13:12.014 +0000
10884,411,1165,2025-01-31 07:55:30.685 +0000
10902,1585,1446,2025-01-31 10:04:23.094 +0000
11090,1365,1031,2025-02-01 01:41:25.938 +0000
11102,1798,1378,2025-02-01 04:54:31.581 +0000
11107,1798,1861,2025-02-01 04:55:15.700 +0000
11109,1798,2020,2025-02-01 04:55:27.750 +0000
11125,1798,1087,2025-02-01 04:57:44.727 +0000
11147,1798,927,2025-02-01 05:04:48.069 +0000
11156,1798,488,2025-02-01 05:05:04.454 +0000
11167,2130,1584,2025-02-01 08:25:15.099 +0000
11549,2205,400,2025-02-02 13:14:59.523 +0000
11574,2211,1079,2025-02-02 14:55:37.205 +0000
11616,2222,2207,2025-02-02 18:14:26.670 +0000
11620,735,2189,2025-02-02 19:10:49.013 +0000
11630,2230,1292,2025-02-02 19:54:33.100 +0000
11657,2245,2182,2025-02-02 22:49:54.694 +0000
11664,2245,928,2025-02-02 22:53:32.445 +0000
11706,2288,816,2025-02-03 07:47:01.421 +0000
11730,383,1193,2025-02-03 10:20:48.991 +0000
11735,2298,1512,2025-02-03 10:31:59.671 +0000
11837,2150,1288,2025-02-03 21:58:19.206 +0000
11885,2361,2182,2025-02-04 11:33:27.757 +0000
11973,2374,448,2025-02-04 16:35:11.659 +0000
11980,2374,560,2025-02-04 16:37:15.875 +0000
12019,2377,48,2025-02-04 17:18:50.989 +0000
12022,2377,1032,2025-02-04 17:19:38.195 +0000
12035,2142,2374,2025-02-04 17:39:51.109 +0000
12041,2394,816,2025-02-04 20:00:40.949 +0000
12047,2394,977,2025-02-04 20:02:41.737 +0000
12063,1262,1364,2025-02-04 21:03:15.544 +0000
12078,1163,1489,2025-02-04 21:43:47.874 +0000
12102,487,735,2025-02-04 22:52:29.173 +0000
12103,1893,760,2025-02-05 01:23:55.306 +0000
12107,1893,488,2025-02-05 01:26:33.703 +0000
9514,1204,1369,2025-01-23 20:20:00.705 +0000
906,213,148,2024-12-16 15:57:05.986 +0000
912,8,193,2024-12-16 15:57:05.986 +0000
920,8,205,2024-12-16 15:57:05.986 +0000
1592,255,274,2024-12-16 15:57:05.986 +0000
1594,213,279,2024-12-16 15:57:05.986 +0000
1605,271,55,2024-12-16 15:57:05.986 +0000
1609,271,54,2024-12-16 15:57:05.986 +0000
1616,271,88,2024-12-16 15:57:05.986 +0000
1620,271,126,2024-12-16 15:57:05.986 +0000
1631,271,67,2024-12-16 15:57:05.986 +0000
5205,684,453,2024-12-26 01:05:47.391 +0000
1649,271,186,2024-12-16 15:57:05.986 +0000
1664,271,216,2024-12-16 15:57:05.986 +0000
2678,351,239,2024-12-16 15:57:05.986 +0000
12272,2436,241,2025-02-05 17:56:51.452 +0000
2692,406,33,2024-12-16 15:57:05.986 +0000
2695,406,47,2024-12-16 15:57:05.986 +0000
2699,48,67,2024-12-16 15:57:05.986 +0000
2701,298,50,2024-12-16 15:57:05.986 +0000
2707,298,88,2024-12-16 15:57:05.986 +0000
2710,298,227,2024-12-16 15:57:05.986 +0000
2713,361,37,2024-12-16 15:57:05.986 +0000
2717,213,407,2024-12-16 15:57:05.986 +0000
2721,410,21,2024-12-16 15:57:05.986 +0000
2727,410,148,2024-12-16 15:57:05.986 +0000
2731,410,312,2024-12-16 15:57:05.986 +0000
2740,411,77,2024-12-16 15:57:05.986 +0000
2744,411,260,2024-12-16 15:57:05.986 +0000
9538,1286,1586,2025-01-23 21:28:52.337 +0000
2757,147,331,2024-12-16 15:57:05.986 +0000
3675,475,243,2024-12-16 15:57:05.986 +0000
3676,448,87,2024-12-16 15:57:05.986 +0000
3685,476,388,2024-12-16 15:57:05.986 +0000
3693,477,167,2024-12-16 15:57:05.986 +0000
3713,468,50,2024-12-16 15:57:05.986 +0000
3742,468,260,2024-12-16 15:57:05.986 +0000
3770,484,468,2024-12-16 15:57:05.986 +0000
3771,468,484,2024-12-16 15:57:05.986 +0000
3782,260,481,2024-12-16 15:57:05.986 +0000
4443,447,95,2024-12-21 20:56:16.500 +0000
4504,573,121,2024-12-21 22:54:42.828 +0000
4508,388,572,2024-12-22 00:00:06.691 +0000
4511,571,447,2024-12-22 05:13:17.058 +0000
4512,515,37,2024-12-22 09:18:11.425 +0000
4523,554,181,2024-12-22 11:26:20.459 +0000
4582,592,561,2024-12-22 21:04:29.772 +0000
5234,213,557,2024-12-26 03:01:27.264 +0000
5237,213,561,2024-12-26 03:01:32.111 +0000
5240,213,541,2024-12-26 03:01:34.815 +0000
5245,654,274,2024-12-26 03:59:53.673 +0000
5255,692,135,2024-12-26 11:15:52.242 +0000
5267,692,448,2024-12-26 11:20:39.219 +0000
5271,692,315,2024-12-26 11:21:02.958 +0000
5275,692,500,2024-12-26 11:21:07.050 +0000
5278,692,522,2024-12-26 11:21:09.697 +0000
9549,1611,745,2025-01-23 23:07:45.188 +0000
5320,692,670,2024-12-26 11:24:43.356 +0000
5325,692,472,2024-12-26 11:24:54.345 +0000
5353,698,652,2024-12-26 15:48:42.527 +0000
7636,1033,518,2025-01-07 18:39:42.684 +0000
7673,1041,31,2025-01-07 20:54:23.714 +0000
5396,1,95,2024-12-26 17:13:20.369 +0000
5430,717,32,2024-12-27 00:08:39.791 +0000
5465,726,379,2024-12-27 10:12:46.168 +0000
7692,1042,652,2025-01-07 21:21:53.714 +0000
5534,728,447,2024-12-27 15:30:47.052 +0000
5540,707,54,2024-12-27 17:58:55.663 +0000
5563,735,278,2024-12-27 21:00:07.560 +0000
5600,321,72,2024-12-27 21:38:48.288 +0000
9854,213,683,2025-01-26 19:24:42.524 +0000
5640,738,87,2024-12-27 21:45:34.621 +0000
7697,1044,448,2025-01-07 22:10:44.600 +0000
5682,738,154,2024-12-27 21:53:48.831 +0000
5688,738,414,2024-12-27 21:54:18.680 +0000
6663,843,818,2024-12-31 00:56:09.299 +0000
6671,843,205,2024-12-31 00:56:21.089 +0000
9858,213,1641,2025-01-26 19:25:18.708 +0000
6763,848,818,2024-12-31 10:56:04.273 +0000
7737,1055,927,2025-01-08 07:54:33.854 +0000
7783,553,15,2025-01-08 13:06:56.758 +0000
7785,553,200,2025-01-08 13:08:18.943 +0000
7885,1083,243,2025-01-09 10:20:50.916 +0000
7910,1086,966,2025-01-09 14:53:14.535 +0000
7921,623,847,2025-01-09 16:12:31.247 +0000
7940,1102,525,2025-01-09 23:53:41.515 +0000
7951,1020,442,2025-01-10 07:17:12.082 +0000
9939,1877,1055,2025-01-27 10:43:14.236 +0000
10386,462,1130,2025-01-29 14:12:57.585 +0000
8539,902,1042,2025-01-15 13:09:58.829 +0000
8567,1321,600,2025-01-16 17:25:02.401 +0000
8584,843,245,2025-01-17 02:56:15.770 +0000
10772,2076,1491,2025-01-30 21:25:06.865 +0000
8589,843,54,2025-01-17 02:57:39.959 +0000
8612,1332,468,2025-01-17 04:27:07.855 +0000
8628,1339,522,2025-01-17 20:07:30.689 +0000
8645,390,473,2025-01-18 02:06:53.537 +0000
8646,1356,818,2025-01-18 02:08:29.175 +0000
8655,1356,54,2025-01-18 02:12:11.675 +0000
10780,654,818,2025-01-30 22:34:31.779 +0000
8687,1359,453,2025-01-18 02:54:21.276 +0000
8701,1365,37,2025-01-18 13:50:05.249 +0000
12364,1949,1450,2025-02-05 23:13:08.398 +0000
8741,1391,424,2025-01-19 10:50:51.562 +0000
8756,1409,791,2025-01-19 14:42:29.961 +0000
8757,1409,1381,2025-01-19 14:43:41.010 +0000
8760,1411,1248,2025-01-19 15:14:23.970 +0000
8767,1411,135,2025-01-19 15:19:14.633 +0000
8787,1411,745,2025-01-19 15:24:42.801 +0000
8794,1411,1320,2025-01-19 15:25:08.655 +0000
8990,1463,802,2025-01-20 22:48:07.576 +0000
9165,1534,1292,2025-01-22 03:10:31.927 +0000
12369,2449,1027,2025-02-05 23:46:37.937 +0000
12378,2436,940,2025-02-06 02:19:32.975 +0000
9228,1148,1027,2025-01-22 10:30:32.872 +0000
9260,1489,1032,2025-01-22 16:24:12.359 +0000
10807,2085,1369,2025-01-30 23:36:39.348 +0000
10810,2085,1487,2025-01-30 23:37:19.509 +0000
10829,2086,1621,2025-01-31 00:52:05.146 +0000
10894,1585,791,2025-01-31 09:59:46.249 +0000
11093,1365,889,2025-02-01 01:41:34.353 +0000
11119,1798,802,2025-02-01 04:57:33.532 +0000
12412,2461,2436,2025-02-06 10:58:29.151 +0000
11128,1798,1055,2025-02-01 04:58:03.643 +0000
11146,1798,475,2025-02-01 05:04:45.713 +0000
11149,1798,400,2025-02-01 05:04:52.863 +0000
12438,2466,1485,2025-02-06 13:11:46.915 +0000
11186,2133,822,2025-02-01 09:49:24.632 +0000
11190,1906,1928,2025-02-01 12:03:25.350 +0000
11266,2082,2086,2025-02-01 19:31:09.187 +0000
11269,2148,1369,2025-02-01 20:08:25.746 +0000
11279,2020,1990,2025-02-01 20:59:40.959 +0000
11280,2020,554,2025-02-01 20:59:50.564 +0000
11318,1163,1574,2025-02-01 22:31:44.927 +0000
11326,735,1095,2025-02-01 23:34:34.748 +0000
11335,1462,460,2025-02-02 00:26:57.725 +0000
11532,1262,1163,2025-02-02 11:39:23.947 +0000
11544,2205,2020,2025-02-02 13:12:51.874 +0000
11605,2218,2175,2025-02-02 17:03:54.240 +0000
11618,2223,2218,2025-02-02 18:41:23.997 +0000
11649,487,519,2025-02-02 21:24:38.577 +0000
11665,2245,1105,2025-02-02 22:53:41.037 +0000
11785,2333,1517,2025-02-03 16:41:01.743 +0000
11986,2374,1621,2025-02-04 16:38:16.646 +0000
11992,2374,1350,2025-02-04 16:38:45.631 +0000
12023,2377,1483,2025-02-04 17:20:03.208 +0000
12030,2175,2349,2025-02-04 17:31:45.370 +0000
12058,2397,2058,2025-02-04 20:35:11.831 +0000
12082,1163,1220,2025-02-04 21:43:57.715 +0000
12442,1937,468,2025-02-06 13:13:43.461 +0000
12105,1893,1223,2025-02-05 01:24:59.361 +0000
12445,1603,1683,2025-02-06 13:18:07.950 +0000
12458,2477,2465,2025-02-06 16:16:20.071 +0000
12471,2482,970,2025-02-06 18:57:31.710 +0000
12477,2488,970,2025-02-06 20:44:08.703 +0000
12522,2503,745,2025-02-06 22:33:29.631 +0000
12551,2523,560,2025-02-07 03:34:27.747 +0000
12570,2469,2527,2025-02-07 13:30:23.501 +0000
12582,2527,748,2025-02-07 13:45:51.285 +0000
12592,2211,1526,2025-02-07 14:58:50.517 +0000
12595,2211,1046,2025-02-07 15:00:26.115 +0000
12613,2527,1871,2025-02-07 15:19:59.681 +0000
905,213,63,2024-12-16 15:57:05.986 +0000
913,213,166,2024-12-16 15:57:05.986 +0000
929,213,153,2024-12-16 15:57:05.986 +0000
945,216,124,2024-12-16 15:57:05.986 +0000
957,213,217,2024-12-16 15:57:05.986 +0000
958,216,47,2024-12-16 15:57:05.986 +0000
1604,271,56,2024-12-16 15:57:05.986 +0000
1613,271,77,2024-12-16 15:57:05.986 +0000
1618,271,87,2024-12-16 15:57:05.986 +0000
1619,271,11,2024-12-16 15:57:05.986 +0000
1623,271,150,2024-12-16 15:57:05.986 +0000
1640,271,171,2024-12-16 15:57:05.986 +0000
1645,271,195,2024-12-16 15:57:05.986 +0000
1654,271,228,2024-12-16 15:57:05.986 +0000
1657,271,264,2024-12-16 15:57:05.986 +0000
1663,271,236,2024-12-16 15:57:05.986 +0000
2679,351,8,2024-12-16 15:57:05.986 +0000
2709,298,37,2024-12-16 15:57:05.986 +0000
2720,410,56,2024-12-16 15:57:05.986 +0000
2724,410,12,2024-12-16 15:57:05.986 +0000
2732,410,331,2024-12-16 15:57:05.986 +0000
2741,411,147,2024-12-16 15:57:05.986 +0000
2747,147,144,2024-12-16 15:57:05.986 +0000
3682,213,468,2024-12-16 15:57:05.986 +0000
3700,477,274,2024-12-16 15:57:05.986 +0000
3701,477,427,2024-12-16 15:57:05.986 +0000
3702,468,388,2024-12-16 15:57:05.986 +0000
3706,468,29,2024-12-16 15:57:05.986 +0000
3712,468,55,2024-12-16 15:57:05.986 +0000
3714,468,465,2024-12-16 15:57:05.986 +0000
3727,468,11,2024-12-16 15:57:05.986 +0000
3733,468,70,2024-12-16 15:57:05.986 +0000
3737,468,8,2024-12-16 15:57:05.986 +0000
3746,468,359,2024-12-16 15:57:05.986 +0000
3749,468,323,2024-12-16 15:57:05.986 +0000
3753,468,309,2024-12-16 15:57:05.986 +0000
3760,1,415,2024-12-16 15:57:05.986 +0000
3768,483,415,2024-12-16 15:57:05.986 +0000
3773,213,476,2024-12-16 15:57:05.986 +0000
3780,481,36,2024-12-16 15:57:05.986 +0000
3781,260,468,2024-12-16 15:57:05.986 +0000
3785,260,374,2024-12-16 15:57:05.986 +0000
3805,430,213,2024-12-16 15:57:05.986 +0000
4453,388,463,2024-12-21 20:59:44.853 +0000
4465,447,468,2024-12-21 21:03:55.481 +0000
4482,447,321,2024-12-21 21:26:25.376 +0000
4492,571,500,2024-12-21 21:45:09.397 +0000
4507,574,448,2024-12-21 23:15:33.070 +0000
4513,515,525,2024-12-22 09:18:12.514 +0000
9525,1609,1027,2025-01-23 21:09:43.102 +0000
4537,565,195,2024-12-22 13:24:40.397 +0000
4553,588,444,2024-12-22 18:55:17.098 +0000
4576,591,293,2024-12-22 20:49:12.688 +0000
5206,684,458,2024-12-26 01:08:50.411 +0000
5270,692,501,2024-12-26 11:21:01.950 +0000
5281,692,484,2024-12-26 11:21:25.083 +0000
5307,692,243,2024-12-26 11:23:41.023 +0000
9528,913,1232,2025-01-23 21:23:11.653 +0000
5339,695,446,2024-12-26 12:35:33.923 +0000
9547,1333,1517,2025-01-23 21:57:11.641 +0000
7586,1022,832,2025-01-07 10:31:08.169 +0000
7588,1023,639,2025-01-07 12:02:49.289 +0000
9612,1104,151,2025-01-24 18:14:26.413 +0000
5436,717,29,2024-12-27 00:11:12.870 +0000
5443,717,48,2024-12-27 00:13:01.294 +0000
5471,726,655,2024-12-27 10:26:31.940 +0000
5500,692,194,2024-12-27 12:14:23.365 +0000
5507,586,151,2024-12-27 12:17:04.728 +0000
5511,728,500,2024-12-27 15:06:33.187 +0000
5513,728,388,2024-12-27 15:06:55.679 +0000
5519,728,542,2024-12-27 15:07:42.270 +0000
5536,489,135,2024-12-27 15:36:58.942 +0000
5542,707,56,2024-12-27 17:59:58.339 +0000
7682,561,23,2025-01-07 20:56:18.958 +0000
5562,735,413,2024-12-27 20:57:33.242 +0000
5618,738,233,2024-12-27 21:44:00.427 +0000
5642,738,79,2024-12-27 21:45:37.934 +0000
5659,738,448,2024-12-27 21:46:03.289 +0000
6720,845,113,2024-12-31 04:11:48.170 +0000
6743,847,489,2024-12-31 07:06:33.561 +0000
6774,848,748,2024-12-31 10:56:29.470 +0000
6788,370,154,2024-12-31 13:09:30.365 +0000
7688,1042,428,2025-01-07 21:15:15.231 +0000
7714,1053,385,2025-01-08 04:36:49.987 +0000
7721,1053,639,2025-01-08 04:40:20.294 +0000
7744,1057,512,2025-01-08 09:22:27.425 +0000
7755,1057,972,2025-01-08 09:25:28.043 +0000
7759,1022,802,2025-01-08 09:41:52.902 +0000
7800,1061,213,2025-01-08 17:18:07.062 +0000
9661,1566,1467,2025-01-24 21:43:10.321 +0000
7858,1080,216,2025-01-09 08:18:57.362 +0000
9672,213,1566,2025-01-24 22:46:46.985 +0000
7911,1086,588,2025-01-09 14:54:05.330 +0000
7915,1087,448,2025-01-09 15:10:22.114 +0000
7917,1087,180,2025-01-09 15:11:04.376 +0000
7928,1097,917,2025-01-09 17:33:40.828 +0000
7943,1102,845,2025-01-09 23:53:54.664 +0000
7960,1104,27,2025-01-10 09:39:34.138 +0000
9697,1683,1552,2025-01-25 02:58:47.885 +0000
8031,1122,436,2025-01-10 18:43:02.185 +0000
8038,1122,745,2025-01-10 18:44:20.878 +0000
8052,1138,771,2025-01-10 21:41:14.420 +0000
8056,1135,818,2025-01-10 21:48:31.529 +0000
8540,1042,876,2025-01-15 13:13:59.675 +0000
9723,242,400,2025-01-25 12:11:57.817 +0000
9730,242,1468,2025-01-25 12:16:45.046 +0000
8555,1313,511,2025-01-16 03:06:19.954 +0000
8566,1321,563,2025-01-16 17:24:24.486 +0000
8609,1332,347,2025-01-17 04:22:11.604 +0000
8640,1332,415,2025-01-17 22:39:48.185 +0000
8644,390,421,2025-01-18 02:06:43.322 +0000
8656,1356,36,2025-01-18 02:12:17.939 +0000
8675,1359,34,2025-01-18 02:48:10.602 +0000
8678,1359,167,2025-01-18 02:50:55.597 +0000
8683,1359,463,2025-01-18 02:51:34.391 +0000
8699,1365,56,2025-01-18 13:49:48.263 +0000
8706,1365,47,2025-01-18 13:50:55.649 +0000
8740,1391,413,2025-01-19 10:50:14.420 +0000
8763,1411,50,2025-01-19 15:17:43.571 +0000
9037,213,744,2025-01-21 13:08:07.183 +0000
9166,1534,1486,2025-01-22 03:11:10.346 +0000
9734,761,572,2025-01-25 13:04:19.695 +0000
10388,462,1381,2025-01-29 14:13:48.919 +0000
10804,2085,1929,2025-01-30 23:33:54.077 +0000
10824,2053,1683,2025-01-31 00:18:00.726 +0000
10846,2087,1480,2025-01-31 01:13:42.195 +0000
10874,2085,927,2025-01-31 03:08:47.291 +0000
10892,1585,572,2025-01-31 09:59:21.599 +0000
11094,1365,543,2025-02-01 01:41:36.508 +0000
11112,1798,1025,2025-02-01 04:55:45.410 +0000
11116,1798,1923,2025-02-01 04:57:07.711 +0000
11140,1798,818,2025-02-01 05:04:19.540 +0000
11142,1798,1021,2025-02-01 05:04:28.145 +0000
11153,1798,1079,2025-02-01 05:05:01.981 +0000
11200,411,1474,2025-02-01 13:02:56.937 +0000
11201,118,1,2025-02-01 13:03:15.218 +0000
11202,2136,205,2025-02-01 13:03:50.761 +0000
11210,2136,838,2025-02-01 13:07:28.029 +0000
11246,2020,802,2025-02-01 15:22:25.850 +0000
11264,213,1055,2025-02-01 19:21:16.267 +0000
11293,2159,802,2025-02-01 22:04:08.394 +0000
11308,1163,1391,2025-02-01 22:31:13.448 +0000
11314,1163,1483,2025-02-01 22:31:31.955 +0000
11457,927,832,2025-02-02 04:12:08.090 +0000
11551,2205,1468,2025-02-02 13:15:45.536 +0000
11573,468,300,2025-02-02 14:50:23.953 +0000
11598,2218,1364,2025-02-02 17:02:44.623 +0000
11668,2245,818,2025-02-02 22:54:56.310 +0000
11674,2245,1223,2025-02-02 22:56:38.535 +0000
11679,2245,1087,2025-02-02 22:58:37.555 +0000
11707,2288,1145,2025-02-03 07:47:03.459 +0000
11724,383,1130,2025-02-03 10:20:03.150 +0000
11731,1028,2218,2025-02-03 10:21:13.698 +0000
11786,2333,1880,2025-02-03 16:41:05.086 +0000
11850,2349,2345,2025-02-03 23:27:57.187 +0000
911,213,151,2024-12-16 15:57:05.986 +0000
932,213,201,2024-12-16 15:57:05.986 +0000
941,216,205,2024-12-16 15:57:05.986 +0000
944,216,87,2024-12-16 15:57:05.986 +0000
960,216,217,2024-12-16 15:57:05.986 +0000
1670,285,28,2024-12-16 15:57:05.986 +0000
1672,285,57,2024-12-16 15:57:05.986 +0000
9527,913,1169,2025-01-23 21:21:42.757 +0000
1682,280,55,2024-12-16 15:57:05.986 +0000
1686,280,88,2024-12-16 15:57:05.986 +0000
7618,976,699,2025-01-07 16:38:16.307 +0000
1708,296,180,2024-12-16 15:57:05.986 +0000
1721,27,36,2024-12-16 15:57:05.986 +0000
7633,1033,396,2025-01-07 18:38:31.382 +0000
1756,213,302,2024-12-16 15:57:05.986 +0000
1759,213,301,2024-12-16 15:57:05.986 +0000
1766,302,156,2024-12-16 15:57:05.986 +0000
1785,271,293,2024-12-16 15:57:05.986 +0000
1790,271,297,2024-12-16 15:57:05.986 +0000
1797,15,228,2024-12-16 15:57:05.986 +0000
1811,309,243,2024-12-16 15:57:05.986 +0000
7645,1034,573,2025-01-07 19:02:09.425 +0000
1826,313,48,2024-12-16 15:57:05.986 +0000
1840,213,312,2024-12-16 15:57:05.986 +0000
1845,213,317,2024-12-16 15:57:05.986 +0000
1852,260,314,2024-12-16 15:57:05.986 +0000
1860,300,8,2024-12-16 15:57:05.986 +0000
1865,300,213,2024-12-16 15:57:05.986 +0000
1884,323,54,2024-12-16 15:57:05.986 +0000
2680,351,201,2024-12-16 15:57:05.986 +0000
2683,351,310,2024-12-16 15:57:05.986 +0000
2690,406,37,2024-12-16 15:57:05.986 +0000
2702,298,27,2024-12-16 15:57:05.986 +0000
2715,380,34,2024-12-16 15:57:05.986 +0000
2734,411,21,2024-12-16 15:57:05.986 +0000
2755,147,265,2024-12-16 15:57:05.986 +0000
2759,147,320,2024-12-16 15:57:05.986 +0000
3688,476,15,2024-12-16 15:57:05.986 +0000
3690,476,79,2024-12-16 15:57:05.986 +0000
3726,468,85,2024-12-16 15:57:05.986 +0000
3734,468,167,2024-12-16 15:57:05.986 +0000
3747,468,374,2024-12-16 15:57:05.986 +0000
3752,468,274,2024-12-16 15:57:05.986 +0000
3788,260,362,2024-12-16 15:57:05.986 +0000
3791,388,465,2024-12-16 15:57:05.986 +0000
3799,147,12,2024-12-16 15:57:05.986 +0000
3802,260,476,2024-12-16 15:57:05.986 +0000
4463,447,472,2024-12-21 21:02:23.326 +0000
4470,447,333,2024-12-21 21:07:03.310 +0000
4536,565,213,2024-12-22 13:24:23.042 +0000
4544,585,37,2024-12-22 15:48:21.868 +0000
4557,588,550,2024-12-22 18:55:38.583 +0000
5207,684,419,2024-12-26 01:10:00.697 +0000
5215,684,316,2024-12-26 01:25:35.669 +0000
5220,684,315,2024-12-26 01:29:21.545 +0000
5238,213,528,2024-12-26 03:01:32.948 +0000
5252,692,76,2024-12-26 11:15:44.738 +0000
5284,692,242,2024-12-26 11:21:28.186 +0000
7680,1041,484,2025-01-07 20:55:45.428 +0000
5358,699,87,2024-12-26 15:51:20.176 +0000
7713,1052,522,2025-01-08 04:06:37.470 +0000
7717,1053,463,2025-01-08 04:38:54.905 +0000
9536,913,970,2025-01-23 21:28:17.964 +0000
9537,913,783,2025-01-23 21:28:43.019 +0000
5456,553,213,2024-12-27 06:21:02.876 +0000
5489,692,586,2024-12-27 12:13:36.238 +0000
5503,692,600,2024-12-27 12:14:26.413 +0000
5508,728,1,2024-12-27 15:05:40.107 +0000
5529,728,347,2024-12-27 15:30:03.149 +0000
5543,707,143,2024-12-27 18:02:28.901 +0000
5548,481,10,2024-12-27 19:24:27.183 +0000
5556,84,489,2024-12-27 20:32:12.210 +0000
5565,735,216,2024-12-27 21:05:12.554 +0000
5586,738,194,2024-12-27 21:38:31.438 +0000
5591,738,147,2024-12-27 21:38:41.850 +0000
5597,738,239,2024-12-27 21:38:46.345 +0000
5606,738,386,2024-12-27 21:38:51.535 +0000
5610,738,191,2024-12-27 21:38:56.202 +0000
5616,738,423,2024-12-27 21:43:10.314 +0000
5633,738,26,2024-12-27 21:44:37.906 +0000
5645,738,85,2024-12-27 21:45:41.963 +0000
5662,738,144,2024-12-27 21:46:05.877 +0000
6665,843,745,2024-12-31 00:56:12.203 +0000
6685,845,553,2024-12-31 04:02:18.579 +0000
6696,845,712,2024-12-31 04:03:38.354 +0000
6699,845,53,2024-12-31 04:08:02.551 +0000
6703,845,63,2024-12-31 04:10:16.093 +0000
6709,845,421,2024-12-31 04:11:31.360 +0000
6714,845,227,2024-12-31 04:11:41.562 +0000
6719,845,185,2024-12-31 04:11:47.239 +0000
6722,845,437,2024-12-31 04:11:50.007 +0000
6765,848,787,2024-12-31 10:56:10.074 +0000
6772,848,525,2024-12-31 10:56:25.027 +0000
6776,849,818,2024-12-31 11:47:01.998 +0000
6783,850,745,2024-12-31 13:06:57.177 +0000
7778,553,26,2025-01-08 13:06:22.321 +0000
7808,1065,832,2025-01-08 18:11:09.570 +0000
9684,1673,1517,2025-01-24 22:48:47.015 +0000
9719,850,1541,2025-01-25 11:51:59.982 +0000
9888,1083,1454,2025-01-26 20:05:28.616 +0000
7841,927,921,2025-01-08 23:14:30.804 +0000
7855,1080,57,2025-01-09 08:15:37.437 +0000
7871,1080,27,2025-01-09 08:28:56.232 +0000
7892,1084,415,2025-01-09 12:09:06.070 +0000
7938,1102,396,2025-01-09 23:53:28.257 +0000
7955,592,386,2025-01-10 07:39:15.829 +0000
7987,921,260,2025-01-10 13:10:30.979 +0000
8045,1129,639,2025-01-10 20:04:11.377 +0000
8543,707,465,2025-01-15 18:18:14.473 +0000
8558,1315,512,2025-01-16 06:57:01.999 +0000
8570,1321,845,2025-01-16 17:25:51.038 +0000
8579,843,37,2025-01-17 02:55:18.034 +0000
8611,1332,462,2025-01-17 04:26:21.728 +0000
8641,1332,430,2025-01-17 22:40:43.104 +0000
8642,1332,652,2025-01-17 22:51:34.314 +0000
8654,1356,55,2025-01-18 02:12:04.858 +0000
8665,1356,216,2025-01-18 02:14:24.409 +0000
8679,1359,239,2025-01-18 02:51:03.058 +0000
8693,1359,845,2025-01-18 02:56:21.399 +0000
8702,1365,76,2025-01-18 13:50:18.383 +0000
8748,1407,600,2025-01-19 13:48:06.483 +0000
8753,1409,414,2025-01-19 14:40:45.439 +0000
9007,1472,955,2025-01-21 07:51:44.585 +0000
9010,1473,468,2025-01-21 08:03:36.038 +0000
9032,213,1287,2025-01-21 13:03:52.556 +0000
9052,1487,48,2025-01-21 14:42:50.953 +0000
9167,1534,1193,2025-01-22 03:11:24.396 +0000
9220,1163,1491,2025-01-22 08:28:31.350 +0000
9230,361,512,2025-01-22 13:00:46.235 +0000
9247,1546,1319,2025-01-22 14:51:46.863 +0000
10027,1893,448,2025-01-27 14:34:19.655 +0000
10106,1913,1871,2025-01-27 20:43:29.818 +0000
10194,1957,972,2025-01-28 12:39:09.315 +0000
10197,1957,1517,2025-01-28 12:39:58.586 +0000
10207,1962,572,2025-01-28 14:26:16.302 +0000
10247,1982,1027,2025-01-28 20:59:52.018 +0000
10260,1989,1541,2025-01-28 22:04:15.823 +0000
10293,1992,1683,2025-01-28 23:27:03.056 +0000
10314,1998,1525,2025-01-29 09:03:11.493 +0000
10326,838,659,2025-01-29 13:00:27.500 +0000
10330,553,838,2025-01-29 13:01:37.985 +0000
10349,1365,1055,2025-01-29 13:11:52.038 +0000
10390,462,1480,2025-01-29 14:14:27.330 +0000
10816,2053,1028,2025-01-31 00:16:39.737 +0000
10865,1365,1483,2025-01-31 02:30:14.954 +0000
10895,1585,902,2025-01-31 10:00:07.371 +0000
11095,1365,802,2025-02-01 01:41:46.672 +0000
11097,1365,2049,2025-02-01 01:42:22.739 +0000
11117,1798,1075,2025-02-01 04:57:11.262 +0000
11131,1798,822,2025-02-01 05:03:27.066 +0000
11206,2136,293,2025-02-01 13:05:48.411 +0000
11253,2143,1027,2025-02-01 18:16:14.844 +0000
11262,2145,802,2025-02-01 19:21:00.524 +0000
11294,2159,670,2025-02-01 22:06:56.070 +0000
11331,2164,889,2025-02-01 23:41:37.239 +0000
11388,1462,1475,2025-02-02 00:37:43.940 +0000
11390,1462,519,2025-02-02 00:38:16.156 +0000
914,8,204,2024-12-16 15:57:05.986 +0000
940,216,204,2024-12-16 15:57:05.986 +0000
1671,285,26,2024-12-16 15:57:05.986 +0000
9532,913,745,2025-01-23 21:26:53.938 +0000
7603,913,281,2025-01-07 13:08:29.882 +0000
7627,980,242,2025-01-07 18:12:21.534 +0000
1684,280,33,2024-12-16 15:57:05.986 +0000
5208,684,586,2024-12-26 01:10:46.530 +0000
1710,213,294,2024-12-16 15:57:05.986 +0000
1735,294,171,2024-12-16 15:57:05.986 +0000
1743,302,180,2024-12-16 15:57:05.986 +0000
1751,302,27,2024-12-16 15:57:05.986 +0000
1779,305,95,2024-12-16 15:57:05.986 +0000
5212,684,488,2024-12-26 01:20:16.922 +0000
1808,213,305,2024-12-16 15:57:05.986 +0000
1843,213,315,2024-12-16 15:57:05.986 +0000
1868,15,110,2024-12-16 15:57:05.986 +0000
2681,351,396,2024-12-16 15:57:05.986 +0000
2688,406,29,2024-12-16 15:57:05.986 +0000
5216,684,37,2024-12-26 01:26:22.296 +0000
2704,298,121,2024-12-16 15:57:05.986 +0000
2711,298,233,2024-12-16 15:57:05.986 +0000
2722,410,32,2024-12-16 15:57:05.986 +0000
9544,1333,845,2025-01-23 21:57:04.035 +0000
2733,410,293,2024-12-16 15:57:05.986 +0000
2736,411,52,2024-12-16 15:57:05.986 +0000
2738,411,10,2024-12-16 15:57:05.986 +0000
2742,411,70,2024-12-16 15:57:05.986 +0000
2753,147,371,2024-12-16 15:57:05.986 +0000
2758,147,309,2024-12-16 15:57:05.986 +0000
3694,477,239,2024-12-16 15:57:05.986 +0000
3703,468,444,2024-12-16 15:57:05.986 +0000
3707,468,57,2024-12-16 15:57:05.986 +0000
3731,468,166,2024-12-16 15:57:05.986 +0000
3740,468,243,2024-12-16 15:57:05.986 +0000
3756,411,80,2024-12-16 15:57:05.986 +0000
3757,479,462,2024-12-16 15:57:05.986 +0000
3763,481,34,2024-12-16 15:57:05.986 +0000
3769,484,386,2024-12-16 15:57:05.986 +0000
3786,260,301,2024-12-16 15:57:05.986 +0000
5218,684,274,2024-12-26 01:28:32.632 +0000
5256,692,234,2024-12-26 11:15:53.946 +0000
5264,692,465,2024-12-26 11:20:35.310 +0000
5308,692,313,2024-12-26 11:23:43.067 +0000
5361,699,181,2024-12-26 15:51:35.119 +0000
7631,1033,879,2025-01-07 18:38:13.798 +0000
5411,705,396,2024-12-26 18:43:07.572 +0000
5412,706,388,2024-12-26 19:19:42.247 +0000
9553,1611,1585,2025-01-23 23:22:51.441 +0000
7647,1034,889,2025-01-07 19:03:05.291 +0000
5445,717,15,2024-12-27 00:13:54.010 +0000
5461,725,448,2024-12-27 07:31:40.025 +0000
9562,1614,670,2025-01-23 23:58:49.673 +0000
5490,692,124,2024-12-27 12:13:37.749 +0000
9595,417,1165,2025-01-24 17:30:22.303 +0000
5521,728,437,2024-12-27 15:07:47.205 +0000
5525,728,468,2024-12-27 15:08:35.421 +0000
5558,735,34,2024-12-27 20:51:49.901 +0000
5560,735,194,2024-12-27 20:56:33.160 +0000
5573,735,321,2024-12-27 21:12:31.684 +0000
5623,738,28,2024-12-27 21:44:17.444 +0000
5646,738,11,2024-12-27 21:45:42.920 +0000
5661,738,84,2024-12-27 21:46:04.970 +0000
5672,738,211,2024-12-27 21:53:36.786 +0000
6666,843,156,2024-12-31 00:56:13.324 +0000
6697,845,698,2024-12-31 04:03:44.202 +0000
6713,845,473,2024-12-31 04:11:36.422 +0000
6734,845,255,2024-12-31 04:13:50.281 +0000
6740,847,509,2024-12-31 07:04:44.203 +0000
6761,848,595,2024-12-31 10:55:34.367 +0000
6785,850,522,2024-12-31 13:07:33.552 +0000
12356,2236,1906,2025-02-05 21:25:28.719 +0000
7665,1039,879,2025-01-07 20:52:33.249 +0000
7758,1022,572,2025-01-08 09:33:20.130 +0000
7772,1058,207,2025-01-08 12:49:00.480 +0000
7794,1042,468,2025-01-08 15:09:30.274 +0000
7802,1061,561,2025-01-08 17:19:05.869 +0000
9902,927,242,2025-01-26 22:04:08.667 +0000
9903,1861,448,2025-01-27 02:06:43.679 +0000
9918,1875,512,2025-01-27 09:24:37.022 +0000
7852,832,1022,2025-01-09 07:14:31.934 +0000
7854,832,1065,2025-01-09 07:17:50.477 +0000
7883,1083,149,2025-01-09 10:18:38.368 +0000
9924,1875,961,2025-01-27 09:40:47.969 +0000
8044,1129,463,2025-01-10 20:03:54.702 +0000
8058,1139,879,2025-01-10 21:56:21.219 +0000
8072,1141,415,2025-01-10 23:41:58.787 +0000
8546,1310,347,2025-01-16 01:06:45.324 +0000
8556,1313,712,2025-01-16 04:18:50.977 +0000
8560,260,1174,2025-01-16 08:42:49.680 +0000
12397,2458,2182,2025-02-06 08:36:38.942 +0000
8577,1328,268,2025-01-16 23:59:23.596 +0000
8586,843,217,2025-01-17 02:56:24.283 +0000
8630,1339,380,2025-01-17 20:07:36.103 +0000
8676,1359,50,2025-01-18 02:48:39.061 +0000
12409,1785,1481,2025-02-06 09:23:53.267 +0000
8747,1407,316,2025-01-19 13:47:01.300 +0000
8770,1411,166,2025-01-19 15:20:13.647 +0000
9018,213,1178,2025-01-21 12:59:45.581 +0000
9048,1485,1027,2025-01-21 13:56:50.088 +0000
9053,1487,448,2025-01-21 14:42:52.468 +0000
9170,1534,1440,2025-01-22 03:11:56.235 +0000
9940,1877,1365,2025-01-27 10:44:05.781 +0000
12425,2460,2317,2025-02-06 12:13:35.121 +0000
9959,1325,1670,2025-01-27 13:03:39.517 +0000
10391,462,1641,2025-01-29 14:14:32.220 +0000
10821,2053,1486,2025-01-31 00:17:46.567 +0000
12448,447,735,2025-02-06 13:29:35.801 +0000
10859,1977,621,2025-01-31 01:43:49.338 +0000
10862,2088,1032,2025-01-31 01:51:28.160 +0000
10882,411,383,2025-01-31 07:54:49.688 +0000
10904,902,1585,2025-01-31 10:14:46.075 +0000
10909,1223,1450,2025-01-31 11:33:53.799 +0000
11098,1365,1928,2025-02-01 01:42:27.062 +0000
11126,1798,1937,2025-02-01 04:57:53.310 +0000
11145,1798,572,2025-02-01 05:04:44.318 +0000
11148,1798,1974,2025-02-01 05:04:50.607 +0000
11178,832,1586,2025-02-01 09:19:25.440 +0000
11209,2136,1534,2025-02-01 13:07:05.779 +0000
11248,2020,889,2025-02-01 15:24:05.128 +0000
11252,2143,1995,2025-02-01 18:15:35.532 +0000
11278,2020,1086,2025-02-01 20:59:18.212 +0000
11306,1163,1913,2025-02-01 22:31:02.305 +0000
12449,1937,447,2025-02-06 14:02:11.481 +0000
12488,1910,1411,2025-02-06 21:29:25.714 +0000
12531,2503,1525,2025-02-06 22:34:03.294 +0000
11575,2211,1122,2025-02-02 14:56:18.767 +0000
11612,2222,802,2025-02-02 18:13:09.192 +0000
11629,735,1287,2025-02-02 19:13:46.635 +0000
11787,2334,1929,2025-02-03 16:48:08.551 +0000
12608,2527,1130,2025-02-07 15:16:53.522 +0000
12006,2374,670,2025-02-04 16:39:35.101 +0000
12618,2527,2213,2025-02-07 15:20:54.162 +0000
12014,2374,1320,2025-02-04 16:40:02.254 +0000
12031,468,383,2025-02-04 17:31:58.189 +0000
12619,2143,1288,2025-02-07 15:21:06.779 +0000
12055,2396,1995,2025-02-04 20:14:50.724 +0000
12062,1262,475,2025-02-04 21:02:51.466 +0000
12632,2534,1206,2025-02-07 17:23:01.594 +0000
12637,2534,850,2025-02-07 17:26:50.915 +0000
12646,2542,1369,2025-02-07 19:17:05.901 +0000
12668,2562,1292,2025-02-07 22:23:41.179 +0000
12711,2565,465,2025-02-07 23:27:25.758 +0000
12737,2566,2315,2025-02-08 00:23:41.925 +0000
12738,2566,1339,2025-02-08 00:24:19.443 +0000
12745,2570,970,2025-02-08 00:51:05.563 +0000
12751,2570,1512,2025-02-08 00:52:20.285 +0000
12752,2570,1259,2025-02-08 00:52:25.490 +0000
12756,2570,1339,2025-02-08 00:52:56.550 +0000
12762,2570,768,2025-02-08 00:53:18.061 +0000
12765,2570,2171,2025-02-08 00:53:24.048 +0000
12766,2570,1407,2025-02-08 00:53:25.805 +0000
12775,2571,1611,2025-02-08 01:03:07.007 +0000
12776,2571,850,2025-02-08 01:03:10.871 +0000
12777,2571,443,2025-02-08 01:03:13.691 +0000
12781,2571,2496,2025-02-08 01:03:29.460 +0000
12783,2571,1257,2025-02-08 01:03:48.720 +0000
12784,2570,383,2025-02-08 01:08:49.821 +0000
12785,2570,1374,2025-02-08 01:08:55.102 +0000
12788,2570,271,2025-02-08 01:09:06.277 +0000
915,8,195,2024-12-16 15:57:05.986 +0000
921,8,207,2024-12-16 15:57:05.986 +0000
923,8,211,2024-12-16 15:57:05.986 +0000
7582,1020,655,2025-01-07 09:05:07.816 +0000
9535,913,902,2025-01-23 21:27:57.143 +0000
9570,1570,1286,2025-01-24 01:36:17.266 +0000
1716,27,54,2024-12-16 15:57:05.986 +0000
1733,294,124,2024-12-16 15:57:05.986 +0000
1746,302,85,2024-12-16 15:57:05.986 +0000
5209,684,413,2024-12-26 01:12:41.234 +0000
1761,300,77,2024-12-16 15:57:05.986 +0000
1773,304,15,2024-12-16 15:57:05.986 +0000
9579,1046,1257,2025-01-24 08:39:37.784 +0000
3697,477,472,2024-12-16 15:57:05.986 +0000
1825,311,217,2024-12-16 15:57:05.986 +0000
1867,15,43,2024-12-16 15:57:05.986 +0000
7635,1033,507,2025-01-07 18:39:32.516 +0000
1878,15,194,2024-12-16 15:57:05.986 +0000
5210,684,512,2024-12-26 01:15:34.924 +0000
12389,2457,1364,2025-02-06 07:47:33.814 +0000
2706,298,79,2024-12-16 15:57:05.986 +0000
2712,298,55,2024-12-16 15:57:05.986 +0000
2719,410,34,2024-12-16 15:57:05.986 +0000
2723,410,48,2024-12-16 15:57:05.986 +0000
7639,1033,929,2025-01-07 18:41:36.904 +0000
2735,411,31,2024-12-16 15:57:05.986 +0000
2739,10,50,2024-12-16 15:57:05.986 +0000
2746,242,243,2024-12-16 15:57:05.986 +0000
2750,147,239,2024-12-16 15:57:05.986 +0000
3710,468,49,2024-12-16 15:57:05.986 +0000
3776,213,482,2024-12-16 15:57:05.986 +0000
3783,260,319,2024-12-16 15:57:05.986 +0000
3804,260,452,2024-12-16 15:57:05.986 +0000
12401,2458,2359,2025-02-06 08:36:59.585 +0000
12452,2469,2307,2025-02-06 14:45:59.456 +0000
5254,692,201,2024-12-26 11:15:48.248 +0000
5282,692,506,2024-12-26 11:21:25.982 +0000
5312,380,572,2024-12-26 11:24:02.878 +0000
5332,692,50,2024-12-26 11:25:12.041 +0000
5338,695,554,2024-12-26 12:34:20.156 +0000
5421,597,213,2024-12-26 20:35:32.791 +0000
12467,2482,1369,2025-02-06 18:20:38.293 +0000
5442,717,37,2024-12-27 00:12:26.549 +0000
5444,717,52,2024-12-27 00:13:44.992 +0000
7675,1041,448,2025-01-07 20:54:49.561 +0000
5499,692,396,2024-12-27 12:14:22.097 +0000
7716,1053,414,2025-01-08 04:38:36.906 +0000
5553,271,415,2024-12-27 19:55:40.254 +0000
5588,738,124,2024-12-27 21:38:36.420 +0000
5617,738,54,2024-12-27 21:43:50.304 +0000
5650,738,166,2024-12-27 21:45:47.654 +0000
5658,738,68,2024-12-27 21:45:56.214 +0000
6667,843,124,2024-12-31 00:56:14.085 +0000
6684,845,417,2024-12-31 04:01:49.843 +0000
6712,845,143,2024-12-31 04:11:34.764 +0000
6736,845,319,2024-12-31 04:14:24.502 +0000
6748,847,573,2024-12-31 07:08:20.412 +0000
6762,848,802,2024-12-31 10:56:00.930 +0000
6769,848,385,2024-12-31 10:56:17.198 +0000
7734,1055,400,2025-01-08 07:53:27.471 +0000
7740,1057,448,2025-01-08 09:19:59.018 +0000
12482,2492,2342,2025-02-06 21:13:44.539 +0000
7797,1060,573,2025-01-08 16:42:11.467 +0000
12497,2493,970,2025-02-06 21:42:31.618 +0000
7809,1065,34,2025-01-08 18:11:20.020 +0000
12532,2503,1269,2025-02-06 22:34:16.950 +0000
7869,591,572,2025-01-09 08:28:52.356 +0000
7877,1082,260,2025-01-09 10:16:03.484 +0000
7889,1028,1025,2025-01-09 12:08:38.160 +0000
10398,2011,1350,2025-01-29 16:01:54.064 +0000
7912,1086,1031,2025-01-09 14:54:16.637 +0000
7913,1087,34,2025-01-09 15:09:10.254 +0000
7929,48,388,2025-01-09 21:30:11.978 +0000
10401,2011,970,2025-01-29 17:06:40.637 +0000
7973,883,802,2025-01-10 11:58:02.526 +0000
10907,1223,1378,2025-01-31 11:33:03.364 +0000
11101,1798,1703,2025-02-01 04:54:29.695 +0000
11120,1798,802,2025-02-01 04:57:33.596 +0000
8032,1122,427,2025-01-10 18:43:13.483 +0000
8043,1122,1063,2025-01-10 18:45:16.722 +0000
8074,1141,414,2025-01-10 23:42:01.685 +0000
8547,1310,436,2025-01-16 01:07:42.400 +0000
8548,1311,553,2025-01-16 01:09:03.390 +0000
8554,1313,538,2025-01-16 03:05:07.960 +0000
8563,1321,484,2025-01-16 17:23:24.063 +0000
8587,843,50,2025-01-17 02:57:20.302 +0000
8591,843,167,2025-01-17 02:57:50.323 +0000
8602,843,1079,2025-01-17 02:59:08.999 +0000
8613,1332,436,2025-01-17 04:27:47.248 +0000
8633,1339,600,2025-01-17 20:07:42.191 +0000
8739,1391,458,2025-01-19 10:49:56.403 +0000
8742,1391,463,2025-01-19 10:51:07.387 +0000
8752,1409,413,2025-01-19 14:40:18.130 +0000
8762,1411,37,2025-01-19 15:17:29.718 +0000
8772,1411,217,2025-01-19 15:20:16.436 +0000
8780,1411,374,2025-01-19 15:23:14.790 +0000
9021,213,935,2025-01-21 13:00:02.942 +0000
9022,213,1032,2025-01-21 13:00:16.881 +0000
9049,1485,1292,2025-01-21 13:56:55.838 +0000
9173,1534,1530,2025-01-22 03:12:09.460 +0000
9177,1468,1530,2025-01-22 03:12:47.081 +0000
9203,1080,1286,2025-01-22 07:52:40.616 +0000
9222,1163,149,2025-01-22 09:02:07.118 +0000
11631,2230,1871,2025-02-02 19:54:45.887 +0000
11640,2236,845,2025-02-02 21:01:33.318 +0000
11658,2245,1077,2025-02-02 22:50:05.052 +0000
11660,2245,1995,2025-02-02 22:51:08.536 +0000
11669,2245,606,2025-02-02 22:55:20.827 +0000
11713,2290,1510,2025-02-03 08:29:03.470 +0000
11716,2292,927,2025-02-03 09:27:29.914 +0000
11728,383,1292,2025-02-03 10:20:35.231 +0000
11736,2298,169,2025-02-03 10:32:02.047 +0000
11840,2150,902,2025-02-03 21:58:29.567 +0000
11862,1330,2218,2025-02-04 01:12:05.427 +0000
12577,2527,468,2025-02-07 13:44:27.370 +0000
11866,1330,2207,2025-02-04 01:15:56.157 +0000
12039,2394,1683,2025-02-04 20:00:18.657 +0000
12043,2394,745,2025-02-04 20:01:41.152 +0000
12046,2394,802,2025-02-04 20:02:17.157 +0000
12049,2395,440,2025-02-04 20:05:49.674 +0000
12097,468,1491,2025-02-04 22:19:21.901 +0000
12099,2409,448,2025-02-04 22:21:22.968 +0000
12591,2211,1045,2025-02-07 14:58:24.287 +0000
12604,2527,1381,2025-02-07 15:15:35.909 +0000
12611,2527,876,2025-02-07 15:17:40.017 +0000
12645,2542,512,2025-02-07 19:17:03.691 +0000
12653,2546,551,2025-02-07 21:12:43.236 +0000
12658,2547,1641,2025-02-07 21:16:29.435 +0000
12664,2551,1880,2025-02-07 21:54:32.656 +0000
12672,2562,2207,2025-02-07 22:24:27.453 +0000
12701,2565,791,2025-02-07 23:26:27.406 +0000
12704,2565,1278,2025-02-07 23:26:57.733 +0000
12706,2565,522,2025-02-07 23:27:18.160 +0000
12712,2565,1704,2025-02-07 23:27:27.029 +0000
12714,2565,2489,2025-02-07 23:27:51.962 +0000
12719,2565,1906,2025-02-07 23:28:05.077 +0000
12726,2565,1463,2025-02-07 23:29:21.189 +0000
12728,2566,1411,2025-02-08 00:02:56.494 +0000
12739,2566,1184,2025-02-08 00:24:52.113 +0000
12740,2566,2023,2025-02-08 00:26:42.400 +0000
12744,2570,1652,2025-02-08 00:51:00.469 +0000
12748,2570,2564,2025-02-08 00:52:00.340 +0000
12754,2570,1998,2025-02-08 00:52:37.075 +0000
12755,2570,1474,2025-02-08 00:52:42.042 +0000
12757,2570,1369,2025-02-08 00:53:01.015 +0000
12758,2570,2425,2025-02-08 00:53:05.061 +0000
12760,2570,149,2025-02-08 00:53:11.346 +0000
12763,2570,1614,2025-02-08 00:53:20.842 +0000
12764,2570,1286,2025-02-08 00:53:22.648 +0000
12768,2570,1992,2025-02-08 00:53:30.159 +0000
12770,2571,1645,2025-02-08 01:02:24.431 +0000
12771,2571,2098,2025-02-08 01:02:37.336 +0000
12772,2571,1337,2025-02-08 01:02:40.984 +0000
12774,2571,212,2025-02-08 01:02:47.366 +0000
12779,2571,1972,2025-02-08 01:03:23.530 +0000
12780,2571,2397,2025-02-08 01:03:27.463 +0000
12782,2571,2239,2025-02-08 01:03:32.919 +0000
12786,2570,481,2025-02-08 01:08:59.466 +0000
12787,2570,1977,2025-02-08 01:09:02.206 +0000
918,8,216,2024-12-16 15:57:05.986 +0000
955,213,216,2024-12-16 15:57:05.986 +0000
1678,213,284,2024-12-16 15:57:05.986 +0000
1694,280,126,2024-12-16 15:57:05.986 +0000
1711,213,296,2024-12-16 15:57:05.986 +0000
1718,27,52,2024-12-16 15:57:05.986 +0000
1725,27,11,2024-12-16 15:57:05.986 +0000
1752,213,30,2024-12-16 15:57:05.986 +0000
1765,302,166,2024-12-16 15:57:05.986 +0000
1770,305,28,2024-12-16 15:57:05.986 +0000
1780,305,266,2024-12-16 15:57:05.986 +0000
1786,271,300,2024-12-16 15:57:05.986 +0000
1789,271,304,2024-12-16 15:57:05.986 +0000
1792,70,32,2024-12-16 15:57:05.986 +0000
1805,274,254,2024-12-16 15:57:05.986 +0000
1817,311,76,2024-12-16 15:57:05.986 +0000
1835,316,240,2024-12-16 15:57:05.986 +0000
1841,213,313,2024-12-16 15:57:05.986 +0000
1858,300,49,2024-12-16 15:57:05.986 +0000
1871,15,118,2024-12-16 15:57:05.986 +0000
1879,321,119,2024-12-16 15:57:05.986 +0000
1885,323,85,2024-12-16 15:57:05.986 +0000
2689,406,274,2024-12-16 15:57:05.986 +0000
2693,406,2,2024-12-16 15:57:05.986 +0000
9539,913,1020,2025-01-23 21:31:02.270 +0000
2697,2,29,2024-12-16 15:57:05.986 +0000
2703,298,64,2024-12-16 15:57:05.986 +0000
2714,321,207,2024-12-16 15:57:05.986 +0000
2718,213,408,2024-12-16 15:57:05.986 +0000
2725,410,47,2024-12-16 15:57:05.986 +0000
2729,410,196,2024-12-16 15:57:05.986 +0000
2743,411,8,2024-12-16 15:57:05.986 +0000
2745,242,205,2024-12-16 15:57:05.986 +0000
2751,147,201,2024-12-16 15:57:05.986 +0000
3708,468,23,2024-12-16 15:57:05.986 +0000
3715,468,36,2024-12-16 15:57:05.986 +0000
3722,468,88,2024-12-16 15:57:05.986 +0000
3735,468,217,2024-12-16 15:57:05.986 +0000
5211,684,518,2024-12-26 01:15:57.019 +0000
3775,213,481,2024-12-16 15:57:05.986 +0000
3789,468,32,2024-12-16 15:57:05.986 +0000
5247,654,374,2024-12-26 04:00:28.023 +0000
5251,692,87,2024-12-26 11:15:22.222 +0000
5260,692,156,2024-12-26 11:20:30.765 +0000
5266,692,205,2024-12-26 11:20:38.105 +0000
5289,692,419,2024-12-26 11:21:32.324 +0000
5363,699,110,2024-12-26 15:52:58.318 +0000
5407,213,605,2024-12-26 18:16:05.910 +0000
5438,717,30,2024-12-27 00:11:20.537 +0000
5458,725,260,2024-12-27 07:30:01.296 +0000
5468,726,707,2024-12-27 10:15:26.243 +0000
5514,728,483,2024-12-27 15:07:01.449 +0000
5524,728,463,2024-12-27 15:08:16.054 +0000
7585,1021,396,2025-01-07 09:14:33.357 +0000
5585,738,207,2024-12-27 21:38:21.028 +0000
5601,738,126,2024-12-27 21:38:48.564 +0000
5634,738,110,2024-12-27 21:44:38.939 +0000
5643,738,143,2024-12-27 21:45:39.445 +0000
5676,738,195,2024-12-27 21:53:42.247 +0000
5689,738,298,2024-12-27 21:54:19.819 +0000
6668,843,180,2024-12-31 00:56:14.870 +0000
9554,1611,1223,2025-01-23 23:23:06.266 +0000
6688,845,768,2024-12-31 04:03:22.779 +0000
6741,847,443,2024-12-31 07:05:49.766 +0000
6745,847,552,2024-12-31 07:07:15.986 +0000
6766,848,771,2024-12-31 10:56:11.342 +0000
7596,913,285,2025-01-07 13:08:15.515 +0000
9566,1614,169,2025-01-24 00:05:08.688 +0000
7685,1042,31,2025-01-07 21:12:47.374 +0000
7686,1042,465,2025-01-07 21:13:28.747 +0000
7689,1042,448,2025-01-07 21:15:18.756 +0000
7691,1042,470,2025-01-07 21:21:37.560 +0000
7718,1053,484,2025-01-08 04:39:54.344 +0000
7732,1055,347,2025-01-08 07:52:56.652 +0000
7738,1056,802,2025-01-08 08:26:21.584 +0000
7741,1057,396,2025-01-08 09:20:00.652 +0000
7749,1057,889,2025-01-08 09:24:01.502 +0000
7791,553,863,2025-01-08 14:53:04.773 +0000
7798,1060,966,2025-01-08 16:43:39.432 +0000
7804,1061,634,2025-01-08 17:19:35.006 +0000
7811,1065,181,2025-01-08 18:13:15.672 +0000
7826,1072,639,2025-01-08 22:00:57.870 +0000
9578,1614,1331,2025-01-24 07:36:17.442 +0000
9928,1877,867,2025-01-27 10:41:09.115 +0000
7936,1101,512,2025-01-09 22:56:52.409 +0000
7941,1102,347,2025-01-09 23:53:46.412 +0000
7952,1020,427,2025-01-10 07:17:22.020 +0000
7979,921,1083,2025-01-10 12:56:58.132 +0000
9938,1877,1032,2025-01-27 10:43:10.045 +0000
8030,1122,274,2025-01-10 18:42:33.458 +0000
8033,1122,309,2025-01-10 18:43:27.551 +0000
8041,1122,921,2025-01-10 18:45:03.338 +0000
8046,1129,719,2025-01-10 20:04:36.392 +0000
8057,1139,525,2025-01-10 21:55:00.576 +0000
8065,1101,791,2025-01-10 22:46:10.474 +0000
8551,1311,1047,2025-01-16 01:09:18.074 +0000
9953,1325,1570,2025-01-27 13:02:58.033 +0000
8593,843,240,2025-01-17 02:58:02.747 +0000
12332,1262,1292,2025-02-05 20:18:05.682 +0000
8616,1332,748,2025-01-17 18:07:23.236 +0000
8619,1332,787,2025-01-17 18:31:15.611 +0000
8625,1339,413,2025-01-17 20:06:54.990 +0000
8638,1332,845,2025-01-17 22:39:12.490 +0000
8647,1356,57,2025-01-18 02:09:11.817 +0000
8649,1356,80,2025-01-18 02:10:50.658 +0000
8660,1356,85,2025-01-18 02:13:12.741 +0000
8667,1356,359,2025-01-18 02:14:36.745 +0000
8674,1356,941,2025-01-18 02:15:30.895 +0000
8682,1359,414,2025-01-18 02:51:27.789 +0000
8684,1359,518,2025-01-18 02:53:01.473 +0000
8705,1365,462,2025-01-18 13:50:46.862 +0000
9962,1340,1325,2025-01-27 13:03:52.452 +0000
8737,1391,448,2025-01-19 10:49:10.877 +0000
12362,1949,1369,2025-02-05 23:12:49.095 +0000
8754,1409,522,2025-01-19 14:41:50.738 +0000
8769,1411,121,2025-01-19 15:19:39.836 +0000
8778,1411,522,2025-01-19 15:22:52.740 +0000
8783,1411,274,2025-01-19 15:23:31.280 +0000
8793,1411,465,2025-01-19 15:25:05.633 +0000
9026,213,1313,2025-01-21 13:00:47.580 +0000
9178,1534,1468,2025-01-22 03:15:05.808 +0000
9209,1080,1030,2025-01-22 07:58:32.699 +0000
9212,1163,448,2025-01-22 08:11:15.108 +0000
9240,621,1356,2025-01-22 13:05:10.071 +0000
9242,1544,1115,2025-01-22 14:33:58.109 +0000
9259,1489,1028,2025-01-22 16:24:11.280 +0000
9969,1325,241,2025-01-27 13:08:13.946 +0000
9975,1325,1046,2025-01-27 13:10:56.851 +0000
12366,2449,1010,2025-02-05 23:44:27.077 +0000
10397,1916,1468,2025-01-29 16:01:15.707 +0000
12416,2461,1021,2025-02-06 11:23:52.469 +0000
10919,2109,501,2025-01-31 13:03:36.806 +0000
10936,1589,542,2025-01-31 13:36:44.935 +0000
10938,1589,816,2025-01-31 13:36:55.662 +0000
10965,1491,1332,2025-01-31 14:23:51.227 +0000
10970,2111,1590,2025-01-31 14:27:11.981 +0000
10972,213,2049,2025-01-31 14:36:38.577 +0000
11017,213,1259,2025-01-31 14:45:38.332 +0000
11021,213,2007,2025-01-31 14:46:31.699 +0000
12469,2482,1450,2025-02-06 18:20:45.327 +0000
11110,1798,2049,2025-02-01 04:55:29.711 +0000
11130,1798,876,2025-02-01 04:58:06.355 +0000
11132,1798,1050,2025-02-01 05:03:28.989 +0000
11195,213,1417,2025-02-01 12:13:13.287 +0000
12478,2488,1369,2025-02-06 20:45:01.645 +0000
12480,735,2443,2025-02-06 21:07:40.182 +0000
11211,2136,1877,2025-02-01 13:07:34.613 +0000
11315,1163,1977,2025-02-01 22:31:33.672 +0000
12486,2492,845,2025-02-06 21:14:16.551 +0000
12489,2491,1020,2025-02-06 21:39:37.072 +0000
11632,2230,242,2025-02-02 19:54:55.161 +0000
11659,2245,767,2025-02-02 22:50:45.743 +0000
12500,2491,512,2025-02-06 21:42:35.454 +0000
11824,2150,522,2025-02-03 21:57:16.953 +0000
11878,260,1028,2025-02-04 08:54:59.959 +0000
12044,2394,1145,2025-02-04 20:02:07.706 +0000
12059,2397,1590,2025-02-04 20:35:16.354 +0000
12069,1262,2218,2025-02-04 21:04:34.842 +0000
12091,519,1981,2025-02-04 22:01:31.654 +0000
12092,2407,1364,2025-02-04 22:04:51.544 +0000
922,8,213,2024-12-16 15:57:05.986 +0000
928,213,191,2024-12-16 15:57:05.986 +0000
942,216,143,2024-12-16 15:57:05.986 +0000
949,216,215,2024-12-16 15:57:05.986 +0000
952,213,147,2024-12-16 15:57:05.986 +0000
959,216,207,2024-12-16 15:57:05.986 +0000
965,201,143,2024-12-16 15:57:05.986 +0000
9541,913,932,2025-01-23 21:31:57.213 +0000
1692,280,144,2024-12-16 15:57:05.986 +0000
7600,913,317,2025-01-07 13:08:22.363 +0000
1727,298,56,2024-12-16 15:57:05.986 +0000
1736,294,167,2024-12-16 15:57:05.986 +0000
1745,302,135,2024-12-16 15:57:05.986 +0000
1749,302,124,2024-12-16 15:57:05.986 +0000
1769,305,227,2024-12-16 15:57:05.986 +0000
5213,684,374,2024-12-26 01:21:55.243 +0000
1794,274,88,2024-12-16 15:57:05.986 +0000
1801,274,23,2024-12-16 15:57:05.986 +0000
1806,274,213,2024-12-16 15:57:05.986 +0000
1813,309,239,2024-12-16 15:57:05.986 +0000
1821,311,124,2024-12-16 15:57:05.986 +0000
1828,313,144,2024-12-16 15:57:05.986 +0000
1836,316,309,2024-12-16 15:57:05.986 +0000
1837,213,310,2024-12-16 15:57:05.986 +0000
1842,213,314,2024-12-16 15:57:05.986 +0000
1847,15,309,2024-12-16 15:57:05.986 +0000
1872,15,198,2024-12-16 15:57:05.986 +0000
3711,468,56,2024-12-16 15:57:05.986 +0000
9545,1333,1369,2025-01-23 21:57:07.069 +0000
3754,468,347,2024-12-16 15:57:05.986 +0000
3772,213,473,2024-12-16 15:57:05.986 +0000
3777,213,477,2024-12-16 15:57:05.986 +0000
3794,48,151,2024-12-16 15:57:05.986 +0000
3795,260,199,2024-12-16 15:57:05.986 +0000
3800,147,154,2024-12-16 15:57:05.986 +0000
5235,213,496,2024-12-26 03:01:28.010 +0000
9585,1288,1021,2025-01-24 14:43:03.642 +0000
7620,1029,525,2025-01-07 17:20:10.149 +0000
5300,692,274,2024-12-26 11:21:57.830 +0000
5317,692,34,2024-12-26 11:24:16.263 +0000
5319,692,413,2024-12-26 11:24:39.614 +0000
5327,692,359,2024-12-26 11:24:57.472 +0000
5334,692,85,2024-12-26 11:25:13.728 +0000
5357,699,54,2024-12-26 15:51:17.373 +0000
7628,1028,815,2025-01-07 18:23:41.218 +0000
7724,1022,430,2025-01-08 04:47:20.215 +0000
7729,1055,771,2025-01-08 07:47:57.459 +0000
5420,597,260,2024-12-26 20:35:27.876 +0000
9610,1104,417,2025-01-24 18:09:27.164 +0000
5495,692,235,2024-12-27 12:14:05.264 +0000
5522,728,385,2024-12-27 15:08:03.390 +0000
5576,736,525,2024-12-27 21:13:33.867 +0000
5590,738,230,2024-12-27 21:38:40.736 +0000
5594,321,110,2024-12-27 21:38:45.133 +0000
5605,738,205,2024-12-27 21:38:50.578 +0000
5609,738,21,2024-12-27 21:38:54.851 +0000
5614,739,413,2024-12-27 21:40:39.037 +0000
5629,738,12,2024-12-27 21:44:26.061 +0000
5678,738,469,2024-12-27 21:53:44.504 +0000
5687,738,8,2024-12-27 21:54:17.360 +0000
6669,843,194,2024-12-31 00:56:16.506 +0000
6694,845,585,2024-12-31 04:03:35.287 +0000
6700,845,27,2024-12-31 04:08:18.696 +0000
6708,845,126,2024-12-31 04:11:29.965 +0000
6732,845,302,2024-12-31 04:13:42.913 +0000
6790,850,802,2024-12-31 13:30:42.355 +0000
7805,883,518,2025-01-08 17:47:44.459 +0000
7812,1068,400,2025-01-08 20:54:53.828 +0000
9678,213,1515,2025-01-24 22:48:02.369 +0000
9729,242,1236,2025-01-25 12:15:50.258 +0000
7840,1075,621,2025-01-08 23:08:49.950 +0000
9733,761,512,2025-01-25 13:03:52.361 +0000
7867,1080,233,2025-01-09 08:28:30.117 +0000
7916,1087,121,2025-01-09 15:10:48.960 +0000
7937,1101,518,2025-01-09 22:56:59.152 +0000
7957,1104,119,2025-01-10 09:37:59.081 +0000
9925,1875,1083,2025-01-27 09:41:02.440 +0000
9927,1877,845,2025-01-27 10:40:49.316 +0000
8035,1122,706,2025-01-10 18:44:01.230 +0000
8063,1101,760,2025-01-10 22:45:54.411 +0000
8068,1101,889,2025-01-10 22:46:43.944 +0000
8562,9,216,2025-01-16 14:13:11.752 +0000
8565,1321,468,2025-01-16 17:24:03.944 +0000
8600,843,845,2025-01-17 02:58:49.089 +0000
8605,843,1223,2025-01-17 02:59:15.261 +0000
8614,1332,455,2025-01-17 08:31:25.140 +0000
8622,1339,488,2025-01-17 20:06:19.065 +0000
8639,1332,543,2025-01-17 22:39:16.433 +0000
8681,1359,243,2025-01-18 02:51:23.828 +0000
8738,1391,386,2025-01-19 10:49:29.908 +0000
8751,1409,448,2025-01-19 14:39:49.296 +0000
8761,448,1175,2025-01-19 15:15:18.869 +0000
8773,1411,239,2025-01-19 15:20:17.703 +0000
8779,1411,419,2025-01-19 15:23:05.659 +0000
9027,213,1193,2025-01-21 13:01:05.554 +0000
9204,1080,867,2025-01-22 07:53:34.858 +0000
9214,1163,966,2025-01-22 08:11:32.089 +0000
9943,1877,1468,2025-01-27 10:46:23.347 +0000
9223,1163,1534,2025-01-22 09:02:11.723 +0000
9947,9,271,2025-01-27 13:00:26.109 +0000
9968,1325,1283,2025-01-27 13:07:34.427 +0000
10402,903,464,2025-01-29 17:20:51.553 +0000
10404,903,970,2025-01-29 17:20:57.797 +0000
10441,1487,1320,2025-01-29 18:57:35.966 +0000
10453,1977,560,2025-01-29 20:46:57.299 +0000
10458,1977,1391,2025-01-29 20:47:05.140 +0000
10471,370,339,2025-01-29 21:13:54.991 +0000
10495,1977,11,2025-01-29 21:21:41.270 +0000
10496,1977,149,2025-01-29 21:21:42.793 +0000
10497,1977,241,2025-01-29 21:21:44.992 +0000
10504,2020,1104,2025-01-29 21:25:57.941 +0000
10514,1977,47,2025-01-29 21:44:36.033 +0000
10515,1977,95,2025-01-29 21:44:46.444 +0000
10521,2020,834,2025-01-29 22:20:39.047 +0000
10526,2020,1998,2025-01-29 22:37:04.090 +0000
10560,2032,1526,2025-01-30 02:40:41.561 +0000
10563,2032,1785,2025-01-30 02:42:21.567 +0000
10570,1918,1449,2025-01-30 03:05:08.953 +0000
10574,1918,1553,2025-01-30 03:05:24.868 +0000
10584,1798,1450,2025-01-30 05:12:10.071 +0000
10589,1798,1236,2025-01-30 05:12:45.565 +0000
10591,1798,1320,2025-01-30 05:12:48.958 +0000
10623,2031,1021,2025-01-30 10:29:22.684 +0000
10627,2031,1292,2025-01-30 10:29:46.450 +0000
10635,2036,1483,2025-01-30 11:58:25.215 +0000
10638,2036,1683,2025-01-30 11:59:14.346 +0000
10649,2046,1525,2025-01-30 12:43:09.730 +0000
10667,735,370,2025-01-30 13:06:04.082 +0000
10709,2063,205,2025-01-30 19:23:45.043 +0000
10712,2063,1288,2025-01-30 19:26:45.472 +0000
10723,2065,1457,2025-01-30 19:40:03.755 +0000
10741,2067,760,2025-01-30 20:17:06.953 +0000
10815,2053,484,2025-01-31 00:16:28.191 +0000
10849,2087,1621,2025-01-31 01:14:22.063 +0000
10858,1977,572,2025-01-31 01:43:46.893 +0000
10875,2085,1020,2025-01-31 03:09:53.037 +0000
10891,1585,2030,2025-01-31 09:59:00.835 +0000
10893,1585,760,2025-01-31 09:59:27.343 +0000
10911,2107,1027,2025-01-31 12:53:13.546 +0000
10915,2109,760,2025-01-31 13:03:11.192 +0000
10934,260,542,2025-01-31 13:27:17.760 +0000
10966,1491,1480,2025-01-31 14:24:01.944 +0000
11036,1416,553,2025-01-31 14:52:13.942 +0000
11040,1416,1898,2025-01-31 14:52:19.221 +0000
11111,1798,977,2025-02-01 04:55:39.913 +0000
11124,1798,970,2025-02-01 04:57:43.259 +0000
11137,1798,1924,2025-02-01 05:03:54.014 +0000
11162,2092,1974,2025-02-01 08:14:53.596 +0000
11666,2245,970,2025-02-02 22:53:53.521 +0000
11667,2245,1449,2025-02-02 22:54:44.953 +0000
11678,2245,1369,2025-02-02 22:58:31.219 +0000
11702,735,1467,2025-02-03 01:27:49.348 +0000
11704,1977,2205,2025-02-03 05:03:49.970 +0000
11727,383,1025,2025-02-03 10:20:33.118 +0000
11806,2294,1480,2025-02-03 19:29:21.967 +0000
11836,2150,818,2025-02-03 21:58:16.668 +0000
11854,2349,2307,2025-02-03 23:31:31.954 +0000
11858,735,1651,2025-02-04 00:36:31.106 +0000
12056,2396,1010,2025-02-04 20:17:19.382 +0000
12067,1262,1095,2025-02-04 21:03:44.048 +0000
927,213,197,2024-12-16 15:57:05.986 +0000
948,216,195,2024-12-16 15:57:05.986 +0000
956,8,217,2024-12-16 15:57:05.986 +0000
1680,213,285,2024-12-16 15:57:05.986 +0000
1681,280,56,2024-12-16 15:57:05.986 +0000
9550,1611,902,2025-01-23 23:07:53.530 +0000
1693,280,11,2024-12-16 15:57:05.986 +0000
1715,27,53,2024-12-16 15:57:05.986 +0000
1724,27,146,2024-12-16 15:57:05.986 +0000
1730,294,85,2024-12-16 15:57:05.986 +0000
1738,300,24,2024-12-16 15:57:05.986 +0000
1764,302,149,2024-12-16 15:57:05.986 +0000
1772,304,24,2024-12-16 15:57:05.986 +0000
1775,304,233,2024-12-16 15:57:05.986 +0000
1783,306,230,2024-12-16 15:57:05.986 +0000
1787,271,301,2024-12-16 15:57:05.986 +0000
1802,274,31,2024-12-16 15:57:05.986 +0000
1810,213,306,2024-12-16 15:57:05.986 +0000
1812,309,240,2024-12-16 15:57:05.986 +0000
1814,302,223,2024-12-16 15:57:05.986 +0000
1818,311,87,2024-12-16 15:57:05.986 +0000
1827,313,50,2024-12-16 15:57:05.986 +0000
1838,213,309,2024-12-16 15:57:05.986 +0000
1856,213,319,2024-12-16 15:57:05.986 +0000
1876,15,145,2024-12-16 15:57:05.986 +0000
9567,1262,15,2025-01-24 01:15:25.152 +0000
3725,468,135,2024-12-16 15:57:05.986 +0000
3741,468,302,2024-12-16 15:57:05.986 +0000
3745,468,319,2024-12-16 15:57:05.986 +0000
3766,213,469,2024-12-16 15:57:05.986 +0000
3803,260,310,2024-12-16 15:57:05.986 +0000
9577,1614,1621,2025-01-24 07:36:03.704 +0000
5244,654,309,2024-12-26 03:59:52.301 +0000
5249,690,488,2024-12-26 09:22:22.412 +0000
7605,913,330,2025-01-07 13:08:34.938 +0000
5277,692,468,2024-12-26 11:21:08.841 +0000
5298,692,339,2024-12-26 11:21:55.910 +0000
5322,692,462,2024-12-26 11:24:51.204 +0000
7615,976,507,2025-01-07 16:38:12.344 +0000
5362,699,233,2024-12-26 15:52:46.205 +0000
7621,1029,572,2025-01-07 17:20:16.430 +0000
7648,1034,670,2025-01-07 19:03:23.148 +0000
7693,1042,475,2025-01-07 21:22:12.154 +0000
7711,1052,448,2025-01-08 04:05:17.968 +0000
7728,1055,465,2025-01-08 07:47:39.981 +0000
5467,726,712,2024-12-27 10:13:31.938 +0000
5485,692,713,2024-12-27 12:13:13.726 +0000
5518,728,396,2024-12-27 15:07:28.962 +0000
5546,707,88,2024-12-27 18:02:44.688 +0000
9581,1632,1027,2025-01-24 10:23:02.298 +0000
5579,735,707,2024-12-27 21:15:38.736 +0000
5595,738,156,2024-12-27 21:38:45.306 +0000
5636,738,30,2024-12-27 21:44:40.952 +0000
5648,738,37,2024-12-27 21:45:44.954 +0000
5683,738,200,2024-12-27 21:53:49.972 +0000
6670,843,706,2024-12-31 00:56:18.146 +0000
6706,845,157,2024-12-31 04:11:27.604 +0000
6730,845,460,2024-12-31 04:13:12.562 +0000
6779,849,789,2024-12-31 11:47:11.918 +0000
6787,850,400,2024-12-31 13:08:31.761 +0000
7739,1057,48,2025-01-08 09:19:17.230 +0000
7748,1057,794,2025-01-08 09:23:57.284 +0000
7765,1058,151,2025-01-08 12:48:25.125 +0000
7771,1058,149,2025-01-08 12:48:56.349 +0000
7775,553,143,2025-01-08 13:05:47.318 +0000
7859,1080,542,2025-01-09 08:19:27.490 +0000
12492,2491,2096,2025-02-06 21:40:29.379 +0000
7899,1086,396,2025-01-09 13:42:03.122 +0000
9673,213,1473,2025-01-24 22:46:50.666 +0000
9687,213,1574,2025-01-24 22:57:32.247 +0000
9699,1683,475,2025-01-25 02:59:30.060 +0000
9714,850,1269,2025-01-25 11:51:38.536 +0000
8019,876,927,2025-01-10 14:49:01.942 +0000
8572,1321,1027,2025-01-16 17:26:24.373 +0000
8576,1042,405,2025-01-16 23:17:56.414 +0000
8581,843,166,2025-01-17 02:55:53.692 +0000
8608,1332,522,2025-01-17 04:21:26.984 +0000
8618,1332,670,2025-01-17 18:07:33.060 +0000
8627,1339,525,2025-01-17 20:07:24.970 +0000
8632,1339,427,2025-01-17 20:07:38.613 +0000
8636,1339,760,2025-01-17 20:07:46.112 +0000
8652,1356,51,2025-01-18 02:11:43.582 +0000
8657,1356,24,2025-01-18 02:12:28.288 +0000
8671,1356,621,2025-01-18 02:14:58.061 +0000
8672,1356,846,2025-01-18 02:15:13.797 +0000
12494,2493,194,2025-02-06 21:42:06.144 +0000
8750,683,407,2025-01-19 14:12:14.062 +0000
8766,1411,146,2025-01-19 15:19:06.302 +0000
8788,1411,822,2025-01-19 15:24:43.947 +0000
9061,1487,1031,2025-01-21 16:30:51.856 +0000
12579,2527,2020,2025-02-07 13:45:09.472 +0000
12597,2211,551,2025-02-07 15:02:39.847 +0000
9258,1489,1095,2025-01-22 16:24:10.007 +0000
10403,903,791,2025-01-29 17:20:56.272 +0000
10405,903,1021,2025-01-29 17:20:59.479 +0000
10408,903,1027,2025-01-29 17:21:01.836 +0000
10414,1977,921,2025-01-29 18:09:07.287 +0000
10415,1977,935,2025-01-29 18:09:18.293 +0000
10454,1977,623,2025-01-29 20:47:00.045 +0000
10566,2032,1996,2025-01-30 02:43:20.649 +0000
10597,1798,1621,2025-01-30 05:13:07.517 +0000
10605,2036,1411,2025-01-30 09:19:01.022 +0000
12607,2527,1350,2025-02-07 15:16:29.629 +0000
10666,735,1600,2025-01-30 13:05:33.738 +0000
10681,1592,1365,2025-01-30 14:30:23.672 +0000
10683,1365,1861,2025-01-30 14:37:45.130 +0000
10701,2058,205,2025-01-30 18:46:39.771 +0000
10722,2065,1202,2025-01-30 19:39:43.729 +0000
10731,2067,1434,2025-01-30 20:12:46.702 +0000
10763,2067,1234,2025-01-30 20:18:46.777 +0000
12614,2143,2211,2025-02-07 15:20:06.326 +0000
10782,654,970,2025-01-30 22:34:33.178 +0000
10787,654,1079,2025-01-30 22:34:38.694 +0000
10912,1108,2058,2025-01-31 13:00:39.814 +0000
10913,2109,720,2025-01-31 13:02:54.261 +0000
10928,2109,465,2025-01-31 13:05:14.202 +0000
10973,213,2085,2025-01-31 14:36:43.664 +0000
10983,12,1391,2025-01-31 14:37:44.810 +0000
10994,1083,12,2025-01-31 14:38:43.899 +0000
12624,271,465,2025-02-07 15:34:41.446 +0000
12626,2527,1234,2025-02-07 15:54:21.596 +0000
11054,1416,1928,2025-01-31 14:54:17.962 +0000
11066,205,460,2025-01-31 18:16:51.358 +0000
11118,1798,543,2025-02-01 04:57:19.265 +0000
11134,1798,670,2025-02-01 05:03:31.744 +0000
12648,2546,1517,2025-02-07 21:10:58.150 +0000
11207,118,1356,2025-02-01 13:06:18.381 +0000
11220,978,829,2025-02-01 13:08:17.889 +0000
12656,2547,2342,2025-02-07 21:15:03.166 +0000
11236,1365,1924,2025-02-01 13:25:14.401 +0000
11680,2245,802,2025-02-02 22:58:47.815 +0000
11681,2245,2207,2025-02-02 22:59:00.695 +0000
11683,2245,977,2025-02-02 22:59:17.280 +0000
11749,2307,1217,2025-02-03 11:38:00.347 +0000
11760,2315,1083,2025-02-03 12:54:54.194 +0000
11809,2345,2307,2025-02-03 21:36:56.704 +0000
11828,2150,845,2025-02-03 21:57:34.925 +0000
11834,2150,1292,2025-02-03 21:58:09.013 +0000
11855,2349,1486,2025-02-03 23:31:42.917 +0000
11859,735,2033,2025-02-04 00:36:35.573 +0000
11868,1330,1512,2025-02-04 01:25:53.313 +0000
11875,260,1216,2025-02-04 08:54:50.961 +0000
11884,2361,1450,2025-02-04 11:33:25.488 +0000
11895,761,1025,2025-02-04 13:00:46.653 +0000
12660,2547,2218,2025-02-07 21:18:04.086 +0000
12666,2549,2551,2025-02-07 22:00:13.394 +0000
11966,2374,1467,2025-02-04 16:33:54.033 +0000
11978,2374,921,2025-02-04 16:36:58.263 +0000
11981,2374,1483,2025-02-04 16:37:19.942 +0000
12048,2395,1027,2025-02-04 20:05:07.675 +0000
12060,2399,2233,2025-02-04 20:53:26.364 +0000
12089,1163,2404,2025-02-04 21:58:09.916 +0000
12096,468,1468,2025-02-04 22:18:43.988 +0000
12667,2562,1871,2025-02-07 22:23:23.294 +0000
12678,2562,1234,2025-02-07 22:25:33.814 +0000
12679,2562,468,2025-02-07 22:25:36.276 +0000
12680,2562,748,2025-02-07 22:25:39.556 +0000
12684,2562,1032,2025-02-07 22:28:12.270 +0000
12694,2564,1286,2025-02-07 22:45:37.319 +0000
953,213,204,2024-12-16 15:57:05.986 +0000
961,201,8,2024-12-16 15:57:05.986 +0000
964,201,63,2024-12-16 15:57:05.986 +0000
967,215,23,2024-12-16 15:57:05.986 +0000
9564,1614,1278,2025-01-24 00:03:56.716 +0000
969,145,23,2024-12-16 15:57:05.986 +0000
970,8,223,2024-12-16 15:57:05.986 +0000
971,8,227,2024-12-16 15:57:05.986 +0000
9569,1570,1517,2025-01-24 01:36:01.353 +0000
973,213,223,2024-12-16 15:57:05.986 +0000
975,8,228,2024-12-16 15:57:05.986 +0000
976,228,8,2024-12-16 15:57:05.986 +0000
977,228,197,2024-12-16 15:57:05.986 +0000
978,228,192,2024-12-16 15:57:05.986 +0000
979,228,195,2024-12-16 15:57:05.986 +0000
980,228,215,2024-12-16 15:57:05.986 +0000
7597,913,275,2025-01-07 13:08:16.573 +0000
983,213,228,2024-12-16 15:57:05.986 +0000
7610,976,388,2025-01-07 16:38:06.012 +0000
7625,1031,977,2025-01-07 17:55:39.190 +0000
7667,1039,171,2025-01-07 20:52:39.722 +0000
7669,1039,201,2025-01-07 20:53:09.242 +0000
7672,1041,832,2025-01-07 20:54:21.729 +0000
7679,1041,561,2025-01-07 20:55:40.993 +0000
7684,1042,655,2025-01-07 21:12:34.531 +0000
7690,1042,388,2025-01-07 21:16:26.933 +0000
7699,1044,802,2025-01-07 22:12:09.602 +0000
7720,1053,572,2025-01-08 04:40:17.774 +0000
7727,1054,525,2025-01-08 06:20:24.660 +0000
7735,1055,977,2025-01-08 07:54:06.908 +0000
996,48,119,2024-12-16 15:57:05.986 +0000
997,48,148,2024-12-16 15:57:05.986 +0000
998,48,125,2024-12-16 15:57:05.986 +0000
999,48,121,2024-12-16 15:57:05.986 +0000
1000,48,113,2024-12-16 15:57:05.986 +0000
1001,48,64,2024-12-16 15:57:05.986 +0000
1002,48,66,2024-12-16 15:57:05.986 +0000
1003,48,70,2024-12-16 15:57:05.986 +0000
1004,48,79,2024-12-16 15:57:05.986 +0000
1005,48,88,2024-12-16 15:57:05.986 +0000
1006,48,76,2024-12-16 15:57:05.986 +0000
1007,48,87,2024-12-16 15:57:05.986 +0000
1008,48,85,2024-12-16 15:57:05.986 +0000
1009,48,147,2024-12-16 15:57:05.986 +0000
1010,48,149,2024-12-16 15:57:05.986 +0000
1011,48,126,2024-12-16 15:57:05.986 +0000
1012,48,124,2024-12-16 15:57:05.986 +0000
1013,180,171,2024-12-16 15:57:05.986 +0000
1014,148,194,2024-12-16 15:57:05.986 +0000
1015,213,155,2024-12-16 15:57:05.986 +0000
1017,8,230,2024-12-16 15:57:05.986 +0000
1018,216,230,2024-12-16 15:57:05.986 +0000
1019,216,198,2024-12-16 15:57:05.986 +0000
1020,213,36,2024-12-16 15:57:05.986 +0000
1021,234,23,2024-12-16 15:57:05.986 +0000
7745,1057,518,2025-01-08 09:22:29.725 +0000
1024,145,230,2024-12-16 15:57:05.986 +0000
1025,8,233,2024-12-16 15:57:05.986 +0000
1026,8,238,2024-12-16 15:57:05.986 +0000
1027,8,235,2024-12-16 15:57:05.986 +0000
1028,8,236,2024-12-16 15:57:05.986 +0000
1029,213,118,2024-12-16 15:57:05.986 +0000
1030,213,230,2024-12-16 15:57:05.986 +0000
1031,213,233,2024-12-16 15:57:05.986 +0000
1032,213,72,2024-12-16 15:57:05.986 +0000
1033,213,113,2024-12-16 15:57:05.986 +0000
1034,213,145,2024-12-16 15:57:05.986 +0000
1035,213,87,2024-12-16 15:57:05.986 +0000
1036,213,124,2024-12-16 15:57:05.986 +0000
1037,213,150,2024-12-16 15:57:05.986 +0000
1038,213,185,2024-12-16 15:57:05.986 +0000
1039,201,118,2024-12-16 15:57:05.986 +0000
1040,201,23,2024-12-16 15:57:05.986 +0000
1041,201,15,2024-12-16 15:57:05.986 +0000
1042,201,230,2024-12-16 15:57:05.986 +0000
1043,201,233,2024-12-16 15:57:05.986 +0000
1044,213,194,2024-12-16 15:57:05.986 +0000
1045,213,200,2024-12-16 15:57:05.986 +0000
1046,213,210,2024-12-16 15:57:05.986 +0000
1047,213,238,2024-12-16 15:57:05.986 +0000
1048,213,240,2024-12-16 15:57:05.986 +0000
1049,213,235,2024-12-16 15:57:05.986 +0000
1050,213,239,2024-12-16 15:57:05.986 +0000
1051,213,236,2024-12-16 15:57:05.986 +0000
1052,8,240,2024-12-16 15:57:05.986 +0000
1053,8,239,2024-12-16 15:57:05.986 +0000
7753,1057,1050,2025-01-08 09:24:07.033 +0000
1055,241,233,2024-12-16 15:57:05.986 +0000
1056,241,8,2024-12-16 15:57:05.986 +0000
1057,8,241,2024-12-16 15:57:05.986 +0000
1058,213,241,2024-12-16 15:57:05.986 +0000
1059,15,233,2024-12-16 15:57:05.986 +0000
1060,15,199,2024-12-16 15:57:05.986 +0000
1061,15,243,2024-12-16 15:57:05.986 +0000
1062,15,240,2024-12-16 15:57:05.986 +0000
1063,15,213,2024-12-16 15:57:05.986 +0000
1064,15,239,2024-12-16 15:57:05.986 +0000
1065,15,236,2024-12-16 15:57:05.986 +0000
1066,8,243,2024-12-16 15:57:05.986 +0000
1067,213,243,2024-12-16 15:57:05.986 +0000
1068,199,148,2024-12-16 15:57:05.986 +0000
1069,157,135,2024-12-16 15:57:05.986 +0000
1070,157,76,2024-12-16 15:57:05.986 +0000
1071,246,135,2024-12-16 15:57:05.986 +0000
7767,1058,143,2025-01-08 12:48:42.807 +0000
1074,246,166,2024-12-16 15:57:05.986 +0000
1075,246,239,2024-12-16 15:57:05.986 +0000
1076,246,233,2024-12-16 15:57:05.986 +0000
1078,246,230,2024-12-16 15:57:05.986 +0000
1079,8,245,2024-12-16 15:57:05.986 +0000
1080,213,246,2024-12-16 15:57:05.986 +0000
1081,213,245,2024-12-16 15:57:05.986 +0000
1082,28,63,2024-12-16 15:57:05.986 +0000
1083,216,228,2024-12-16 15:57:05.986 +0000
1084,216,238,2024-12-16 15:57:05.986 +0000
1085,216,208,2024-12-16 15:57:05.986 +0000
1086,216,200,2024-12-16 15:57:05.986 +0000
1087,216,155,2024-12-16 15:57:05.986 +0000
1088,216,185,2024-12-16 15:57:05.986 +0000
1089,216,145,2024-12-16 15:57:05.986 +0000
1090,216,72,2024-12-16 15:57:05.986 +0000
1091,216,233,2024-12-16 15:57:05.986 +0000
1092,216,227,2024-12-16 15:57:05.986 +0000
1093,216,118,2024-12-16 15:57:05.986 +0000
1094,216,246,2024-12-16 15:57:05.986 +0000
1095,216,223,2024-12-16 15:57:05.986 +0000
1096,216,212,2024-12-16 15:57:05.986 +0000
1097,216,214,2024-12-16 15:57:05.986 +0000
1098,216,243,2024-12-16 15:57:05.986 +0000
1099,216,245,2024-12-16 15:57:05.986 +0000
1100,216,235,2024-12-16 15:57:05.986 +0000
1101,216,239,2024-12-16 15:57:05.986 +0000
1102,8,247,2024-12-16 15:57:05.986 +0000
1103,213,247,2024-12-16 15:57:05.986 +0000
1104,216,247,2024-12-16 15:57:05.986 +0000
1105,216,241,2024-12-16 15:57:05.986 +0000
1106,216,236,2024-12-16 15:57:05.986 +0000
1107,228,233,2024-12-16 15:57:05.986 +0000
1108,228,113,2024-12-16 15:57:05.986 +0000
1109,228,145,2024-12-16 15:57:05.986 +0000
7780,553,233,2025-01-08 13:06:29.617 +0000
1111,228,143,2024-12-16 15:57:05.986 +0000
1112,228,238,2024-12-16 15:57:05.986 +0000
1113,228,217,2024-12-16 15:57:05.986 +0000
1114,228,200,2024-12-16 15:57:05.986 +0000
1115,216,240,2024-12-16 15:57:05.986 +0000
1116,8,246,2024-12-16 15:57:05.986 +0000
1118,208,72,2024-12-16 15:57:05.986 +0000
1119,208,200,2024-12-16 15:57:05.986 +0000
1121,9,118,2024-12-16 15:57:05.986 +0000
1122,216,36,2024-12-16 15:57:05.986 +0000
1123,243,28,2024-12-16 15:57:05.986 +0000
1124,243,135,2024-12-16 15:57:05.986 +0000
1125,37,233,2024-12-16 15:57:05.986 +0000
1126,8,110,2024-12-16 15:57:05.986 +0000
1127,8,67,2024-12-16 15:57:05.986 +0000
1128,8,95,2024-12-16 15:57:05.986 +0000
1129,8,248,2024-12-16 15:57:05.986 +0000
1130,8,234,2024-12-16 15:57:05.986 +0000
1131,8,156,2024-12-16 15:57:05.986 +0000
7787,553,216,2025-01-08 13:09:17.508 +0000
1133,8,146,2024-12-16 15:57:05.986 +0000
1134,191,37,2024-12-16 15:57:05.986 +0000
1135,147,33,2024-12-16 15:57:05.986 +0000
1136,147,34,2024-12-16 15:57:05.986 +0000
1137,147,5,2024-12-16 15:57:05.986 +0000
1138,216,29,2024-12-16 15:57:05.986 +0000
1139,216,12,2024-12-16 15:57:05.986 +0000
1140,216,5,2024-12-16 15:57:05.986 +0000
1141,216,34,2024-12-16 15:57:05.986 +0000
1142,216,37,2024-12-16 15:57:05.986 +0000
1143,216,33,2024-12-16 15:57:05.986 +0000
1144,216,26,2024-12-16 15:57:05.986 +0000
1145,216,53,2024-12-16 15:57:05.986 +0000
1146,216,51,2024-12-16 15:57:05.986 +0000
1147,216,57,2024-12-16 15:57:05.986 +0000
7792,1028,1022,2025-01-08 14:59:32.595 +0000
1148,63,29,2024-12-16 15:57:05.986 +0000
1151,1,229,2024-12-16 15:57:05.986 +0000
7602,913,279,2025-01-07 13:08:28.140 +0000
1167,216,66,2024-12-16 15:57:05.986 +0000
1175,213,33,2024-12-16 15:57:05.986 +0000
1183,201,53,2024-12-16 15:57:05.986 +0000
1188,254,119,2024-12-16 15:57:05.986 +0000
1193,254,53,2024-12-16 15:57:05.986 +0000
1198,254,49,2024-12-16 15:57:05.986 +0000
7630,1033,448,2025-01-07 18:37:46.950 +0000
1211,149,230,2024-12-16 15:57:05.986 +0000
1213,216,146,2024-12-16 15:57:05.986 +0000
1216,213,31,2024-12-16 15:57:05.986 +0000
1218,213,50,2024-12-16 15:57:05.986 +0000
1685,280,121,2024-12-16 15:57:05.986 +0000
9565,1614,1450,2025-01-24 00:04:12.059 +0000
1709,271,12,2024-12-16 15:57:05.986 +0000
1719,27,48,2024-12-16 15:57:05.986 +0000
1722,27,72,2024-12-16 15:57:05.986 +0000
9576,1595,745,2025-01-24 06:57:39.316 +0000
1732,294,181,2024-12-16 15:57:05.986 +0000
9586,1236,1483,2025-01-24 15:11:52.045 +0000
1771,305,26,2024-12-16 15:57:05.986 +0000
1778,305,279,2024-12-16 15:57:05.986 +0000
1781,306,54,2024-12-16 15:57:05.986 +0000
1791,271,302,2024-12-16 15:57:05.986 +0000
1799,15,254,2024-12-16 15:57:05.986 +0000
1816,311,230,2024-12-16 15:57:05.986 +0000
1823,311,171,2024-12-16 15:57:05.986 +0000
1830,315,215,2024-12-16 15:57:05.986 +0000
1849,15,313,2024-12-16 15:57:05.986 +0000
1851,260,274,2024-12-16 15:57:05.986 +0000
1854,260,318,2024-12-16 15:57:05.986 +0000
1883,323,135,2024-12-16 15:57:05.986 +0000
3790,388,419,2024-12-16 15:57:05.986 +0000
3793,388,448,2024-12-16 15:57:05.986 +0000
5219,684,144,2024-12-26 01:29:00.770 +0000
5223,684,135,2024-12-26 01:30:30.076 +0000
5241,213,548,2024-12-26 03:01:35.857 +0000
5253,692,37,2024-12-26 11:15:46.339 +0000
7676,1041,386,2025-01-07 20:54:51.604 +0000
5333,692,518,2024-12-26 11:25:12.867 +0000
5352,698,468,2024-12-26 15:48:22.185 +0000
7687,1042,385,2025-01-07 21:15:04.690 +0000
7694,1042,419,2025-01-07 21:32:22.035 +0000
5418,597,572,2024-12-26 20:35:23.312 +0000
7703,1045,522,2025-01-07 23:19:52.708 +0000
5453,710,156,2024-12-27 01:45:35.676 +0000
9598,417,1262,2025-01-24 17:31:35.411 +0000
5520,728,452,2024-12-27 15:07:44.890 +0000
5526,728,415,2024-12-27 15:08:36.630 +0000
12349,2236,2222,2025-02-05 21:25:14.759 +0000
5574,736,550,2024-12-27 21:12:53.610 +0000
5598,321,52,2024-12-27 21:38:46.699 +0000
5615,739,561,2024-12-27 21:40:48.163 +0000
5630,738,27,2024-12-27 21:44:27.252 +0000
5670,448,572,2024-12-27 21:53:34.482 +0000
7742,1057,414,2025-01-08 09:20:01.866 +0000
6672,843,239,2024-12-31 00:56:22.434 +0000
6682,844,500,2024-12-31 01:10:38.304 +0000
6733,845,470,2024-12-31 04:13:45.447 +0000
6737,845,542,2024-12-31 04:14:28.800 +0000
6750,847,623,2024-12-31 07:11:06.518 +0000
9602,417,1381,2025-01-24 17:33:18.863 +0000
6759,735,845,2024-12-31 10:28:45.294 +0000
12352,2236,1381,2025-02-05 21:25:20.250 +0000
7769,1058,147,2025-01-08 12:48:51.135 +0000
9611,1104,126,2025-01-24 18:14:20.216 +0000
9682,1673,1269,2025-01-24 22:48:20.287 +0000
12358,2211,885,2025-02-05 22:38:24.383 +0000
7873,1080,329,2025-01-09 08:31:45.796 +0000
7901,1086,600,2025-01-09 13:49:31.233 +0000
9691,213,1596,2025-01-24 22:57:55.391 +0000
7939,1102,463,2025-01-09 23:53:29.579 +0000
7948,1020,79,2025-01-10 07:15:01.517 +0000
7956,592,413,2025-01-10 07:39:18.259 +0000
7988,921,683,2025-01-10 13:10:33.231 +0000
7990,1108,725,2025-01-10 13:35:08.975 +0000
9716,850,1356,2025-01-25 11:51:45.318 +0000
8042,1122,927,2025-01-10 18:45:14.293 +0000
8048,1130,29,2025-01-10 21:04:35.718 +0000
8054,1135,181,2025-01-10 21:43:01.367 +0000
8061,1101,600,2025-01-10 22:45:30.309 +0000
8578,843,87,2025-01-17 02:54:24.999 +0000
8592,843,423,2025-01-17 02:58:01.354 +0000
8597,843,274,2025-01-17 02:58:21.061 +0000
8624,1339,448,2025-01-17 20:06:54.394 +0000
8631,1339,472,2025-01-17 20:07:37.353 +0000
8653,1356,56,2025-01-18 02:11:54.245 +0000
8673,1356,47,2025-01-18 02:15:21.843 +0000
8704,1365,458,2025-01-18 13:50:33.668 +0000
12541,1389,2407,2025-02-06 23:44:54.369 +0000
8755,1409,436,2025-01-19 14:42:08.300 +0000
8774,1411,191,2025-01-19 15:21:02.508 +0000
8781,1411,272,2025-01-19 15:23:22.554 +0000
8790,1411,1084,2025-01-19 15:24:47.995 +0000
9062,1487,1480,2025-01-21 16:31:25.278 +0000
12549,2523,2442,2025-02-07 03:33:52.464 +0000
9197,1080,447,2025-01-22 07:46:25.945 +0000
9957,1325,1340,2025-01-27 13:03:28.506 +0000
12550,2523,1450,2025-02-07 03:34:06.493 +0000
9970,1325,707,2025-01-27 13:08:45.528 +0000
12555,2211,850,2025-02-07 06:17:42.615 +0000
12568,2527,2469,2025-02-07 13:29:28.083 +0000
10023,300,1365,2025-01-27 13:16:29.226 +0000
10049,1325,430,2025-01-27 17:44:49.673 +0000
10075,1906,1369,2025-01-27 18:46:39.467 +0000
10077,1262,1877,2025-01-27 19:10:01.176 +0000
10081,1907,902,2025-01-27 19:28:33.953 +0000
10092,1909,1607,2025-01-27 19:50:09.166 +0000
10123,1918,1604,2025-01-27 21:29:33.873 +0000
12576,2527,484,2025-02-07 13:43:15.957 +0000
12587,271,1929,2025-02-07 14:55:17.904 +0000
10159,1935,468,2025-01-28 02:47:23.181 +0000
10184,553,1945,2025-01-28 10:49:44.433 +0000
10406,903,1021,2025-01-29 17:20:59.520 +0000
10409,903,1077,2025-01-29 17:21:03.297 +0000
10417,1977,1287,2025-01-29 18:09:53.758 +0000
10467,1178,448,2025-01-29 21:11:34.198 +0000
10483,1178,572,2025-01-29 21:16:59.655 +0000
10502,2020,748,2025-01-29 21:24:42.147 +0000
10518,2020,1992,2025-01-29 21:52:00.179 +0000
10914,2109,87,2025-01-31 13:03:07.599 +0000
10945,1785,2032,2025-01-31 13:48:01.466 +0000
10975,213,48,2025-01-31 14:36:51.673 +0000
10988,12,481,2025-01-31 14:38:06.113 +0000
11046,1416,271,2025-01-31 14:53:06.289 +0000
11063,1365,1580,2025-01-31 18:06:14.803 +0000
11135,1798,512,2025-02-01 05:03:33.696 +0000
11177,832,1570,2025-02-01 09:18:54.938 +0000
11229,978,1450,2025-02-01 13:09:57.732 +0000
11239,1367,1063,2025-02-01 14:22:49.051 +0000
11263,213,1365,2025-02-01 19:21:13.566 +0000
11275,2150,135,2025-02-01 20:50:45.057 +0000
11302,1163,1364,2025-02-01 22:28:25.701 +0000
11337,1462,717,2025-02-02 00:28:16.102 +0000
11395,2175,242,2025-02-02 01:20:57.255 +0000
11415,927,1703,2025-02-02 02:13:40.050 +0000
11417,927,260,2025-02-02 02:14:47.987 +0000
11463,2186,1566,2025-02-02 05:16:17.040 +0000
11556,2209,1935,2025-02-02 13:49:45.343 +0000
11602,2218,468,2025-02-02 17:03:13.556 +0000
11609,1272,213,2025-02-02 17:30:56.849 +0000
11686,2245,1585,2025-02-02 22:59:49.306 +0000
11688,2245,464,2025-02-02 23:00:07.241 +0000
11810,2345,448,2025-02-03 21:37:11.960 +0000
11838,2150,1585,2025-02-03 21:58:21.440 +0000
11848,2348,2233,2025-02-03 23:19:18.813 +0000
11856,1027,1204,2025-02-03 23:40:03.126 +0000
11870,1330,867,2025-02-04 01:26:44.916 +0000
11873,260,1130,2025-02-04 08:52:37.893 +0000
11897,761,1483,2025-02-04 13:01:29.260 +0000
11898,1378,2111,2025-02-04 13:05:32.814 +0000
11901,1990,867,2025-02-04 13:14:37.568 +0000
12066,1262,1468,2025-02-04 21:03:38.615 +0000
12072,1262,1486,2025-02-04 21:05:27.654 +0000
12084,1163,1581,2025-02-04 21:44:00.118 +0000
12108,1893,1248,2025-02-05 01:26:48.910 +0000
1149,216,48,2024-12-16 15:57:05.986 +0000
1160,216,80,2024-12-16 15:57:05.986 +0000
1163,216,121,2024-12-16 15:57:05.986 +0000
1172,213,5,2024-12-16 15:57:05.986 +0000
1177,213,26,2024-12-16 15:57:05.986 +0000
1181,201,227,2024-12-16 15:57:05.986 +0000
1195,254,54,2024-12-16 15:57:05.986 +0000
7606,913,274,2025-01-07 13:08:36.460 +0000
1221,213,49,2024-12-16 15:57:05.986 +0000
1223,216,31,2024-12-16 15:57:05.986 +0000
1687,280,87,2024-12-16 15:57:05.986 +0000
1700,294,87,2024-12-16 15:57:05.986 +0000
1712,213,293,2024-12-16 15:57:05.986 +0000
1714,27,32,2024-12-16 15:57:05.986 +0000
5221,684,201,2024-12-26 01:29:24.740 +0000
1739,300,36,2024-12-16 15:57:05.986 +0000
9568,1570,1586,2025-01-24 01:33:58.737 +0000
1758,213,297,2024-12-16 15:57:05.986 +0000
3797,147,447,2024-12-16 15:57:05.986 +0000
1762,302,66,2024-12-16 15:57:05.986 +0000
1768,305,119,2024-12-16 15:57:05.986 +0000
1798,15,260,2024-12-16 15:57:05.986 +0000
1807,213,304,2024-12-16 15:57:05.986 +0000
1819,311,135,2024-12-16 15:57:05.986 +0000
1850,260,297,2024-12-16 15:57:05.986 +0000
1861,300,271,2024-12-16 15:57:05.986 +0000
1869,15,230,2024-12-16 15:57:05.986 +0000
1875,15,143,2024-12-16 15:57:05.986 +0000
5224,542,600,2024-12-26 01:58:02.711 +0000
5273,692,492,2024-12-26 11:21:05.133 +0000
5286,692,463,2024-12-26 11:21:30.075 +0000
7611,976,213,2025-01-07 16:38:07.898 +0000
9967,1325,1448,2025-01-27 13:07:14.221 +0000
5397,213,547,2024-12-26 17:19:06.247 +0000
7666,1039,156,2025-01-07 20:52:38.343 +0000
5402,213,615,2024-12-26 18:15:17.121 +0000
5424,711,397,2024-12-26 21:39:38.533 +0000
5431,717,23,2024-12-27 00:09:49.768 +0000
5432,717,233,2024-12-27 00:10:09.558 +0000
5463,725,417,2024-12-27 07:32:59.557 +0000
7712,1052,196,2025-01-08 04:05:27.717 +0000
5486,692,720,2024-12-27 12:13:16.790 +0000
5502,692,54,2024-12-27 12:14:25.498 +0000
5527,728,489,2024-12-27 15:29:56.682 +0000
9978,260,1508,2025-01-27 13:12:32.526 +0000
5592,738,149,2024-12-27 21:38:43.134 +0000
5602,738,121,2024-12-27 21:38:49.562 +0000
5607,738,415,2024-12-27 21:38:52.627 +0000
5627,738,57,2024-12-27 21:44:22.702 +0000
5651,738,145,2024-12-27 21:45:48.575 +0000
7751,1057,1022,2025-01-08 09:24:04.768 +0000
5667,738,413,2024-12-27 21:47:01.840 +0000
5669,738,278,2024-12-27 21:53:33.425 +0000
5675,738,482,2024-12-27 21:53:41.076 +0000
5685,738,201,2024-12-27 21:54:14.592 +0000
6673,843,121,2024-12-31 00:56:23.790 +0000
6710,845,151,2024-12-31 04:11:32.382 +0000
6725,845,149,2024-12-31 04:12:00.127 +0000
6768,848,347,2024-12-31 10:56:15.487 +0000
7781,553,24,2025-01-08 13:06:36.382 +0000
7796,1060,410,2025-01-08 16:41:46.870 +0000
7801,1061,260,2025-01-08 17:18:50.100 +0000
8585,843,48,2025-01-17 02:56:22.672 +0000
8594,843,243,2025-01-17 02:58:04.486 +0000
8598,843,339,2025-01-17 02:58:23.335 +0000
8623,1339,48,2025-01-17 20:06:45.284 +0000
8629,1339,347,2025-01-17 20:07:31.976 +0000
8635,1339,791,2025-01-17 20:07:44.895 +0000
8686,1359,347,2025-01-18 02:54:01.685 +0000
8691,1359,720,2025-01-18 02:55:35.254 +0000
8694,1359,921,2025-01-18 02:56:49.471 +0000
8695,1359,927,2025-01-18 02:57:16.350 +0000
8707,1365,444,2025-01-18 13:52:51.850 +0000
12374,1785,1924,2025-02-06 00:20:54.719 +0000
12420,2361,1483,2025-02-06 11:42:37.934 +0000
8764,1411,76,2025-01-19 15:18:33.530 +0000
8785,1411,742,2025-01-19 15:24:38.700 +0000
8792,1411,972,2025-01-19 15:24:58.129 +0000
12437,2001,913,2025-02-06 13:11:31.512 +0000
9063,1487,1364,2025-01-21 16:31:31.109 +0000
9085,1506,1079,2025-01-21 18:44:16.280 +0000
12447,2467,1144,2025-02-06 13:29:18.252 +0000
9195,1080,377,2025-01-22 07:44:44.616 +0000
9196,1080,966,2025-01-22 07:45:34.334 +0000
9210,1080,941,2025-01-22 08:00:26.001 +0000
9213,1163,468,2025-01-22 08:11:30.420 +0000
9227,1148,1079,2025-01-22 10:29:32.560 +0000
10038,1487,1288,2025-01-27 15:14:45.221 +0000
12460,2477,1477,2025-02-06 16:16:30.731 +0000
10407,903,1021,2025-01-29 17:20:59.575 +0000
12511,1890,260,2025-02-06 21:48:49.933 +0000
12523,2503,1027,2025-02-06 22:33:41.019 +0000
10451,1977,388,2025-01-29 20:46:54.009 +0000
10477,1178,347,2025-01-29 21:15:01.950 +0000
10534,1104,1574,2025-01-29 22:53:40.789 +0000
10539,2030,1283,2025-01-30 01:02:22.382 +0000
10549,2032,1325,2025-01-30 02:36:45.125 +0000
10555,2032,1995,2025-01-30 02:38:42.062 +0000
12529,2503,1412,2025-02-06 22:33:58.509 +0000
10572,1526,1169,2025-01-30 03:05:15.211 +0000
10617,1585,212,2025-01-30 09:46:31.560 +0000
10628,2031,1369,2025-01-30 10:30:02.350 +0000
10668,735,519,2025-01-30 13:06:09.217 +0000
10682,1365,1193,2025-01-30 14:37:43.271 +0000
10726,2020,1272,2025-01-30 20:00:52.831 +0000
10756,2067,506,2025-01-30 20:18:36.483 +0000
10776,1377,760,2025-01-30 22:32:53.124 +0000
10791,654,1995,2025-01-30 22:34:42.300 +0000
10801,1487,1248,2025-01-30 23:29:29.545 +0000
12543,2521,816,2025-02-06 23:59:50.231 +0000
10921,1258,1365,2025-01-31 13:03:39.684 +0000
10977,213,2011,2025-01-31 14:36:58.082 +0000
10996,213,1913,2025-01-31 14:39:46.083 +0000
11000,213,1474,2025-01-31 14:43:17.635 +0000
11008,213,661,2025-01-31 14:44:23.103 +0000
11019,213,1512,2025-01-31 14:45:54.285 +0000
12558,260,1481,2025-02-07 11:14:09.602 +0000
12559,2525,1510,2025-02-07 11:20:27.599 +0000
11136,1798,889,2025-02-01 05:03:40.259 +0000
12563,2525,1369,2025-02-07 11:27:10.483 +0000
11163,2092,501,2025-02-01 08:15:06.556 +0000
11812,2150,1130,2025-02-03 21:56:08.960 +0000
11817,2150,1552,2025-02-03 21:56:31.146 +0000
11826,2150,1055,2025-02-03 21:57:25.704 +0000
11832,2150,436,2025-02-03 21:57:46.959 +0000
11842,2150,1027,2025-02-03 21:58:33.345 +0000
11882,2347,2204,2025-02-04 11:32:01.453 +0000
11886,2361,745,2025-02-04 11:35:09.600 +0000
11904,436,1937,2025-02-04 14:28:57.277 +0000
12593,271,1130,2025-02-07 14:58:51.471 +0000
12606,2527,670,2025-02-07 15:16:15.498 +0000
12609,2527,1552,2025-02-07 15:17:09.288 +0000
12612,2527,2177,2025-02-07 15:18:11.530 +0000
11985,2374,1873,2025-02-04 16:37:56.915 +0000
12004,2374,713,2025-02-04 16:39:29.438 +0000
12012,2374,1540,2025-02-04 16:39:48.717 +0000
12021,2377,921,2025-02-04 17:19:24.454 +0000
12029,2349,1641,2025-02-04 17:29:36.984 +0000
12032,468,2218,2025-02-04 17:32:34.124 +0000
12061,2400,1364,2025-02-04 21:01:19.434 +0000
12074,1262,1462,2025-02-04 21:05:48.296 +0000
12081,1163,1614,2025-02-04 21:43:55.759 +0000
12090,519,1369,2025-02-04 21:59:56.076 +0000
12094,2407,1369,2025-02-04 22:05:12.533 +0000
12623,271,522,2025-02-07 15:34:23.333 +0000
12639,2529,475,2025-02-07 18:14:55.576 +0000
12642,2542,448,2025-02-07 19:14:34.149 +0000
12647,2544,484,2025-02-07 19:35:42.961 +0000
12650,2546,1450,2025-02-07 21:12:12.920 +0000
12663,2547,1640,2025-02-07 21:18:48.863 +0000
12676,2562,2205,2025-02-07 22:25:29.737 +0000
12683,2562,1381,2025-02-07 22:28:08.243 +0000
12685,2562,1467,2025-02-07 22:28:25.931 +0000
12688,2562,1530,2025-02-07 22:28:33.922 +0000
12690,2562,1236,2025-02-07 22:28:43.759 +0000
12691,2562,1486,2025-02-07 22:28:46.050 +0000
12697,2564,1130,2025-02-07 22:47:22.449 +0000
12700,2565,572,2025-02-07 23:26:14.021 +0000
12720,2565,1288,2025-02-07 23:28:06.229 +0000
12743,2570,1573,2025-02-08 00:50:51.339 +0000
1150,216,24,2024-12-16 15:57:05.986 +0000
1152,95,29,2024-12-16 15:57:05.986 +0000
1156,216,52,2024-12-16 15:57:05.986 +0000
1170,213,119,2024-12-16 15:57:05.986 +0000
1180,201,34,2024-12-16 15:57:05.986 +0000
7607,913,350,2025-01-07 13:08:37.872 +0000
1726,27,198,2024-12-16 15:57:05.986 +0000
1748,302,181,2024-12-16 15:57:05.986 +0000
1755,213,298,2024-12-16 15:57:05.986 +0000
1788,271,298,2024-12-16 15:57:05.986 +0000
7671,1041,525,2025-01-07 20:54:18.579 +0000
1795,15,264,2024-12-16 15:57:05.986 +0000
1815,302,243,2024-12-16 15:57:05.986 +0000
1822,311,156,2024-12-16 15:57:05.986 +0000
1832,315,266,2024-12-16 15:57:05.986 +0000
1844,213,316,2024-12-16 15:57:05.986 +0000
1853,260,315,2024-12-16 15:57:05.986 +0000
1864,300,298,2024-12-16 15:57:05.986 +0000
1870,15,72,2024-12-16 15:57:05.986 +0000
1877,15,84,2024-12-16 15:57:05.986 +0000
7702,1045,413,2025-01-07 23:17:56.950 +0000
3814,395,432,2024-12-16 16:51:07.885 +0000
3818,448,205,2024-12-16 18:17:23.916 +0000
3824,448,339,2024-12-16 18:17:31.787 +0000
3852,448,335,2024-12-16 18:31:55.983 +0000
3855,448,315,2024-12-16 18:32:00.833 +0000
3868,489,36,2024-12-16 20:25:30.672 +0000
3870,489,47,2024-12-16 20:26:13.339 +0000
3887,260,482,2024-12-16 21:14:57.757 +0000
3898,260,408,2024-12-16 21:15:39.779 +0000
3900,260,407,2024-12-16 21:15:41.640 +0000
3903,260,428,2024-12-16 21:15:58.190 +0000
3904,260,444,2024-12-16 21:16:25.660 +0000
3908,260,446,2024-12-16 21:16:38.177 +0000
12360,1949,1021,2025-02-05 23:12:40.278 +0000
3946,497,468,2024-12-17 15:14:38.585 +0000
3976,468,472,2024-12-17 19:45:15.872 +0000
3983,504,492,2024-12-17 23:38:07.054 +0000
4001,505,50,2024-12-18 00:31:20.326 +0000
4008,505,413,2024-12-18 00:37:28.332 +0000
5222,684,166,2024-12-26 01:30:12.607 +0000
9600,417,1104,2025-01-24 17:32:00.699 +0000
5259,692,171,2024-12-26 11:20:19.756 +0000
5268,692,488,2024-12-26 11:20:52.468 +0000
5288,692,475,2024-12-26 11:21:31.731 +0000
7731,1055,475,2025-01-08 07:51:25.380 +0000
7756,972,1057,2025-01-08 09:26:55.528 +0000
5315,692,386,2024-12-26 11:24:13.610 +0000
5344,697,23,2024-12-26 13:13:13.763 +0000
5401,271,459,2024-12-26 18:08:41.129 +0000
7766,1058,113,2025-01-08 12:48:38.630 +0000
5404,213,616,2024-12-26 18:15:41.081 +0000
5423,711,386,2024-12-26 21:39:00.801 +0000
5439,717,465,2024-12-27 00:11:25.743 +0000
5484,692,706,2024-12-27 12:13:10.752 +0000
5491,692,436,2024-12-27 12:13:38.966 +0000
5512,728,213,2024-12-27 15:06:51.116 +0000
5532,728,600,2024-12-27 15:30:30.669 +0000
5545,707,33,2024-12-27 18:02:42.787 +0000
5557,735,55,2024-12-27 20:51:48.030 +0000
9603,417,1364,2025-01-24 17:33:26.479 +0000
5599,738,203,2024-12-27 21:38:47.441 +0000
5608,738,385,2024-12-27 21:38:53.557 +0000
5613,321,323,2024-12-27 21:39:21.642 +0000
5628,738,118,2024-12-27 21:44:23.690 +0000
6674,843,760,2024-12-31 00:56:25.245 +0000
6679,844,818,2024-12-31 01:10:30.643 +0000
6690,845,735,2024-12-31 04:03:26.571 +0000
6731,845,487,2024-12-31 04:13:34.027 +0000
12403,2458,1022,2025-02-06 08:49:06.854 +0000
6791,850,525,2024-12-31 13:30:52.424 +0000
7773,1058,211,2025-01-08 12:49:03.727 +0000
7879,1082,561,2025-01-09 10:16:10.003 +0000
7896,1086,386,2025-01-09 13:33:22.042 +0000
7909,1086,902,2025-01-09 14:43:05.062 +0000
7931,48,484,2025-01-09 21:31:05.610 +0000
7933,448,1022,2025-01-09 22:21:48.828 +0000
7967,883,463,2025-01-10 11:56:12.724 +0000
7974,902,1086,2025-01-10 11:59:21.909 +0000
12407,1785,2148,2025-02-06 09:21:07.974 +0000
9670,1673,791,2025-01-24 22:46:43.109 +0000
8034,1122,595,2025-01-10 18:43:45.900 +0000
8050,1135,29,2025-01-10 21:36:54.027 +0000
8062,1101,639,2025-01-10 22:45:42.001 +0000
8596,843,316,2025-01-17 02:58:18.640 +0000
8601,843,1087,2025-01-17 02:58:59.631 +0000
8620,1332,802,2025-01-17 18:31:33.715 +0000
8700,1365,50,2025-01-18 13:50:02.162 +0000
12421,2361,748,2025-02-06 11:43:03.551 +0000
8744,1407,525,2025-01-19 13:41:55.591 +0000
8777,1411,506,2025-01-19 15:22:03.291 +0000
8784,1411,309,2025-01-19 15:23:36.989 +0000
9700,1685,1025,2025-01-25 06:56:45.816 +0000
9198,1080,213,2025-01-22 07:46:56.309 +0000
9200,1080,683,2025-01-22 07:49:43.137 +0000
9206,1080,1163,2025-01-22 07:56:09.101 +0000
9229,1057,1540,2025-01-22 10:31:38.570 +0000
9971,1325,961,2025-01-27 13:09:28.236 +0000
9253,1489,475,2025-01-22 16:24:01.416 +0000
12510,2491,1130,2025-02-06 21:44:21.626 +0000
12548,2523,2222,2025-02-07 03:33:33.527 +0000
10028,1893,475,2025-01-27 14:34:49.016 +0000
10043,1603,1258,2025-01-27 16:55:42.089 +0000
12567,1288,1450,2025-02-07 13:00:52.023 +0000
10064,1904,87,2025-01-27 18:31:32.823 +0000
12615,2527,2294,2025-02-07 15:20:19.525 +0000
10073,1906,512,2025-01-27 18:46:13.745 +0000
10087,1909,1325,2025-01-27 19:46:29.130 +0000
12625,271,506,2025-02-07 15:34:46.295 +0000
10115,1917,970,2025-01-27 21:24:59.020 +0000
10134,1928,512,2025-01-27 23:46:03.397 +0000
10136,1928,468,2025-01-27 23:47:01.965 +0000
10166,1945,941,2025-01-28 10:05:10.655 +0000
12641,2541,468,2025-02-07 19:08:39.635 +0000
10410,903,1079,2025-01-29 17:21:05.100 +0000
10412,903,1223,2025-01-29 17:21:08.537 +0000
10416,1977,1165,2025-01-29 18:09:38.841 +0000
10422,1977,1491,2025-01-29 18:10:10.911 +0000
10434,1977,21,2025-01-29 18:56:22.610 +0000
10438,1977,260,2025-01-29 18:56:31.169 +0000
10462,1977,1487,2025-01-29 20:47:09.348 +0000
10475,370,1130,2025-01-29 21:14:19.605 +0000
10528,12,1470,2025-01-29 22:39:28.142 +0000
10552,2032,1529,2025-01-30 02:37:40.067 +0000
10577,2032,1369,2025-01-30 04:15:18.813 +0000
10578,2032,1446,2025-01-30 04:15:53.230 +0000
12655,2547,1468,2025-02-07 21:13:44.136 +0000
10650,2046,1541,2025-01-30 12:43:21.135 +0000
10677,1205,15,2025-01-30 13:14:28.738 +0000
10686,1365,1923,2025-01-30 15:03:04.626 +0000
10917,2109,488,2025-01-31 13:03:29.263 +0000
10922,1258,1603,2025-01-31 13:03:41.432 +0000
10923,2109,791,2025-01-31 13:04:59.738 +0000
10925,2109,879,2025-01-31 13:05:10.861 +0000
10995,213,2020,2025-01-31 14:39:27.111 +0000
11057,2040,1292,2025-01-31 15:48:30.337 +0000
12665,2551,2549,2025-02-07 21:56:25.774 +0000
11154,1798,1234,2025-02-01 05:05:03.008 +0000
12675,2562,2218,2025-02-07 22:25:16.241 +0000
11231,978,1223,2025-02-01 13:10:15.618 +0000
11237,1365,1510,2025-02-01 13:25:15.922 +0000
11705,2288,260,2025-02-03 07:46:44.458 +0000
11738,2298,1964,2025-02-03 10:32:09.019 +0000
11813,2150,1467,2025-02-03 21:56:10.931 +0000
11833,2150,745,2025-02-03 21:58:06.220 +0000
11888,2361,1077,2025-02-04 11:35:35.621 +0000
11894,761,1079,2025-02-04 13:00:31.763 +0000
11900,1990,522,2025-02-04 13:14:18.964 +0000
12699,2565,1223,2025-02-07 23:26:03.184 +0000
11975,2374,380,2025-02-04 16:36:28.477 +0000
12717,2565,543,2025-02-07 23:27:56.961 +0000
11989,2374,1861,2025-02-04 16:38:30.649 +0000
11999,2374,1050,2025-02-04 16:39:19.244 +0000
12025,2349,1703,2025-02-04 17:28:39.800 +0000
12070,1262,2161,2025-02-04 21:04:39.205 +0000
12098,2409,551,2025-02-04 22:20:01.128 +0000
12101,2409,538,2025-02-04 22:22:15.645 +0000
12104,1893,1042,2025-02-05 01:24:19.652 +0000
12729,2566,293,2025-02-08 00:11:45.110 +0000
1153,216,10,2024-12-16 15:57:05.986 +0000
1161,216,32,2024-12-16 15:57:05.986 +0000
1168,216,88,2024-12-16 15:57:05.986 +0000
1178,213,53,2024-12-16 15:57:05.986 +0000
1184,201,57,2024-12-16 15:57:05.986 +0000
1185,143,29,2024-12-16 15:57:05.986 +0000
1187,254,29,2024-12-16 15:57:05.986 +0000
1192,254,26,2024-12-16 15:57:05.986 +0000
9582,1632,1077,2025-01-24 10:23:10.431 +0000
1212,216,144,2024-12-16 15:57:05.986 +0000
1217,213,10,2024-12-16 15:57:05.986 +0000
1691,143,54,2024-12-16 15:57:05.986 +0000
1699,294,121,2024-12-16 15:57:05.986 +0000
1720,27,47,2024-12-16 15:57:05.986 +0000
7617,976,518,2025-01-07 16:38:15.060 +0000
1734,294,156,2024-12-16 15:57:05.986 +0000
1753,213,68,2024-12-16 15:57:05.986 +0000
1757,213,300,2024-12-16 15:57:05.986 +0000
1767,302,171,2024-12-16 15:57:05.986 +0000
1776,304,79,2024-12-16 15:57:05.986 +0000
1784,304,216,2024-12-16 15:57:05.986 +0000
7622,1029,639,2025-01-07 17:20:17.663 +0000
1824,311,194,2024-12-16 15:57:05.986 +0000
1829,280,29,2024-12-16 15:57:05.986 +0000
1846,311,315,2024-12-16 15:57:05.986 +0000
1855,260,255,2024-12-16 15:57:05.986 +0000
1859,300,79,2024-12-16 15:57:05.986 +0000
1866,15,227,2024-12-16 15:57:05.986 +0000
1874,15,185,2024-12-16 15:57:05.986 +0000
12350,2236,1364,2025-02-05 21:25:16.763 +0000
3808,468,144,2024-12-16 16:24:03.106 +0000
3809,468,181,2024-12-16 16:24:26.663 +0000
3822,448,320,2024-12-16 18:17:29.814 +0000
3828,448,230,2024-12-16 18:17:34.738 +0000
3832,448,281,2024-12-16 18:17:38.334 +0000
3834,448,247,2024-12-16 18:17:39.929 +0000
3838,448,314,2024-12-16 18:17:51.935 +0000
3922,475,396,2024-12-16 22:57:04.689 +0000
3925,492,385,2024-12-16 23:22:26.751 +0000
3926,492,227,2024-12-16 23:22:31.430 +0000
3930,492,50,2024-12-16 23:23:22.851 +0000
3932,487,489,2024-12-16 23:47:30.116 +0000
3934,436,400,2024-12-17 08:28:03.186 +0000
3938,271,68,2024-12-17 12:34:54.876 +0000
3948,497,414,2024-12-17 15:15:10.716 +0000
3955,468,331,2024-12-17 15:26:32.939 +0000
3957,499,398,2024-12-17 18:02:24.866 +0000
3975,468,305,2024-12-17 19:44:27.842 +0000
3979,501,207,2024-12-17 21:50:24.690 +0000
3984,504,427,2024-12-17 23:40:15.610 +0000
4010,505,386,2024-12-18 00:37:45.310 +0000
9609,213,1031,2025-01-24 17:50:42.633 +0000
9667,15,1312,2025-01-24 22:46:02.847 +0000
5236,213,545,2024-12-26 03:01:28.718 +0000
5239,213,552,2024-12-26 03:01:33.947 +0000
5265,692,240,2024-12-26 11:20:37.430 +0000
5274,692,453,2024-12-26 11:21:06.143 +0000
5276,692,560,2024-12-26 11:21:07.921 +0000
7638,1033,468,2025-01-07 18:40:36.892 +0000
7646,1034,794,2025-01-07 19:02:58.781 +0000
5341,697,465,2024-12-26 13:12:36.751 +0000
5348,213,550,2024-12-26 15:30:04.700 +0000
5350,213,504,2024-12-26 15:30:07.975 +0000
5351,698,415,2024-12-26 15:47:54.300 +0000
5355,698,347,2024-12-26 15:49:32.205 +0000
9698,1683,1468,2025-01-25 02:59:07.292 +0000
5395,1,396,2024-12-26 17:13:07.514 +0000
5405,213,606,2024-12-26 18:15:43.971 +0000
5410,705,76,2024-12-26 18:42:35.423 +0000
5434,717,55,2024-12-27 00:11:00.325 +0000
7700,484,745,2025-01-07 23:01:17.336 +0000
5509,728,196,2024-12-27 15:06:00.070 +0000
5515,728,561,2024-12-27 15:07:02.163 +0000
5538,489,84,2024-12-27 15:37:01.250 +0000
5544,707,50,2024-12-27 18:02:39.235 +0000
5621,738,437,2024-12-27 21:44:13.849 +0000
5626,738,52,2024-12-27 21:44:21.519 +0000
5632,738,24,2024-12-27 21:44:36.870 +0000
9720,242,448,2025-01-25 12:10:37.314 +0000
5639,738,649,2024-12-27 21:44:44.142 +0000
5644,738,135,2024-12-27 21:45:40.488 +0000
5649,738,430,2024-12-27 21:45:46.581 +0000
5677,738,235,2024-12-27 21:53:43.431 +0000
5680,738,405,2024-12-27 21:53:46.542 +0000
6675,843,488,2024-12-31 00:56:26.732 +0000
6701,845,8,2024-12-31 04:08:57.355 +0000
6729,845,169,2024-12-31 04:12:49.738 +0000
6760,848,639,2024-12-31 10:54:05.708 +0000
6775,849,385,2024-12-31 11:46:19.182 +0000
6780,849,595,2024-12-31 11:47:12.917 +0000
7725,1022,386,2025-01-08 04:47:34.180 +0000
7786,553,228,2025-01-08 13:08:58.227 +0000
7790,553,783,2025-01-08 14:52:55.824 +0000
9731,242,1483,2025-01-25 12:16:56.740 +0000
7861,1080,304,2025-01-09 08:21:01.309 +0000
7900,1086,518,2025-01-09 13:42:38.291 +0000
9735,761,818,2025-01-25 13:04:25.392 +0000
7922,623,845,2025-01-09 16:12:50.780 +0000
7932,448,1055,2025-01-09 22:21:38.651 +0000
12377,2436,1695,2025-02-06 02:17:42.631 +0000
9972,1325,1232,2025-01-27 13:09:46.205 +0000
9976,260,1477,2025-01-27 13:11:32.233 +0000
8036,1122,742,2025-01-10 18:44:09.606 +0000
12380,2436,1312,2025-02-06 02:20:40.801 +0000
12383,2436,1572,2025-02-06 02:30:06.832 +0000
9069,1489,1369,2025-01-21 17:05:12.999 +0000
10095,1910,448,2025-01-27 20:24:26.732 +0000
9083,1506,1027,2025-01-21 18:44:09.447 +0000
9093,1506,1364,2025-01-21 18:44:46.602 +0000
9199,1080,1083,2025-01-22 07:49:30.023 +0000
9211,1163,1080,2025-01-22 08:09:24.945 +0000
10098,1912,1369,2025-01-27 20:39:10.671 +0000
10110,1916,927,2025-01-27 21:17:19.164 +0000
10167,1945,972,2025-01-28 10:05:14.742 +0000
10171,1949,1022,2025-01-28 10:22:04.660 +0000
10411,903,1115,2025-01-29 17:21:06.230 +0000
10420,1977,1440,2025-01-29 18:10:06.873 +0000
10424,1977,1574,2025-01-29 18:10:14.844 +0000
10433,1977,15,2025-01-29 18:56:20.738 +0000
10435,1977,48,2025-01-29 18:56:23.903 +0000
10445,2017,388,2025-01-29 19:36:25.304 +0000
10452,1977,506,2025-01-29 20:46:55.967 +0000
10501,2020,623,2025-01-29 21:24:08.807 +0000
10505,2020,1330,2025-01-29 21:28:25.345 +0000
10509,370,1683,2025-01-29 21:30:17.692 +0000
10511,2020,213,2025-01-29 21:35:20.275 +0000
10532,12,1489,2025-01-29 22:39:56.571 +0000
10535,1104,1483,2025-01-29 22:54:19.910 +0000
10542,2030,1981,2025-01-30 01:04:52.830 +0000
10547,2031,902,2025-01-30 01:37:29.109 +0000
10561,2032,1607,2025-01-30 02:40:55.183 +0000
10576,149,1977,2025-01-30 03:13:34.973 +0000
10588,1798,1592,2025-01-30 05:12:28.152 +0000
10601,2036,1544,2025-01-30 09:17:40.790 +0000
10607,2036,1651,2025-01-30 09:19:17.121 +0000
10608,2038,1027,2025-01-30 09:33:26.794 +0000
10622,2031,970,2025-01-30 10:14:40.868 +0000
10639,2036,1894,2025-01-30 11:59:30.629 +0000
10646,2036,1673,2025-01-30 12:00:47.058 +0000
10661,1204,1115,2025-01-30 13:01:13.549 +0000
10676,735,1877,2025-01-30 13:09:00.332 +0000
10736,2067,135,2025-01-30 20:16:41.396 +0000
10744,2067,902,2025-01-30 20:17:37.313 +0000
10751,2067,1288,2025-01-30 20:18:22.924 +0000
10796,913,1021,2025-01-30 22:40:17.101 +0000
10840,2087,1077,2025-01-31 01:12:30.534 +0000
10854,1977,683,2025-01-31 01:43:21.644 +0000
10857,1977,488,2025-01-31 01:43:41.171 +0000
10868,1965,1995,2025-01-31 02:41:25.341 +0000
10870,2089,1259,2025-01-31 03:00:36.736 +0000
10873,2085,791,2025-01-31 03:08:42.296 +0000
10897,1585,390,2025-01-31 10:02:05.617 +0000
10899,1585,941,2025-01-31 10:03:19.113 +0000
10901,1585,1352,2025-01-31 10:03:52.569 +0000
10918,1258,2067,2025-01-31 13:03:35.257 +0000
10948,2111,1206,2025-01-31 14:08:50.044 +0000
10984,12,213,2025-01-31 14:37:49.152 +0000
10991,12,1964,2025-01-31 14:38:26.805 +0000
10992,213,1804,2025-01-31 14:38:40.955 +0000
1154,216,50,2024-12-16 15:57:05.986 +0000
1155,216,49,2024-12-16 15:57:05.986 +0000
1162,216,79,2024-12-16 15:57:05.986 +0000
1164,216,64,2024-12-16 15:57:05.986 +0000
1169,213,29,2024-12-16 15:57:05.986 +0000
1174,213,37,2024-12-16 15:57:05.986 +0000
1182,201,26,2024-12-16 15:57:05.986 +0000
1186,143,227,2024-12-16 15:57:05.986 +0000
1191,254,28,2024-12-16 15:57:05.986 +0000
7793,1042,383,2025-01-08 15:09:02.873 +0000
1201,255,50,2024-12-16 15:57:05.986 +0000
1206,255,135,2024-12-16 15:57:05.986 +0000
1215,213,57,2024-12-16 15:57:05.986 +0000
1220,213,43,2024-12-16 15:57:05.986 +0000
1697,293,243,2024-12-16 15:57:05.986 +0000
12359,2211,913,2025-02-05 22:39:28.064 +0000
7795,1060,417,2025-01-08 16:38:54.777 +0000
1723,27,68,2024-12-16 15:57:05.986 +0000
1744,302,113,2024-12-16 15:57:05.986 +0000
9583,1632,1045,2025-01-24 10:23:16.270 +0000
1774,305,143,2024-12-16 15:57:05.986 +0000
1800,15,95,2024-12-16 15:57:05.986 +0000
1804,274,260,2024-12-16 15:57:05.986 +0000
1831,315,284,2024-12-16 15:57:05.986 +0000
1834,316,15,2024-12-16 15:57:05.986 +0000
1839,213,311,2024-12-16 15:57:05.986 +0000
1848,15,312,2024-12-16 15:57:05.986 +0000
1857,300,53,2024-12-16 15:57:05.986 +0000
1862,300,95,2024-12-16 15:57:05.986 +0000
1863,300,216,2024-12-16 15:57:05.986 +0000
3810,468,95,2024-12-16 16:24:39.073 +0000
3811,468,310,2024-12-16 16:25:40.215 +0000
3843,448,464,2024-12-16 18:18:37.108 +0000
3845,487,427,2024-12-16 18:28:54.551 +0000
3846,487,413,2024-12-16 18:29:34.281 +0000
3851,448,414,2024-12-16 18:31:54.415 +0000
3856,487,399,2024-12-16 18:32:57.021 +0000
3862,487,465,2024-12-16 18:44:46.797 +0000
3867,489,29,2024-12-16 20:25:03.696 +0000
3909,260,447,2024-12-16 21:16:39.344 +0000
3910,260,391,2024-12-16 21:16:40.450 +0000
3913,260,427,2024-12-16 21:18:03.287 +0000
3915,260,485,2024-12-16 21:18:18.487 +0000
3917,260,309,2024-12-16 21:18:37.758 +0000
3919,260,353,2024-12-16 21:19:00.077 +0000
3920,468,281,2024-12-16 21:56:19.695 +0000
9601,417,1491,2025-01-24 17:32:57.532 +0000
3943,495,415,2024-12-17 12:51:31.804 +0000
3988,504,171,2024-12-17 23:45:04.564 +0000
3989,504,88,2024-12-17 23:56:50.892 +0000
7838,1075,712,2025-01-08 23:01:57.067 +0000
3997,505,144,2024-12-18 00:30:50.528 +0000
9608,213,877,2025-01-24 17:50:32.399 +0000
5283,692,543,2024-12-26 11:21:26.762 +0000
5292,692,347,2024-12-26 11:21:34.781 +0000
5297,692,583,2024-12-26 11:21:54.962 +0000
5306,692,181,2024-12-26 11:23:38.949 +0000
5309,692,121,2024-12-26 11:23:44.060 +0000
5313,692,572,2024-12-26 11:24:03.868 +0000
7863,1080,768,2025-01-09 08:23:15.443 +0000
5356,699,156,2024-12-26 15:51:01.685 +0000
9613,1104,148,2025-01-24 18:14:49.667 +0000
7897,1086,525,2025-01-09 13:34:03.701 +0000
7923,623,63,2025-01-09 16:12:57.129 +0000
12395,2457,1055,2025-02-06 07:48:00.278 +0000
5425,711,415,2024-12-26 21:42:25.234 +0000
5466,726,410,2024-12-27 10:13:03.295 +0000
5470,726,542,2024-12-27 10:15:53.292 +0000
7950,1020,385,2025-01-10 07:16:25.151 +0000
12427,978,2436,2025-02-06 12:30:58.654 +0000
5523,728,448,2024-12-27 15:08:08.272 +0000
5549,481,47,2024-12-27 19:24:43.722 +0000
5552,271,473,2024-12-27 19:55:39.144 +0000
5580,735,720,2024-12-27 21:16:28.269 +0000
5587,738,215,2024-12-27 21:38:34.132 +0000
5596,321,43,2024-12-27 21:38:45.899 +0000
5603,321,28,2024-12-27 21:38:49.611 +0000
5612,739,414,2024-12-27 21:39:20.067 +0000
5619,738,10,2024-12-27 21:44:01.638 +0000
5624,738,72,2024-12-27 21:44:19.566 +0000
5631,738,43,2024-12-27 21:44:28.819 +0000
5635,738,53,2024-12-27 21:44:40.028 +0000
5638,738,34,2024-12-27 21:44:42.838 +0000
5647,738,151,2024-12-27 21:45:43.958 +0000
5652,738,15,2024-12-27 21:45:49.523 +0000
5668,738,167,2024-12-27 21:53:31.667 +0000
6676,843,181,2024-12-31 00:56:28.462 +0000
6680,844,396,2024-12-31 01:10:34.934 +0000
6702,845,11,2024-12-31 04:09:28.176 +0000
6727,845,210,2024-12-31 04:12:41.217 +0000
6735,845,502,2024-12-31 04:14:05.542 +0000
6738,847,196,2024-12-31 07:02:28.459 +0000
9674,1673,818,2025-01-24 22:46:57.444 +0000
9675,1673,902,2025-01-24 22:47:14.396 +0000
9680,213,1465,2025-01-24 22:48:05.585 +0000
12473,2482,1057,2025-02-06 18:57:37.483 +0000
9696,1683,1381,2025-01-25 02:58:27.297 +0000
8745,1407,374,2025-01-19 13:45:01.331 +0000
8771,1411,171,2025-01-19 15:20:15.038 +0000
8786,1411,713,2025-01-19 15:24:40.431 +0000
9066,1489,845,2025-01-21 17:05:03.783 +0000
9087,1506,1025,2025-01-21 18:44:21.769 +0000
9201,1080,1060,2025-01-22 07:52:08.750 +0000
9712,850,1079,2025-01-25 11:51:30.578 +0000
9717,850,1412,2025-01-25 11:51:46.949 +0000
9738,761,1027,2025-01-25 13:04:49.745 +0000
9973,1325,913,2025-01-27 13:10:35.839 +0000
12490,2491,2171,2025-02-06 21:39:52.732 +0000
10024,876,242,2025-01-27 13:37:45.137 +0000
10031,1893,1028,2025-01-27 14:35:52.559 +0000
10048,468,1258,2025-01-27 17:34:46.767 +0000
10051,1104,1325,2025-01-27 17:51:44.517 +0000
10066,1904,572,2025-01-27 18:31:53.655 +0000
10069,1904,47,2025-01-27 18:32:13.839 +0000
10102,1913,1450,2025-01-27 20:42:18.337 +0000
10124,1918,1253,2025-01-27 21:29:37.053 +0000
10157,1935,1928,2025-01-28 02:46:14.882 +0000
10216,1975,1283,2025-01-28 19:12:54.174 +0000
10297,1995,1541,2025-01-28 23:44:42.630 +0000
10346,1365,681,2025-01-29 13:11:38.441 +0000
10418,1977,1374,2025-01-29 18:10:01.409 +0000
10431,1977,1929,2025-01-29 18:56:08.213 +0000
10432,1977,12,2025-01-29 18:56:13.449 +0000
10457,1977,1364,2025-01-29 20:47:03.786 +0000
10479,1178,462,2025-01-29 21:15:34.878 +0000
10489,370,1873,2025-01-29 21:17:58.694 +0000
10490,1311,1977,2025-01-29 21:18:38.379 +0000
10492,2020,383,2025-01-29 21:20:33.180 +0000
10498,2020,436,2025-01-29 21:22:36.394 +0000
10507,370,1369,2025-01-29 21:28:57.334 +0000
10522,2020,1928,2025-01-29 22:29:14.655 +0000
10546,2031,818,2025-01-30 01:37:12.781 +0000
10585,1798,1693,2025-01-30 05:12:12.301 +0000
10592,1798,1510,2025-01-30 05:12:50.820 +0000
10624,2031,1027,2025-01-30 10:29:33.075 +0000
10632,2036,1391,2025-01-30 11:58:04.536 +0000
10645,2036,1570,2025-01-30 12:00:40.308 +0000
10673,735,1873,2025-01-30 13:07:22.784 +0000
10699,1706,1020,2025-01-30 18:41:32.892 +0000
10732,2067,1529,2025-01-30 20:13:38.615 +0000
10734,2067,1974,2025-01-30 20:14:20.643 +0000
10739,2067,512,2025-01-30 20:16:51.614 +0000
10740,2067,572,2025-01-30 20:17:04.468 +0000
10757,2067,816,2025-01-30 20:18:37.826 +0000
10771,2076,1451,2025-01-30 21:24:24.317 +0000
10777,1377,791,2025-01-30 22:33:00.799 +0000
10783,654,1022,2025-01-30 22:34:34.479 +0000
10920,2109,572,2025-01-31 13:03:38.152 +0000
10942,260,1061,2025-01-31 13:41:58.549 +0000
10944,1020,1706,2025-01-31 13:42:18.596 +0000
10957,2111,1283,2025-01-31 14:16:49.849 +0000
10964,2111,1935,2025-01-31 14:23:49.288 +0000
10978,260,1032,2025-01-31 14:37:00.789 +0000
10985,12,260,2025-01-31 14:37:54.525 +0000
10987,12,147,2025-01-31 14:38:04.618 +0000
11010,213,1997,2025-01-31 14:44:41.755 +0000
11035,1416,1288,2025-01-31 14:52:12.614 +0000
11038,1416,1924,2025-01-31 14:52:16.098 +0000
11064,1365,2020,2025-01-31 18:06:17.783 +0000
1157,216,56,2024-12-16 15:57:05.986 +0000
1166,216,70,2024-12-16 15:57:05.986 +0000
1171,213,12,2024-12-16 15:57:05.986 +0000
1194,254,31,2024-12-16 15:57:05.986 +0000
1199,254,233,2024-12-16 15:57:05.986 +0000
1202,255,48,2024-12-16 15:57:05.986 +0000
1209,255,76,2024-12-16 15:57:05.986 +0000
12365,2400,927,2025-02-05 23:31:29.706 +0000
1222,213,52,2024-12-16 15:57:05.986 +0000
1886,323,217,2024-12-16 15:57:05.986 +0000
1892,323,50,2024-12-16 15:57:05.986 +0000
9584,9,1468,2025-01-24 13:43:49.190 +0000
1907,318,37,2024-12-16 15:57:05.986 +0000
1920,318,144,2024-12-16 15:57:05.986 +0000
1942,330,55,2024-12-16 15:57:05.986 +0000
9657,1262,417,2025-01-24 19:06:55.441 +0000
1952,330,88,2024-12-16 15:57:05.986 +0000
1955,330,146,2024-12-16 15:57:05.986 +0000
1958,330,166,2024-12-16 15:57:05.986 +0000
1962,331,37,2024-12-16 15:57:05.986 +0000
1970,331,192,2024-12-16 15:57:05.986 +0000
1976,260,272,2024-12-16 15:57:05.986 +0000
1985,333,85,2024-12-16 15:57:05.986 +0000
1995,334,121,2024-12-16 15:57:05.986 +0000
12423,468,1937,2025-02-06 11:43:46.064 +0000
9669,1673,572,2025-01-24 22:46:20.425 +0000
12508,2491,468,2025-02-06 21:44:12.000 +0000
2027,337,56,2024-12-16 15:57:05.986 +0000
2037,337,151,2024-12-16 15:57:05.986 +0000
2040,337,148,2024-12-16 15:57:05.986 +0000
2045,337,149,2024-12-16 15:57:05.986 +0000
2062,339,149,2024-12-16 15:57:05.986 +0000
2076,340,9,2024-12-16 15:57:05.986 +0000
2097,213,323,2024-12-16 15:57:05.986 +0000
2099,350,119,2024-12-16 15:57:05.986 +0000
2106,351,50,2024-12-16 15:57:05.986 +0000
2114,351,151,2024-12-16 15:57:05.986 +0000
2122,356,191,2024-12-16 15:57:05.986 +0000
3813,9,50,2024-12-16 16:45:10.951 +0000
3815,486,386,2024-12-16 18:13:43.641 +0000
3849,487,293,2024-12-16 18:30:59.562 +0000
3860,487,213,2024-12-16 18:34:16.824 +0000
3864,487,476,2024-12-16 18:45:21.548 +0000
3866,488,213,2024-12-16 19:17:31.781 +0000
3869,489,55,2024-12-16 20:25:55.486 +0000
3871,489,233,2024-12-16 20:26:25.968 +0000
3873,489,151,2024-12-16 20:27:44.976 +0000
5243,213,551,2024-12-26 03:02:12.845 +0000
3883,260,459,2024-12-16 21:13:19.766 +0000
3885,260,84,2024-12-16 21:14:54.430 +0000
3888,260,430,2024-12-16 21:14:58.997 +0000
3889,260,460,2024-12-16 21:15:00.736 +0000
3892,260,418,2024-12-16 21:15:03.926 +0000
3895,260,473,2024-12-16 21:15:22.534 +0000
3901,260,475,2024-12-16 21:15:55.093 +0000
3905,260,453,2024-12-16 21:16:32.924 +0000
3907,260,265,2024-12-16 21:16:36.656 +0000
3914,260,464,2024-12-16 21:18:07.619 +0000
7837,1075,818,2025-01-08 23:00:49.108 +0000
3937,489,147,2024-12-17 11:32:18.136 +0000
5248,690,458,2024-12-26 09:21:42.847 +0000
3959,487,500,2024-12-17 18:20:28.175 +0000
3960,487,499,2024-12-17 18:20:37.975 +0000
3963,459,418,2024-12-17 19:39:37.072 +0000
3966,459,410,2024-12-17 19:40:51.751 +0000
3985,504,166,2024-12-17 23:43:27.404 +0000
3990,505,23,2024-12-18 00:29:47.234 +0000
3996,505,54,2024-12-18 00:30:38.767 +0000
4000,505,146,2024-12-18 00:31:17.687 +0000
4005,505,245,2024-12-18 00:31:52.867 +0000
5279,692,374,2024-12-26 11:21:11.246 +0000
5323,692,512,2024-12-26 11:24:52.271 +0000
5330,692,496,2024-12-26 11:25:10.169 +0000
7839,1075,468,2025-01-08 23:07:25.535 +0000
5354,698,572,2024-12-26 15:49:23.474 +0000
5360,699,180,2024-12-26 15:51:32.416 +0000
9713,850,1010,2025-01-25 11:51:34.694 +0000
7866,591,1080,2025-01-09 08:24:55.046 +0000
9726,242,1130,2025-01-25 12:14:17.751 +0000
7884,1083,239,2025-01-09 10:18:43.018 +0000
5459,725,388,2024-12-27 07:30:05.307 +0000
5494,692,166,2024-12-27 12:14:04.015 +0000
5550,481,621,2024-12-27 19:24:49.043 +0000
5551,1,728,2024-12-27 19:25:20.430 +0000
5561,735,167,2024-12-27 20:57:00.454 +0000
5564,735,297,2024-12-27 21:05:05.738 +0000
5567,735,550,2024-12-27 21:07:05.560 +0000
7905,1086,753,2025-01-09 14:42:06.209 +0000
5593,738,180,2024-12-27 21:38:44.229 +0000
5620,738,473,2024-12-27 21:44:12.718 +0000
5654,738,76,2024-12-27 21:45:51.963 +0000
7907,1086,1084,2025-01-09 14:42:24.556 +0000
7914,1087,144,2025-01-09 15:10:01.845 +0000
7926,1096,492,2025-01-09 17:00:28.605 +0000
6689,845,623,2024-12-31 04:03:25.094 +0000
6723,845,77,2024-12-31 04:11:50.756 +0000
6728,845,659,2024-12-31 04:12:45.179 +0000
12552,2222,2523,2025-02-07 04:25:01.158 +0000
6789,850,347,2024-12-31 13:30:27.286 +0000
6793,850,791,2024-12-31 13:31:15.972 +0000
7949,1020,88,2025-01-10 07:15:14.334 +0000
7959,1104,28,2025-01-10 09:38:12.473 +0000
7968,883,560,2025-01-10 11:56:37.366 +0000
7971,883,600,2025-01-10 11:57:28.262 +0000
7978,1083,961,2025-01-10 12:47:33.593 +0000
10419,1977,1411,2025-01-29 18:10:04.569 +0000
10437,1977,213,2025-01-29 18:56:29.050 +0000
10503,2020,876,2025-01-29 21:24:56.189 +0000
8047,1129,845,2025-01-10 20:04:41.634 +0000
8049,1130,55,2025-01-10 21:04:57.465 +0000
8051,1138,560,2025-01-10 21:41:10.520 +0000
8066,1101,794,2025-01-10 22:46:29.484 +0000
8796,1417,463,2025-01-19 16:54:30.053 +0000
8797,1417,347,2025-01-19 16:54:48.528 +0000
9067,1489,1364,2025-01-21 17:05:05.889 +0000
9084,1506,1028,2025-01-21 18:44:12.794 +0000
10506,2020,1364,2025-01-29 21:28:57.113 +0000
9094,1506,1350,2025-01-21 18:44:48.607 +0000
9202,1080,1086,2025-01-22 07:52:24.747 +0000
9237,361,1193,2025-01-22 13:01:36.215 +0000
10537,2025,2017,2025-01-29 23:38:00.300 +0000
10556,2032,2030,2025-01-30 02:39:03.434 +0000
10586,1798,1480,2025-01-30 05:12:14.303 +0000
10595,1798,1288,2025-01-30 05:13:01.348 +0000
10600,2036,1472,2025-01-30 09:17:32.917 +0000
10625,2031,1077,2025-01-30 10:29:39.831 +0000
10924,2109,543,2025-01-31 13:05:09.582 +0000
10940,1589,1785,2025-01-31 13:37:17.762 +0000
10958,1365,1530,2025-01-31 14:17:43.629 +0000
10968,1491,1483,2025-01-31 14:24:53.176 +0000
11016,213,970,2025-01-31 14:45:24.221 +0000
11055,1506,213,2025-01-31 15:18:38.153 +0000
12583,2530,2171,2025-02-07 14:27:43.440 +0000
11184,2133,468,2025-02-01 09:49:01.826 +0000
11194,213,1670,2025-02-01 12:12:52.580 +0000
11204,2136,1468,2025-02-01 13:04:45.808 +0000
11215,978,745,2025-02-01 13:07:52.013 +0000
11225,978,1909,2025-02-01 13:09:23.857 +0000
11226,978,970,2025-02-01 13:09:48.181 +0000
11720,2294,1083,2025-02-03 09:50:08.535 +0000
11765,2315,1526,2025-02-03 12:55:27.950 +0000
11814,2150,1483,2025-02-03 21:56:13.691 +0000
12627,2527,2207,2025-02-07 15:54:31.842 +0000
12638,2529,927,2025-02-07 18:14:33.178 +0000
12651,2546,1021,2025-02-07 21:12:23.846 +0000
12702,2565,2504,2025-02-07 23:26:29.734 +0000
12705,2565,1928,2025-02-07 23:27:15.790 +0000
12716,2565,1267,2025-02-07 23:27:55.153 +0000
12721,2565,1412,2025-02-07 23:28:07.363 +0000
12731,2567,2369,2025-02-08 00:19:50.773 +0000
12733,2566,1274,2025-02-08 00:21:45.445 +0000
12734,2566,1321,2025-02-08 00:21:53.735 +0000
12746,2570,2523,2025-02-08 00:51:43.876 +0000
12747,2570,1506,2025-02-08 00:51:50.346 +0000
12749,2570,1487,2025-02-08 00:52:06.591 +0000
12759,2570,2298,2025-02-08 00:53:08.549 +0000
12761,2570,1450,2025-02-08 00:53:15.042 +0000
12769,2523,2570,2025-02-08 00:57:32.274 +0000
12773,2571,1408,2025-02-08 01:02:44.695 +0000
12778,2571,1276,2025-02-08 01:03:20.947 +0000
1158,216,55,2024-12-16 15:57:05.986 +0000
1165,216,77,2024-12-16 15:57:05.986 +0000
1176,213,227,2024-12-16 15:57:05.986 +0000
1190,254,33,2024-12-16 15:57:05.986 +0000
1200,254,10,2024-12-16 15:57:05.986 +0000
1205,255,121,2024-12-16 15:57:05.986 +0000
12384,2211,1360,2025-02-06 03:30:36.539 +0000
1214,216,11,2024-12-16 15:57:05.986 +0000
3816,486,415,2024-12-16 18:14:02.803 +0000
1896,323,37,2024-12-16 15:57:05.986 +0000
9604,417,1462,2025-01-24 17:33:45.414 +0000
3837,448,235,2024-12-16 18:17:51.277 +0000
1930,293,33,2024-12-16 15:57:05.986 +0000
1944,330,50,2024-12-16 15:57:05.986 +0000
7864,1080,712,2025-01-09 08:23:33.802 +0000
1977,260,277,2024-12-16 15:57:05.986 +0000
1982,332,135,2024-12-16 15:57:05.986 +0000
7878,1082,553,2025-01-09 10:16:07.690 +0000
2003,334,156,2024-12-16 15:57:05.986 +0000
2011,311,234,2024-12-16 15:57:05.986 +0000
9606,417,1483,2025-01-24 17:34:13.259 +0000
2023,337,5,2024-12-16 15:57:05.986 +0000
2030,337,63,2024-12-16 15:57:05.986 +0000
2036,337,11,2024-12-16 15:57:05.986 +0000
2048,337,70,2024-12-16 15:57:05.986 +0000
2063,339,310,2024-12-16 15:57:05.986 +0000
5233,213,511,2024-12-26 03:01:26.479 +0000
2100,350,265,2024-12-16 15:57:05.986 +0000
2105,351,12,2024-12-16 15:57:05.986 +0000
2113,351,126,2024-12-16 15:57:05.986 +0000
2125,333,215,2024-12-16 15:57:05.986 +0000
3839,448,71,2024-12-16 18:17:52.670 +0000
3841,448,268,2024-12-16 18:17:54.100 +0000
3842,448,30,2024-12-16 18:17:54.822 +0000
3847,487,433,2024-12-16 18:30:28.786 +0000
12429,713,205,2025-02-06 13:00:34.285 +0000
3863,487,419,2024-12-16 18:45:08.575 +0000
3865,487,401,2024-12-16 18:45:33.038 +0000
7886,351,233,2025-01-09 10:48:55.847 +0000
5263,692,191,2024-12-26 11:20:34.213 +0000
5285,692,297,2024-12-26 11:21:29.019 +0000
7924,845,1034,2025-01-09 16:13:12.996 +0000
3890,260,440,2024-12-16 21:15:01.815 +0000
3896,260,71,2024-12-16 21:15:24.462 +0000
3897,260,477,2024-12-16 21:15:38.730 +0000
3942,495,423,2024-12-17 12:51:25.996 +0000
12433,2085,2207,2025-02-06 13:03:56.319 +0000
5305,692,571,2024-12-26 11:23:37.825 +0000
5321,692,48,2024-12-26 11:24:44.405 +0000
5337,551,213,2024-12-26 12:31:36.097 +0000
5359,699,124,2024-12-26 15:51:22.792 +0000
7977,1083,977,2025-01-10 12:47:28.122 +0000
7991,768,55,2025-01-10 14:21:55.800 +0000
5457,725,213,2024-12-27 07:29:40.058 +0000
5469,726,549,2024-12-27 10:15:44.080 +0000
12439,2466,1915,2025-02-06 13:11:50.353 +0000
5492,692,423,2024-12-27 12:13:40.411 +0000
9668,15,1234,2025-01-24 22:46:10.703 +0000
5570,735,318,2024-12-27 21:10:02.048 +0000
5583,738,181,2024-12-27 21:38:04.945 +0000
5611,738,481,2024-12-27 21:38:57.530 +0000
5653,738,66,2024-12-27 21:45:51.037 +0000
5663,738,88,2024-12-27 21:46:06.790 +0000
6678,843,191,2024-12-31 00:56:33.297 +0000
6681,844,639,2024-12-31 01:10:36.929 +0000
9689,213,1559,2025-01-24 22:57:42.225 +0000
6715,845,110,2024-12-31 04:11:42.544 +0000
6739,847,421,2024-12-31 07:04:33.543 +0000
6746,847,717,2024-12-31 07:08:01.945 +0000
6784,850,468,2024-12-31 13:07:05.284 +0000
8027,977,1031,2025-01-10 18:00:11.767 +0000
8069,791,448,2025-01-10 22:46:48.516 +0000
8798,1420,878,2025-01-19 19:48:13.430 +0000
8805,1080,181,2025-01-19 22:06:40.663 +0000
8816,1428,468,2025-01-19 22:14:08.391 +0000
12441,2466,1265,2025-02-06 13:12:55.358 +0000
12463,388,1483,2025-02-06 16:52:47.973 +0000
8925,1451,399,2025-01-20 13:14:20.284 +0000
8929,1451,735,2025-01-20 13:19:39.680 +0000
8932,1451,400,2025-01-20 13:21:51.432 +0000
8936,1452,970,2025-01-20 13:54:10.417 +0000
9692,1603,921,2025-01-24 23:04:34.570 +0000
9078,1506,484,2025-01-21 18:43:47.110 +0000
9205,1080,1269,2025-01-22 07:55:53.947 +0000
9217,1163,1083,2025-01-22 08:27:49.719 +0000
9694,1683,448,2025-01-25 02:56:32.919 +0000
9721,242,475,2025-01-25 12:10:59.797 +0000
9722,242,436,2025-01-25 12:11:43.090 +0000
9725,242,876,2025-01-25 12:12:24.329 +0000
12470,1508,1077,2025-02-06 18:42:46.044 +0000
12485,2492,2154,2025-02-06 21:14:04.596 +0000
12493,2491,1909,2025-02-06 21:40:33.021 +0000
12503,2491,1079,2025-02-06 21:42:53.238 +0000
10082,1907,1027,2025-01-27 19:28:37.136 +0000
10109,468,1913,2025-01-27 21:14:37.188 +0000
10154,1934,1028,2025-01-28 01:36:22.445 +0000
12509,2491,484,2025-02-06 21:44:19.660 +0000
10464,1977,1934,2025-01-29 20:47:10.756 +0000
10468,1178,386,2025-01-29 21:11:56.004 +0000
10512,1977,271,2025-01-29 21:43:48.749 +0000
10517,2020,1621,2025-01-29 21:51:09.859 +0000
10579,2032,1474,2025-01-30 04:16:12.556 +0000
10581,2032,1544,2025-01-30 04:16:48.445 +0000
10582,2032,1572,2025-01-30 04:17:06.154 +0000
10583,2032,1981,2025-01-30 04:18:07.780 +0000
10587,1798,1381,2025-01-30 05:12:25.877 +0000
10643,2036,1451,2025-01-30 12:00:26.805 +0000
12517,2503,2182,2025-02-06 22:32:09.637 +0000
12524,2503,1077,2025-02-06 22:33:47.871 +0000
10753,2067,1369,2025-01-30 20:18:26.605 +0000
10808,2085,1391,2025-01-30 23:36:57.881 +0000
10811,2053,436,2025-01-31 00:15:51.318 +0000
10836,2086,1412,2025-01-31 00:58:46.729 +0000
10850,2087,1923,2025-01-31 01:14:44.962 +0000
10869,2089,970,2025-01-31 02:59:58.017 +0000
10879,411,149,2025-01-31 07:52:50.055 +0000
10900,1585,1010,2025-01-31 10:03:29.972 +0000
10926,2109,818,2025-01-31 13:05:12.170 +0000
10954,2111,1450,2025-01-31 14:10:20.220 +0000
10982,12,1651,2025-01-31 14:37:40.873 +0000
11049,1416,2033,2025-01-31 14:53:21.111 +0000
11235,1365,135,2025-02-01 13:25:13.031 +0000
11255,2145,816,2025-02-01 19:16:44.254 +0000
11258,2145,468,2025-02-01 19:18:57.335 +0000
11261,2145,977,2025-02-01 19:20:54.990 +0000
11283,2154,681,2025-02-01 21:23:13.584 +0000
11298,1163,1692,2025-02-01 22:28:12.618 +0000
11329,735,1445,2025-02-01 23:35:13.841 +0000
11373,1462,1491,2025-02-02 00:33:40.268 +0000
11407,927,1095,2025-02-02 02:03:10.267 +0000
11410,927,1651,2025-02-02 02:04:21.592 +0000
11421,2085,213,2025-02-02 02:26:53.356 +0000
11452,2086,972,2025-02-02 03:54:23.924 +0000
11458,1977,927,2025-02-02 04:52:47.717 +0000
11461,2186,1350,2025-02-02 05:15:15.273 +0000
11535,1291,1098,2025-02-02 12:46:56.993 +0000
11571,1061,843,2025-02-02 14:25:15.188 +0000
11577,468,927,2025-02-02 15:17:58.676 +0000
11593,2214,1223,2025-02-02 16:11:46.107 +0000
11601,2218,436,2025-02-02 17:03:08.069 +0000
11645,2237,927,2025-02-02 21:16:11.354 +0000
11671,2245,1974,2025-02-02 22:55:52.262 +0000
11675,2245,760,2025-02-02 22:56:59.688 +0000
11677,2245,512,2025-02-02 22:58:19.860 +0000
11703,735,1479,2025-02-03 01:28:02.824 +0000
11722,383,448,2025-02-03 10:19:34.949 +0000
11733,2298,2053,2025-02-03 10:31:32.767 +0000
11739,2298,1572,2025-02-03 10:32:17.693 +0000
11744,2307,1095,2025-02-03 11:33:08.769 +0000
11825,2150,1075,2025-02-03 21:57:22.958 +0000
11835,2150,977,2025-02-03 21:58:13.902 +0000
11847,2347,2154,2025-02-03 22:16:00.146 +0000
11972,2374,816,2025-02-04 16:35:01.375 +0000
11979,2374,48,2025-02-04 16:37:06.438 +0000
12036,2393,1477,2025-02-04 19:52:09.843 +0000
12051,2395,1079,2025-02-04 20:07:44.032 +0000
12106,1893,1079,2025-02-05 01:26:09.739 +0000
1173,213,34,2024-12-16 15:57:05.986 +0000
1179,201,119,2024-12-16 15:57:05.986 +0000
1189,254,37,2024-12-16 15:57:05.986 +0000
1196,254,55,2024-12-16 15:57:05.986 +0000
1210,213,51,2024-12-16 15:57:05.986 +0000
1888,323,301,2024-12-16 15:57:05.986 +0000
1891,323,48,2024-12-16 15:57:05.986 +0000
1898,323,55,2024-12-16 15:57:05.986 +0000
1908,318,56,2024-12-16 15:57:05.986 +0000
1918,318,88,2024-12-16 15:57:05.986 +0000
1926,293,29,2024-12-16 15:57:05.986 +0000
1954,330,144,2024-12-16 15:57:05.986 +0000
1961,331,29,2024-12-16 15:57:05.986 +0000
1967,331,88,2024-12-16 15:57:05.986 +0000
1971,331,205,2024-12-16 15:57:05.986 +0000
1973,260,266,2024-12-16 15:57:05.986 +0000
1978,260,285,2024-12-16 15:57:05.986 +0000
8075,1141,571,2025-01-10 23:44:04.547 +0000
1989,334,37,2024-12-16 15:57:05.986 +0000
8110,1150,167,2025-01-11 11:04:38.643 +0000
2017,336,43,2024-12-16 15:57:05.986 +0000
2028,337,31,2024-12-16 15:57:05.986 +0000
2065,340,23,2024-12-16 15:57:05.986 +0000
2068,340,21,2024-12-16 15:57:05.986 +0000
9594,1650,970,2025-01-24 15:59:46.395 +0000
9597,417,1068,2025-01-24 17:30:40.288 +0000
5250,692,385,2024-12-26 11:14:58.540 +0000
5262,692,245,2024-12-26 11:20:32.801 +0000
2096,213,330,2024-12-16 15:57:05.986 +0000
2110,351,52,2024-12-16 15:57:05.986 +0000
3817,486,448,2024-12-16 18:14:32.590 +0000
3820,448,242,2024-12-16 18:17:27.839 +0000
3827,448,427,2024-12-16 18:17:34.001 +0000
3831,448,385,2024-12-16 18:17:37.014 +0000
8119,1150,405,2025-01-11 11:05:34.139 +0000
3884,260,390,2024-12-16 21:14:53.114 +0000
3894,260,405,2024-12-16 21:15:16.649 +0000
3916,260,293,2024-12-16 21:18:19.822 +0000
3921,468,370,2024-12-16 21:56:28.438 +0000
5269,692,268,2024-12-26 11:21:00.579 +0000
3924,492,230,2024-12-16 23:22:23.309 +0000
8130,1146,419,2025-01-11 14:43:25.018 +0000
9681,213,1479,2025-01-24 22:48:09.572 +0000
3967,459,439,2024-12-17 19:41:01.116 +0000
3974,468,200,2024-12-17 19:43:12.536 +0000
3980,489,166,2024-12-17 22:12:26.069 +0000
3993,505,465,2024-12-18 00:30:23.015 +0000
5291,692,525,2024-12-26 11:21:34.141 +0000
9683,1673,1369,2025-01-24 22:48:33.121 +0000
5328,692,167,2024-12-26 11:24:58.350 +0000
8149,1165,525,2025-01-11 15:03:23.864 +0000
8176,1174,260,2025-01-11 19:31:23.836 +0000
9711,850,1077,2025-01-25 11:51:26.628 +0000
5409,705,144,2024-12-26 18:41:59.572 +0000
5426,713,595,2024-12-26 22:43:57.004 +0000
5440,717,34,2024-12-27 00:11:49.145 +0000
10036,1894,1032,2025-01-27 14:40:56.743 +0000
8215,1183,385,2025-01-12 09:19:14.809 +0000
5498,692,316,2024-12-27 12:14:08.510 +0000
5537,489,149,2024-12-27 15:37:00.227 +0000
5539,707,55,2024-12-27 17:58:13.680 +0000
5581,735,722,2024-12-27 21:16:51.530 +0000
5622,738,227,2024-12-27 21:44:15.251 +0000
5671,738,186,2024-12-27 21:53:35.260 +0000
6692,845,784,2024-12-31 04:03:29.120 +0000
6705,845,79,2024-12-31 04:11:26.695 +0000
6770,848,418,2024-12-31 10:56:19.621 +0000
6781,849,794,2024-12-31 11:47:16.138 +0000
8246,1194,37,2025-01-12 11:35:16.562 +0000
8267,1194,600,2025-01-12 11:38:23.162 +0000
10041,1603,1450,2025-01-27 16:53:07.830 +0000
8280,1201,426,2025-01-12 14:07:42.221 +0000
10050,1325,1104,2025-01-27 17:45:36.277 +0000
8287,1201,847,2025-01-12 14:12:32.448 +0000
8294,1203,448,2025-01-12 15:06:05.699 +0000
8312,1179,802,2025-01-12 17:54:16.757 +0000
8319,1220,260,2025-01-13 06:57:44.377 +0000
8322,1224,396,2025-01-13 10:34:33.636 +0000
8356,654,386,2025-01-13 17:54:54.359 +0000
8361,654,419,2025-01-13 17:55:12.476 +0000
8382,845,1102,2025-01-13 18:14:05.059 +0000
8407,1244,400,2025-01-13 22:47:06.769 +0000
8421,1253,789,2025-01-14 18:58:47.226 +0000
8432,1257,433,2025-01-14 20:32:02.350 +0000
8453,1257,196,2025-01-14 20:34:41.128 +0000
8460,1257,487,2025-01-14 20:34:59.502 +0000
10085,1907,1412,2025-01-27 19:30:09.085 +0000
8480,1257,511,2025-01-14 20:36:25.674 +0000
10108,213,919,2025-01-27 21:06:51.316 +0000
8814,1428,414,2025-01-19 22:14:00.502 +0000
8817,1428,572,2025-01-19 22:14:11.499 +0000
12385,2457,1350,2025-02-06 07:47:14.004 +0000
8857,1440,468,2025-01-20 02:15:16.903 +0000
8860,1440,320,2025-01-20 02:15:51.941 +0000
8862,1440,563,2025-01-20 02:16:16.727 +0000
8909,1444,572,2025-01-20 11:12:33.465 +0000
10118,1917,1021,2025-01-27 21:25:26.431 +0000
8939,260,1453,2025-01-20 15:03:35.296 +0000
10186,553,1575,2025-01-28 10:54:15.473 +0000
9070,1490,885,2025-01-21 17:14:53.170 +0000
9207,1269,1526,2025-01-22 07:56:50.157 +0000
9226,1540,1369,2025-01-22 10:28:23.320 +0000
9243,1544,560,2025-01-22 14:38:45.371 +0000
10190,1311,213,2025-01-28 11:30:36.242 +0000
10241,1980,1580,2025-01-28 20:31:38.537 +0000
10246,1982,816,2025-01-28 20:59:50.331 +0000
10250,1986,572,2025-01-28 21:23:57.483 +0000
10255,1986,1079,2025-01-28 21:24:07.692 +0000
10267,1992,1350,2025-01-28 23:11:42.014 +0000
10298,1996,818,2025-01-28 23:59:46.003 +0000
10303,1996,1483,2025-01-29 00:07:48.749 +0000
10317,1974,1995,2025-01-29 09:29:33.803 +0000
10318,2001,551,2025-01-29 10:42:21.486 +0000
12388,2457,1292,2025-02-06 07:47:26.207 +0000
10367,1365,1320,2025-01-29 13:12:26.760 +0000
10423,1977,1536,2025-01-29 18:10:13.365 +0000
10460,1977,1470,2025-01-29 20:47:08.008 +0000
10478,370,1364,2025-01-29 21:15:11.806 +0000
10525,2020,1378,2025-01-29 22:36:31.439 +0000
10533,12,67,2025-01-29 22:39:58.629 +0000
10540,2030,1378,2025-01-30 01:02:57.096 +0000
10545,2031,791,2025-01-30 01:37:01.085 +0000
10564,2032,1922,2025-01-30 02:42:39.220 +0000
10573,1918,1360,2025-01-30 03:05:21.670 +0000
10604,2036,2031,2025-01-30 09:18:07.438 +0000
10612,2038,1517,2025-01-30 09:36:41.914 +0000
12399,2458,1541,2025-02-06 08:36:56.369 +0000
10642,2036,1360,2025-01-30 12:00:20.370 +0000
10659,1204,1027,2025-01-30 13:01:08.635 +0000
10691,1977,707,2025-01-30 16:47:07.561 +0000
10693,213,964,2025-01-30 16:54:14.388 +0000
10747,2067,1173,2025-01-30 20:17:48.070 +0000
10764,2067,1292,2025-01-30 20:18:48.225 +0000
10818,2053,1369,2025-01-31 00:17:17.729 +0000
10825,2053,1871,2025-01-31 00:18:08.058 +0000
10827,2053,1075,2025-01-31 00:18:24.085 +0000
10839,2087,1027,2025-01-31 01:12:24.280 +0000
10852,2087,1995,2025-01-31 01:15:03.996 +0000
10927,2109,745,2025-01-31 13:05:13.210 +0000
10943,260,1473,2025-01-31 13:42:00.564 +0000
10989,12,542,2025-01-31 14:38:10.098 +0000
11007,213,728,2025-01-31 14:44:11.186 +0000
11020,213,1334,2025-01-31 14:45:57.966 +0000
11022,213,1481,2025-01-31 14:46:35.466 +0000
11041,1416,2002,2025-01-31 14:52:20.697 +0000
11042,1416,1975,2025-01-31 14:52:58.766 +0000
11047,1416,1929,2025-01-31 14:53:12.660 +0000
11062,1365,1552,2025-01-31 17:55:18.332 +0000
11203,2136,371,2025-02-01 13:04:25.281 +0000
11205,2136,1365,2025-02-01 13:05:03.067 +0000
11212,1319,2032,2025-02-01 13:07:43.329 +0000
11222,978,1027,2025-02-01 13:08:54.576 +0000
11247,2020,1031,2025-02-01 15:22:56.091 +0000
11249,1977,2020,2025-02-01 16:04:23.634 +0000
11274,2150,2,2025-02-01 20:50:31.713 +0000
11296,1163,1365,2025-02-01 22:27:51.885 +0000
11303,1163,1651,2025-02-01 22:28:28.080 +0000
11311,1163,1641,2025-02-01 22:31:22.073 +0000
12793,2548,2521,2025-02-08 01:21:41.263 +0000
12802,1330,2562,2025-02-08 05:21:15.509 +0000
12803,2503,512,2025-02-08 07:12:27.313 +0000
12804,2503,2315,2025-02-08 07:12:38.797 +0000
12806,2361,1057,2025-02-08 09:41:28.412 +0000
12807,2361,448,2025-02-08 09:41:43.056 +0000
12808,2583,2502,2025-02-08 09:44:27.470 +0000
12809,2583,1369,2025-02-08 09:44:41.508 +0000
12810,2566,553,2025-02-08 10:06:10.639 +0000
12811,2566,271,2025-02-08 10:06:13.072 +0000
12812,2566,241,2025-02-08 10:06:16.753 +0000
12813,2566,260,2025-02-08 10:06:21.089 +0000
12814,2566,692,2025-02-08 10:06:26.361 +0000
12815,2566,707,2025-02-08 10:06:29.317 +0000
12816,2566,970,2025-02-08 10:06:36.503 +0000
12817,553,2566,2025-02-08 10:10:51.822 +0000
12818,2564,2570,2025-02-08 11:23:27.366 +0000
12819,2587,2239,2025-02-08 11:55:34.694 +0000
12820,2566,868,2025-02-08 12:14:17.226 +0000
12821,2566,1065,2025-02-08 12:14:19.872 +0000
12822,2566,791,2025-02-08 12:14:24.709 +0000
12823,2566,522,2025-02-08 12:14:28.019 +0000
12824,2566,1180,2025-02-08 12:14:45.517 +0000
12825,2566,2039,2025-02-08 12:14:49.995 +0000
12826,2566,1893,2025-02-08 12:14:58.776 +0000
12827,2589,2565,2025-02-08 12:55:07.517 +0000
12828,2589,1333,2025-02-08 12:55:20.506 +0000
12830,2589,2521,2025-02-08 12:55:32.484 +0000
12831,2589,1079,2025-02-08 12:56:21.522 +0000
12833,1333,2329,2025-02-08 12:58:43.013 +0000
12834,966,1330,2025-02-08 13:01:54.298 +0000
12835,2566,1223,2025-02-08 13:19:34.942 +0000
12836,2566,760,2025-02-08 13:19:42.403 +0000
12837,2566,2107,2025-02-08 13:21:00.870 +0000
12838,2566,1704,2025-02-08 13:21:09.162 +0000
12839,2566,819,2025-02-08 13:21:14.837 +0000
12840,2566,902,2025-02-08 13:21:31.963 +0000
12841,2566,1115,2025-02-08 13:21:38.817 +0000
12842,2566,1020,2025-02-08 13:21:56.394 +0000
12843,2566,654,2025-02-08 13:23:23.420 +0000
12844,2566,1387,2025-02-08 13:23:27.411 +0000
12845,2566,1072,2025-02-08 13:23:30.557 +0000
12846,2566,1079,2025-02-08 13:24:07.743 +0000
12849,2566,1326,2025-02-08 13:27:06.008 +0000
12850,2566,488,2025-02-08 13:27:42.955 +0000
12851,2566,903,2025-02-08 13:29:04.598 +0000
12852,2566,932,2025-02-08 13:29:28.833 +0000
12853,2566,1267,2025-02-08 13:29:35.078 +0000
12854,2566,761,2025-02-08 13:30:29.146 +0000
12855,2566,2456,2025-02-08 13:30:35.425 +0000
12856,2566,904,2025-02-08 13:31:29.936 +0000
12857,2566,1590,2025-02-08 13:31:39.800 +0000
12858,2566,883,2025-02-08 13:32:05.371 +0000
12859,2548,468,2025-02-08 13:55:59.986 +0000
12860,2599,1880,2025-02-08 14:11:24.314 +0000
12861,2502,2570,2025-02-08 14:15:35.852 +0000
12862,553,2186,2025-02-08 14:20:21.964 +0000
12863,553,2436,2025-02-08 14:20:47.074 +0000
12865,2600,2407,2025-02-08 14:40:12.454 +0000
12866,2600,1021,2025-02-08 14:40:13.509 +0000
12867,2600,47,2025-02-08 14:40:26.906 +0000
12868,2600,2521,2025-02-08 14:40:27.973 +0000
12869,2600,2502,2025-02-08 14:40:28.969 +0000
12870,2600,1378,2025-02-08 14:40:45.726 +0000
12872,2600,50,2025-02-08 14:40:50.609 +0000
12873,2566,1446,2025-02-08 15:11:49.297 +0000
12874,2566,621,2025-02-08 15:11:59.953 +0000
12875,2604,1021,2025-02-08 15:26:52.543 +0000
12876,2604,2525,2025-02-08 15:28:45.404 +0000
12884,750,699,2025-02-08 15:44:29.936 +0000
12885,1163,1536,2025-02-08 16:09:38.462 +0000
12886,2361,2502,2025-02-08 17:18:17.132 +0000
12887,2609,1369,2025-02-08 17:43:24.081 +0000
12888,2611,400,2025-02-08 18:13:58.058 +0000
12889,2470,2496,2025-02-08 18:14:05.295 +0000
12890,2611,2161,2025-02-08 18:15:13.638 +0000
12891,927,2588,2025-02-08 18:24:31.455 +0000
