"profile_1_id","profile_2_id","created_at","expires_at"
3685,2963,2025-02-28 12:46:11.582 +0000,2025-03-07 12:46:11.586 +0000
3685,3661,2025-02-28 12:46:49.138 +0000,2025-03-07 12:46:49.143 +0000
2223,867,2025-02-28 13:04:15.762 +0000,2025-03-07 13:04:15.767 +0000
2223,3194,2025-02-28 13:09:00.452 +0000,2025-03-07 13:09:00.458 +0000
3682,735,2025-02-28 13:37:25.644 +0000,2025-03-07 13:37:25.649 +0000
3593,3134,2025-02-28 14:11:24.140 +0000,2025-03-07 14:11:24.144 +0000
3484,2551,2025-03-05 12:44:46.183 +0000,2025-03-12 12:44:46.189 +0000
3838,3692,2025-03-05 12:46:03.916 +0000,2025-03-12 12:46:03.922 +0000
3838,970,2025-03-05 12:49:23.912 +0000,2025-03-12 12:49:23.917 +0000
3838,2728,2025-03-05 12:52:04.276 +0000,2025-03-12 12:52:04.282 +0000
3838,3598,2025-03-05 12:52:11.355 +0000,2025-03-12 12:52:11.361 +0000
2581,3134,2025-03-05 13:03:57.278 +0000,2025-03-12 13:03:57.283 +0000
3079,3645,2025-03-05 15:26:26.161 +0000,2025-03-12 15:26:26.168 +0000
3079,3462,2025-03-05 15:26:59.247 +0000,2025-03-12 15:26:59.252 +0000
3079,1028,2025-03-05 15:27:54.893 +0000,2025-03-12 15:27:54.899 +0000
2581,2599,2025-02-26 13:01:00.712 +0000,2025-03-05 13:01:00.717 +0000
2581,1569,2025-02-26 13:01:38.124 +0000,2025-03-05 13:01:38.130 +0000
580,3184,2025-02-26 13:03:35.619 +0000,2025-03-05 13:03:35.626 +0000
580,3276,2025-02-26 13:03:54.193 +0000,2025-03-05 13:03:54.198 +0000
271,3536,2025-02-26 01:21:15.048 +0000,2025-03-05 13:45:27.559 +0000
260,1596,2025-02-26 15:57:30.809 +0000,2025-03-05 15:57:30.813 +0000
3621,3618,2025-02-26 20:23:04.116 +0000,2025-03-05 20:23:04.120 +0000
3640,2182,2025-02-26 20:55:44.132 +0000,2025-03-05 20:56:06.786 +0000
3564,1474,2025-02-26 21:59:13.761 +0000,2025-03-05 21:59:13.766 +0000
419,3100,2025-03-01 00:33:32.563 +0000,2025-03-08 00:33:32.776 +0000
3631,3523,2025-02-27 12:29:40.523 +0000,2025-03-06 12:30:33.141 +0000
3621,1530,2025-02-26 20:24:27.158 +0000,2025-03-05 23:50:11.763 +0000
3656,3007,2025-02-27 13:08:21.753 +0000,2025-03-06 13:08:21.759 +0000
3656,2086,2025-02-27 13:09:41.356 +0000,2025-03-06 13:09:41.362 +0000
3085,2136,2025-02-27 13:15:45.420 +0000,2025-03-06 13:15:45.426 +0000
260,3390,2025-02-27 14:31:45.417 +0000,2025-03-06 14:31:45.422 +0000
3594,512,2025-02-27 14:33:22.373 +0000,2025-03-06 14:33:22.378 +0000
3594,15,2025-02-27 14:33:37.316 +0000,2025-03-06 14:33:37.322 +0000
3594,2394,2025-02-27 14:34:00.790 +0000,2025-03-06 14:34:00.795 +0000
3594,2371,2025-02-27 14:34:27.346 +0000,2025-03-06 14:34:27.352 +0000
3594,1531,2025-02-27 14:35:04.010 +0000,2025-03-06 14:35:04.015 +0000
3594,411,2025-02-27 14:35:22.274 +0000,2025-03-06 14:35:22.279 +0000
3594,3110,2025-02-27 14:35:27.871 +0000,2025-03-06 14:35:27.877 +0000
3703,3379,2025-03-01 03:34:57.823 +0000,2025-03-08 03:34:57.828 +0000
3704,2876,2025-03-01 06:00:05.874 +0000,2025-03-08 06:00:05.880 +0000
3682,2375,2025-03-01 09:34:58.546 +0000,2025-03-08 09:34:58.552 +0000
3682,228,2025-03-01 09:36:00.937 +0000,2025-03-08 09:36:00.943 +0000
1330,3074,2025-03-01 10:27:52.623 +0000,2025-03-08 10:27:52.628 +0000
3656,2876,2025-03-01 12:20:11.086 +0000,2025-03-08 12:20:11.091 +0000
3707,3563,2025-03-01 12:22:46.206 +0000,2025-03-08 12:22:46.212 +0000
3656,767,2025-03-01 12:24:24.867 +0000,2025-03-08 12:24:24.872 +0000
3594,3711,2025-03-02 00:46:27.735 +0000,2025-03-09 00:46:27.740 +0000
3071,1483,2025-03-02 06:55:14.751 +0000,2025-03-09 06:55:14.756 +0000
3071,3722,2025-03-02 06:55:24.996 +0000,2025-03-09 06:55:25.002 +0000
3676,3683,2025-03-02 08:28:03.855 +0000,2025-03-09 08:28:03.860 +0000
3754,2748,2025-03-03 01:00:11.236 +0000,2025-03-10 01:00:11.241 +0000
3564,2728,2025-03-02 13:01:57.839 +0000,2025-03-09 13:01:57.847 +0000
3707,3733,2025-03-02 14:26:51.020 +0000,2025-03-09 14:26:51.025 +0000
3734,3713,2025-03-02 14:33:35.222 +0000,2025-03-09 14:33:35.226 +0000
2211,194,2025-03-02 15:21:40.528 +0000,2025-03-09 15:21:40.537 +0000
3743,2425,2025-03-02 18:31:22.668 +0000,2025-03-09 18:31:22.673 +0000
3699,3071,2025-03-02 19:18:57.689 +0000,2025-03-09 19:18:57.693 +0000
3693,1083,2025-03-03 10:26:35.347 +0000,2025-03-10 10:26:35.352 +0000
3764,3523,2025-03-03 10:38:32.563 +0000,2025-03-10 10:38:32.570 +0000
3767,481,2025-03-03 11:53:53.537 +0000,2025-03-10 11:53:53.543 +0000
3739,3642,2025-03-03 11:57:59.548 +0000,2025-03-10 11:57:59.552 +0000
2793,1391,2025-03-03 13:00:28.437 +0000,2025-03-10 13:00:28.445 +0000
3579,3597,2025-03-03 13:02:45.478 +0000,2025-03-10 13:02:45.483 +0000
707,1,2025-03-04 01:04:12.130 +0000,2025-03-11 01:05:20.528 +0000
3055,3020,2025-03-03 13:26:35.985 +0000,2025-03-10 13:26:35.991 +0000
3055,1232,2025-03-03 13:27:12.824 +0000,2025-03-10 13:27:12.830 +0000
3772,3598,2025-03-03 14:41:24.153 +0000,2025-03-10 14:41:24.158 +0000
3773,3311,2025-03-03 14:45:04.398 +0000,2025-03-10 14:45:04.403 +0000
3773,2714,2025-03-03 14:47:06.583 +0000,2025-03-10 14:47:06.589 +0000
3734,3743,2025-03-03 16:48:17.789 +0000,2025-03-10 16:48:17.797 +0000
3777,927,2025-03-03 17:27:35.978 +0000,2025-03-10 17:27:35.983 +0000
3594,3716,2025-03-03 19:02:46.952 +0000,2025-03-10 19:02:46.957 +0000
3783,2502,2025-03-03 20:10:19.113 +0000,2025-03-10 20:10:19.119 +0000
538,3692,2025-03-04 09:44:25.568 +0000,2025-03-11 09:44:25.574 +0000
2728,1065,2025-03-04 11:27:07.895 +0000,2025-03-11 11:27:07.900 +0000
3824,2084,2025-03-04 11:34:12.957 +0000,2025-03-11 11:34:12.961 +0000
3655,3724,2025-03-04 11:56:31.325 +0000,2025-03-11 11:56:31.330 +0000
3826,310,2025-03-04 12:17:47.140 +0000,2025-03-11 12:17:47.146 +0000
3826,2375,2025-03-04 12:18:32.386 +0000,2025-03-11 12:18:32.391 +0000
3484,3593,2025-03-05 12:45:06.382 +0000,2025-03-12 12:45:06.388 +0000
3838,2085,2025-03-05 12:48:32.927 +0000,2025-03-12 12:48:32.932 +0000
3838,3764,2025-03-05 12:49:27.549 +0000,2025-03-12 12:49:27.555 +0000
3838,3747,2025-03-05 12:51:01.153 +0000,2025-03-12 12:51:01.158 +0000
481,1104,2025-03-05 13:00:47.091 +0000,2025-03-12 13:00:47.096 +0000
3685,3539,2025-02-28 12:46:16.386 +0000,2025-03-07 12:46:16.392 +0000
481,2347,2025-03-05 13:01:45.755 +0000,2025-03-12 13:01:45.760 +0000
3628,2525,2025-03-05 13:07:30.550 +0000,2025-03-12 13:07:30.555 +0000
3079,927,2025-03-05 15:27:12.810 +0000,2025-03-12 15:27:12.816 +0000
2020,3833,2025-03-05 15:28:02.843 +0000,2025-03-12 15:28:02.848 +0000
3754,3684,2025-03-03 01:00:37.445 +0000,2025-03-10 01:00:37.450 +0000
3762,3536,2025-03-03 04:26:03.418 +0000,2025-03-10 04:26:03.424 +0000
3315,2142,2025-03-04 05:24:50.895 +0000,2025-03-11 05:24:50.901 +0000
1330,3276,2025-03-04 08:13:32.219 +0000,2025-03-11 08:13:32.225 +0000
1330,3205,2025-03-04 08:15:50.675 +0000,2025-03-11 08:15:50.680 +0000
2020,3172,2025-03-05 15:35:04.888 +0000,2025-03-12 15:35:04.892 +0000
2223,3593,2025-02-28 13:06:10.496 +0000,2025-03-07 13:06:10.501 +0000
3654,3350,2025-02-27 12:33:33.942 +0000,2025-03-06 12:33:39.879 +0000
481,1146,2025-02-27 13:00:10.903 +0000,2025-03-06 13:01:59.586 +0000
3656,2866,2025-02-27 13:07:02.465 +0000,2025-03-06 13:07:02.470 +0000
3657,1286,2025-02-27 13:11:31.121 +0000,2025-03-06 13:11:31.126 +0000
3085,433,2025-02-27 13:15:51.559 +0000,2025-03-06 13:15:51.565 +0000
3594,3102,2025-02-27 14:30:19.652 +0000,2025-03-06 14:30:19.658 +0000
3594,1233,2025-02-27 14:33:23.674 +0000,2025-03-06 14:33:23.678 +0000
3594,2704,2025-02-27 14:33:38.958 +0000,2025-03-06 14:33:38.963 +0000
3591,2218,2025-02-26 12:28:03.497 +0000,2025-03-05 12:28:03.503 +0000
591,3594,2025-02-26 13:00:55.687 +0000,2025-03-05 13:00:55.693 +0000
591,934,2025-02-26 13:01:22.518 +0000,2025-03-05 13:01:22.523 +0000
3514,2980,2025-02-26 13:07:26.609 +0000,2025-03-05 13:07:26.614 +0000
3594,3261,2025-02-27 14:34:06.129 +0000,2025-03-06 14:34:06.135 +0000
3594,302,2025-02-27 14:35:05.774 +0000,2025-03-06 14:35:05.779 +0000
3594,1566,2025-02-27 14:35:19.727 +0000,2025-03-06 14:35:19.731 +0000
3594,1326,2025-02-27 14:35:47.276 +0000,2025-03-06 14:35:47.281 +0000
3260,2521,2025-02-26 13:15:51.109 +0000,2025-03-05 13:16:52.418 +0000
260,667,2025-02-26 15:57:29.699 +0000,2025-03-05 15:57:29.706 +0000
2154,2741,2025-02-26 16:36:38.265 +0000,2025-03-05 16:36:45.904 +0000
3594,1001,2025-02-27 14:36:09.806 +0000,2025-03-06 14:36:09.812 +0000
3621,1234,2025-02-26 20:23:42.251 +0000,2025-03-05 20:23:42.256 +0000
3621,3391,2025-02-26 20:23:13.930 +0000,2025-03-05 20:24:01.408 +0000
3536,2200,2025-02-24 00:14:59.244 +0000,2025-03-05 23:26:53.132 +0000
3201,419,2025-03-01 00:54:10.658 +0000,2025-03-08 00:54:10.662 +0000
3703,3563,2025-03-01 03:33:23.504 +0000,2025-03-08 03:33:23.509 +0000
2223,3276,2025-02-28 13:09:35.805 +0000,2025-03-07 13:09:44.126 +0000
3682,1163,2025-02-28 13:37:09.298 +0000,2025-03-07 13:37:09.303 +0000
3682,553,2025-02-28 13:37:28.176 +0000,2025-03-07 13:37:28.181 +0000
2471,911,2025-02-28 13:56:27.045 +0000,2025-03-07 13:56:27.050 +0000
3593,3436,2025-02-28 14:11:47.726 +0000,2025-03-07 14:11:47.731 +0000
3704,3055,2025-03-01 06:00:34.590 +0000,2025-03-08 06:00:34.595 +0000
3704,3508,2025-03-01 06:01:03.134 +0000,2025-03-08 06:01:03.140 +0000
3704,970,2025-03-01 06:02:23.983 +0000,2025-03-08 06:02:23.989 +0000
3682,1325,2025-03-01 09:35:59.945 +0000,2025-03-08 09:35:59.950 +0000
1330,3692,2025-03-01 10:27:36.614 +0000,2025-03-08 10:27:36.619 +0000
2728,2371,2025-03-01 11:38:38.322 +0000,2025-03-08 11:38:38.328 +0000
3656,596,2025-03-01 12:22:52.476 +0000,2025-03-08 12:22:52.481 +0000
3707,3617,2025-03-01 12:24:32.755 +0000,2025-03-08 12:24:32.760 +0000
3656,3016,2025-03-01 12:24:51.446 +0000,2025-03-08 12:24:51.450 +0000
3594,3693,2025-03-02 00:46:28.637 +0000,2025-03-09 00:46:28.642 +0000
3699,3722,2025-03-02 00:53:02.582 +0000,2025-03-09 00:53:02.589 +0000
3071,3462,2025-03-02 06:54:58.902 +0000,2025-03-09 06:54:58.906 +0000
3071,1178,2025-03-02 06:55:26.785 +0000,2025-03-09 06:55:26.792 +0000
3071,3382,2025-03-02 06:55:33.691 +0000,2025-03-09 06:55:33.696 +0000
3676,2616,2025-03-02 08:28:44.513 +0000,2025-03-09 08:28:44.518 +0000
3564,260,2025-03-02 13:01:59.350 +0000,2025-03-09 13:01:59.355 +0000
3735,1462,2025-03-02 14:41:53.375 +0000,2025-03-09 14:41:53.379 +0000
3735,436,2025-03-02 14:43:15.482 +0000,2025-03-09 14:43:15.487 +0000
3735,3286,2025-03-02 16:46:33.185 +0000,2025-03-09 16:46:33.190 +0000
66,2617,2025-03-04 09:27:33.322 +0000,2025-03-11 09:27:33.327 +0000
3763,2714,2025-03-03 06:07:41.285 +0000,2025-03-10 06:07:41.292 +0000
3676,3137,2025-03-03 08:57:05.794 +0000,2025-03-10 08:57:05.798 +0000
3764,2371,2025-03-03 10:39:13.792 +0000,2025-03-10 10:39:13.798 +0000
3767,2347,2025-03-03 11:52:06.814 +0000,2025-03-10 11:52:06.819 +0000
3822,1491,2025-03-04 11:25:05.316 +0000,2025-03-11 11:25:05.320 +0000
3660,3220,2025-03-03 13:00:28.632 +0000,2025-03-10 13:00:28.639 +0000
1985,95,2025-03-03 13:13:29.697 +0000,2025-03-10 13:13:29.703 +0000
1526,1512,2025-03-03 15:14:18.479 +0000,2025-03-10 15:14:18.485 +0000
3777,3228,2025-03-03 18:16:54.220 +0000,2025-03-10 18:16:54.227 +0000
465,3099,2025-03-03 19:37:27.503 +0000,2025-03-10 19:37:27.509 +0000
3564,3219,2025-03-03 15:28:26.518 +0000,2025-03-10 20:58:13.470 +0000
3824,3787,2025-03-04 11:34:09.169 +0000,2025-03-11 11:34:09.174 +0000
3824,3083,2025-03-04 11:34:39.813 +0000,2025-03-11 11:34:39.819 +0000
3824,2415,2025-03-04 11:36:19.305 +0000,2025-03-11 11:36:19.310 +0000
3826,1083,2025-03-04 12:18:35.242 +0000,2025-03-11 23:54:23.254 +0000
3484,3350,2025-03-05 12:45:27.115 +0000,2025-03-12 12:45:27.120 +0000
3838,2456,2025-03-05 12:49:10.537 +0000,2025-03-12 12:49:10.541 +0000
3762,2456,2025-03-05 12:49:19.814 +0000,2025-03-12 12:49:19.819 +0000
3838,713,2025-03-05 12:50:31.153 +0000,2025-03-12 12:50:31.158 +0000
481,66,2025-03-05 13:00:49.222 +0000,2025-03-12 13:00:49.228 +0000
1108,3460,2025-03-05 13:01:13.985 +0000,2025-03-12 13:01:13.991 +0000
481,3473,2025-03-05 13:01:38.207 +0000,2025-03-12 13:01:38.214 +0000
2581,2074,2025-03-05 13:03:58.782 +0000,2025-03-12 13:03:58.788 +0000
3079,1262,2025-03-05 15:26:43.816 +0000,2025-03-12 15:26:43.822 +0000
3654,3540,2025-02-27 12:34:21.534 +0000,2025-03-06 12:34:21.539 +0000
2067,3621,2025-02-27 13:00:51.421 +0000,2025-03-06 13:00:51.809 +0000
481,1977,2025-02-27 13:02:01.669 +0000,2025-03-06 13:02:01.674 +0000
538,15,2025-02-27 13:04:11.022 +0000,2025-03-06 13:04:11.026 +0000
3754,2874,2025-03-03 01:01:17.784 +0000,2025-03-10 01:01:17.792 +0000
3591,3621,2025-02-26 12:27:52.980 +0000,2025-03-05 12:27:52.987 +0000
899,1282,2025-02-26 13:00:51.679 +0000,2025-03-05 13:00:51.683 +0000
580,1283,2025-02-26 13:05:28.668 +0000,2025-03-05 13:05:28.674 +0000
3656,3618,2025-02-27 13:07:58.915 +0000,2025-03-06 13:07:58.920 +0000
2867,816,2025-03-03 04:44:32.967 +0000,2025-03-10 04:44:32.972 +0000
3763,3007,2025-03-03 06:08:28.029 +0000,2025-03-10 06:08:28.035 +0000
3315,3460,2025-03-04 05:25:06.742 +0000,2025-03-11 05:25:06.748 +0000
1220,3465,2025-03-04 08:58:31.030 +0000,2025-03-11 08:58:31.035 +0000
3656,1785,2025-02-27 13:09:27.667 +0000,2025-03-06 13:09:27.674 +0000
3085,2878,2025-02-27 13:15:54.010 +0000,2025-03-06 13:15:54.016 +0000
3642,3772,2025-03-04 11:09:10.063 +0000,2025-03-11 11:09:10.067 +0000
3642,3220,2025-03-04 11:11:18.653 +0000,2025-03-11 11:11:18.658 +0000
1573,3621,2025-02-27 13:55:56.224 +0000,2025-03-06 13:55:56.230 +0000
1573,2749,2025-02-27 13:56:11.791 +0000,2025-03-06 13:56:11.797 +0000
3594,2793,2025-02-27 14:29:27.999 +0000,2025-03-06 14:29:28.004 +0000
3594,934,2025-02-27 14:30:07.895 +0000,2025-03-06 14:30:07.901 +0000
3685,3602,2025-02-28 12:46:17.132 +0000,2025-03-07 12:46:17.137 +0000
3594,3050,2025-02-27 14:30:23.506 +0000,2025-03-06 14:30:23.511 +0000
260,1218,2025-02-27 14:31:44.871 +0000,2025-03-06 14:31:44.875 +0000
3594,1917,2025-02-27 14:34:10.751 +0000,2025-03-06 14:34:10.756 +0000
260,1975,2025-02-26 15:58:09.329 +0000,2025-03-05 17:43:46.859 +0000
3598,2171,2025-02-26 20:28:52.680 +0000,2025-03-05 20:28:52.685 +0000
3594,2585,2025-02-27 14:34:57.948 +0000,2025-03-06 14:34:57.954 +0000
3594,1510,2025-02-27 14:35:41.259 +0000,2025-03-06 14:35:41.264 +0000
3594,1180,2025-02-27 14:36:02.642 +0000,2025-03-06 14:36:02.647 +0000
3639,2532,2025-02-26 20:47:55.823 +0000,2025-03-05 20:48:40.173 +0000
3642,15,2025-02-26 22:30:21.994 +0000,2025-03-05 22:30:21.999 +0000
2223,2625,2025-02-28 13:04:35.793 +0000,2025-03-07 13:04:42.893 +0000
2223,2815,2025-02-28 13:05:25.160 +0000,2025-03-07 13:05:25.165 +0000
2617,3584,2025-02-26 08:09:02.845 +0000,2025-03-07 12:15:12.659 +0000
2223,3344,2025-02-28 13:09:08.481 +0000,2025-03-07 13:09:08.486 +0000
2223,2714,2025-02-28 13:11:58.761 +0000,2025-03-07 13:11:58.767 +0000
3682,3523,2025-02-28 13:37:30.756 +0000,2025-03-07 13:37:30.763 +0000
3593,3238,2025-02-28 14:11:49.226 +0000,2025-03-07 14:11:49.231 +0000
3201,3679,2025-03-01 00:54:24.409 +0000,2025-03-08 00:54:24.413 +0000
3594,2616,2025-03-02 00:46:29.485 +0000,2025-03-09 00:46:29.492 +0000
2984,2521,2025-03-02 04:53:55.782 +0000,2025-03-09 04:53:55.789 +0000
3071,3201,2025-03-02 06:54:55.887 +0000,2025-03-09 06:54:55.893 +0000
3656,3705,2025-03-02 07:41:25.426 +0000,2025-03-09 07:41:25.432 +0000
2713,3581,2025-02-28 14:15:43.353 +0000,2025-03-07 17:50:10.096 +0000
3676,1325,2025-03-02 08:28:16.948 +0000,2025-03-09 08:28:16.954 +0000
3676,1083,2025-03-02 08:28:40.769 +0000,2025-03-09 08:28:40.774 +0000
3731,3724,2025-03-02 11:57:12.393 +0000,2025-03-09 11:57:12.399 +0000
3564,3709,2025-03-02 13:01:47.952 +0000,2025-03-09 13:01:47.957 +0000
3564,2656,2025-03-02 13:02:03.190 +0000,2025-03-09 13:02:03.198 +0000
3564,254,2025-03-02 13:02:14.889 +0000,2025-03-09 13:02:14.894 +0000
3735,468,2025-03-02 14:43:28.963 +0000,2025-03-09 14:43:28.970 +0000
3676,11,2025-03-03 08:57:00.950 +0000,2025-03-10 08:57:00.956 +0000
3640,3734,2025-03-02 15:46:16.020 +0000,2025-03-09 15:46:16.023 +0000
3735,2996,2025-03-02 16:46:31.725 +0000,2025-03-09 16:46:31.730 +0000
2728,728,2025-03-04 11:27:12.510 +0000,2025-03-11 11:27:12.514 +0000
3824,3525,2025-03-04 11:34:53.101 +0000,2025-03-11 11:34:53.106 +0000
3743,3706,2025-03-02 18:31:25.549 +0000,2025-03-09 19:57:19.699 +0000
3681,3730,2025-03-03 09:44:13.442 +0000,2025-03-10 09:44:13.449 +0000
3764,1526,2025-03-03 10:38:57.414 +0000,2025-03-10 10:38:57.420 +0000
3824,3581,2025-03-04 11:35:23.381 +0000,2025-03-11 11:35:23.385 +0000
9,2182,2025-03-03 13:00:19.209 +0000,2025-03-10 13:00:19.223 +0000
3824,2815,2025-03-04 11:36:22.573 +0000,2025-03-11 11:36:22.578 +0000
3588,3466,2025-03-03 13:00:33.355 +0000,2025-03-10 13:00:33.361 +0000
2793,2625,2025-03-03 13:00:42.413 +0000,2025-03-10 13:00:42.426 +0000
1546,3723,2025-03-03 13:01:20.576 +0000,2025-03-10 13:01:20.581 +0000
3676,2625,2025-03-03 13:24:29.092 +0000,2025-03-10 13:24:29.096 +0000
3055,2689,2025-03-03 13:26:45.759 +0000,2025-03-10 13:26:45.764 +0000
3055,883,2025-03-03 13:27:26.860 +0000,2025-03-10 13:27:26.864 +0000
3774,3409,2025-03-03 15:34:43.535 +0000,2025-03-10 15:34:43.540 +0000
3734,3640,2025-03-03 16:48:14.181 +0000,2025-03-10 16:48:14.188 +0000
465,3502,2025-03-03 19:36:36.856 +0000,2025-03-10 19:36:36.861 +0000
3838,2793,2025-03-05 12:45:55.119 +0000,2025-03-12 12:45:55.125 +0000
3838,3146,2025-03-05 12:46:20.382 +0000,2025-03-12 12:46:20.389 +0000
3838,751,2025-03-05 12:48:07.468 +0000,2025-03-12 12:48:07.473 +0000
481,2818,2025-03-05 13:00:06.843 +0000,2025-03-12 13:00:06.852 +0000
3416,2591,2025-03-03 02:06:32.825 +0000,2025-03-12 13:15:59.016 +0000
1526,2956,2025-03-05 13:43:10.348 +0000,2025-03-12 13:43:10.353 +0000
3079,3835,2025-03-05 15:26:35.981 +0000,2025-03-12 15:26:35.987 +0000
2020,3777,2025-03-05 15:33:03.510 +0000,2025-03-12 15:33:03.514 +0000
3654,3278,2025-02-27 12:34:33.295 +0000,2025-03-06 12:34:33.300 +0000
899,928,2025-02-26 13:01:49.731 +0000,2025-03-05 13:01:49.736 +0000
2581,2128,2025-02-26 13:02:12.160 +0000,2025-03-05 13:02:12.166 +0000
3260,2182,2025-02-26 13:15:48.875 +0000,2025-03-05 13:16:28.821 +0000
3631,1614,2025-02-26 13:45:40.201 +0000,2025-03-05 13:45:40.208 +0000
2588,462,2025-02-26 14:23:40.879 +0000,2025-03-05 14:23:40.884 +0000
3632,1796,2025-02-26 14:48:23.091 +0000,2025-03-05 14:48:23.099 +0000
3632,830,2025-02-26 14:51:20.434 +0000,2025-03-05 14:51:20.438 +0000
260,2239,2025-02-26 15:57:35.407 +0000,2025-03-05 15:57:35.411 +0000
2154,3327,2025-02-26 16:35:30.757 +0000,2025-03-05 16:35:30.763 +0000
3564,421,2025-02-26 21:58:57.988 +0000,2025-03-05 21:58:57.993 +0000
3656,3155,2025-02-27 13:07:51.917 +0000,2025-03-06 13:07:51.923 +0000
3656,2541,2025-02-27 13:09:37.819 +0000,2025-03-06 13:09:37.825 +0000
3085,2349,2025-02-27 13:15:48.597 +0000,2025-03-06 13:15:48.602 +0000
1573,2460,2025-02-27 13:56:18.857 +0000,2025-03-06 13:56:18.862 +0000
3014,205,2025-02-27 14:18:43.892 +0000,2025-03-06 14:18:43.897 +0000
260,3131,2025-02-27 14:31:42.970 +0000,2025-03-06 14:31:42.975 +0000
3594,1632,2025-02-27 14:34:01.880 +0000,2025-03-06 14:34:01.885 +0000
3594,2783,2025-02-27 14:36:20.315 +0000,2025-03-06 14:36:20.320 +0000
2941,2712,2025-02-26 22:22:45.686 +0000,2025-03-06 16:04:49.771 +0000
3685,1330,2025-02-28 12:46:17.869 +0000,2025-03-07 12:46:21.831 +0000
2424,47,2025-02-28 13:03:49.237 +0000,2025-03-07 13:03:49.241 +0000
2223,3539,2025-02-28 13:04:06.177 +0000,2025-03-07 13:04:06.184 +0000
2223,1330,2025-02-28 13:09:05.763 +0000,2025-03-07 13:09:05.768 +0000
2223,3621,2025-02-28 13:11:03.064 +0000,2025-03-07 13:11:03.072 +0000
2223,3219,2025-02-28 13:12:10.525 +0000,2025-03-07 13:12:10.530 +0000
1080,3094,2025-02-25 00:28:58.605 +0000,2025-03-07 20:45:34.874 +0000
3201,1552,2025-03-01 00:54:42.535 +0000,2025-03-08 00:54:42.541 +0000
3704,2085,2025-03-01 05:59:42.290 +0000,2025-03-08 05:59:42.295 +0000
3704,1080,2025-03-01 06:00:50.765 +0000,2025-03-08 06:00:50.769 +0000
3704,3460,2025-03-01 06:03:00.205 +0000,2025-03-08 06:03:00.210 +0000
3682,254,2025-03-01 09:35:52.066 +0000,2025-03-08 09:35:52.071 +0000
3656,2150,2025-03-01 12:20:09.042 +0000,2025-03-08 12:20:09.048 +0000
3656,3006,2025-03-01 12:20:31.042 +0000,2025-03-08 12:20:31.052 +0000
3656,271,2025-03-01 12:21:36.123 +0000,2025-03-08 12:21:36.130 +0000
3707,2521,2025-03-01 12:23:12.256 +0000,2025-03-08 12:23:12.261 +0000
3656,228,2025-03-01 12:24:10.527 +0000,2025-03-08 12:24:10.533 +0000
2984,3536,2025-03-02 04:53:31.861 +0000,2025-03-09 04:53:31.866 +0000
3071,2294,2025-03-02 06:54:59.363 +0000,2025-03-09 06:54:59.370 +0000
3071,3505,2025-03-02 06:55:25.866 +0000,2025-03-09 06:55:25.871 +0000
3584,3699,2025-03-02 13:00:49.139 +0000,2025-03-09 13:00:49.144 +0000
3564,2941,2025-03-02 13:01:55.019 +0000,2025-03-09 13:01:55.024 +0000
3673,1288,2025-03-02 13:31:29.195 +0000,2025-03-09 13:31:29.199 +0000
3733,3563,2025-03-02 14:26:42.492 +0000,2025-03-09 14:26:42.498 +0000
3735,3462,2025-03-02 14:42:39.722 +0000,2025-03-09 14:42:39.727 +0000
3736,3673,2025-03-02 14:57:45.350 +0000,2025-03-09 14:57:45.355 +0000
1330,3220,2025-03-04 08:09:54.675 +0000,2025-03-11 08:09:54.681 +0000
1330,3764,2025-03-04 08:13:11.096 +0000,2025-03-11 08:13:11.102 +0000
3743,241,2025-03-02 18:30:44.873 +0000,2025-03-09 18:30:44.878 +0000
3722,3071,2025-03-02 19:45:32.364 +0000,2025-03-09 19:45:32.369 +0000
3594,3683,2025-03-02 00:46:35.774 +0000,2025-03-09 21:51:17.196 +0000
3755,2294,2025-03-03 02:08:35.344 +0000,2025-03-10 02:08:35.350 +0000
3739,3682,2025-03-03 11:58:01.645 +0000,2025-03-10 11:58:01.650 +0000
3588,3754,2025-03-03 13:01:05.403 +0000,2025-03-10 13:01:05.410 +0000
3690,3659,2025-03-03 13:18:10.103 +0000,2025-03-10 13:18:10.108 +0000
3772,1573,2025-03-03 14:42:06.847 +0000,2025-03-10 14:42:06.853 +0000
3773,970,2025-03-03 14:46:45.993 +0000,2025-03-10 14:46:45.998 +0000
3777,3100,2025-03-03 17:26:44.565 +0000,2025-03-10 17:26:44.569 +0000
3777,2892,2025-03-03 18:18:39.912 +0000,2025-03-10 18:18:39.917 +0000
1330,538,2025-03-04 08:16:05.238 +0000,2025-03-11 09:43:11.481 +0000
3824,2783,2025-03-04 11:35:21.894 +0000,2025-03-11 11:35:21.901 +0000
3826,3523,2025-03-04 12:16:53.471 +0000,2025-03-11 12:16:53.477 +0000
3838,2375,2025-03-05 12:46:02.309 +0000,2025-03-12 12:46:02.315 +0000
3838,3711,2025-03-05 12:48:34.845 +0000,2025-03-12 12:48:34.850 +0000
3838,3508,2025-03-05 12:49:35.119 +0000,2025-03-12 12:49:35.125 +0000
3838,66,2025-03-05 12:52:05.994 +0000,2025-03-12 12:52:05.999 +0000
1108,3219,2025-03-05 13:01:16.125 +0000,2025-03-12 13:01:16.130 +0000
1108,1079,2025-03-05 13:01:21.036 +0000,2025-03-12 13:01:21.042 +0000
3838,2457,2025-03-05 13:02:56.098 +0000,2025-03-12 13:02:56.103 +0000
2581,3283,2025-03-05 13:03:34.821 +0000,2025-03-12 13:03:34.828 +0000
3838,1451,2025-03-05 13:03:49.442 +0000,2025-03-12 13:03:49.447 +0000
3685,3182,2025-02-28 12:46:35.722 +0000,2025-03-07 12:46:35.727 +0000
1526,2728,2025-03-03 15:14:31.418 +0000,2025-03-12 13:40:54.562 +0000
3079,2020,2025-03-05 15:26:40.514 +0000,2025-03-12 15:26:40.518 +0000
3079,3580,2025-03-05 15:27:34.551 +0000,2025-03-12 15:27:34.555 +0000
3201,2890,2025-03-05 13:41:39.398 +0000,2025-03-12 15:33:27.169 +0000
2020,3822,2025-03-05 15:36:26.627 +0000,2025-03-12 15:36:26.635 +0000
899,1586,2025-02-26 13:00:48.788 +0000,2025-03-05 13:00:48.793 +0000
899,2251,2025-02-26 13:00:52.561 +0000,2025-03-05 13:00:52.566 +0000
2581,2121,2025-02-26 13:00:59.829 +0000,2025-03-05 13:00:59.835 +0000
3514,2941,2025-02-26 13:06:32.428 +0000,2025-03-05 13:06:32.433 +0000
2588,1977,2025-02-26 14:23:26.540 +0000,2025-03-05 14:23:26.545 +0000
260,3110,2025-02-26 15:57:31.906 +0000,2025-03-05 15:57:31.912 +0000
2154,468,2025-02-26 16:34:49.948 +0000,2025-03-05 16:34:49.953 +0000
3564,1259,2025-02-26 21:58:56.119 +0000,2025-03-05 21:58:56.124 +0000
3643,3283,2025-02-26 22:30:25.385 +0000,2025-03-05 22:30:25.390 +0000
2223,2718,2025-02-28 13:05:29.859 +0000,2025-03-07 13:05:29.864 +0000
2223,3049,2025-02-28 13:11:44.709 +0000,2025-03-07 13:11:44.714 +0000
3654,3593,2025-02-27 12:34:41.759 +0000,2025-03-06 12:35:01.290 +0000
538,3066,2025-02-27 13:04:53.157 +0000,2025-03-06 13:04:53.165 +0000
538,1935,2025-02-27 13:05:02.098 +0000,2025-03-06 13:05:02.102 +0000
3594,3022,2025-02-27 14:28:10.093 +0000,2025-03-06 14:28:10.098 +0000
260,3561,2025-02-27 14:31:44.250 +0000,2025-03-06 14:31:44.254 +0000
260,1531,2025-02-27 14:31:50.170 +0000,2025-03-06 14:31:50.175 +0000
3594,606,2025-02-27 14:33:38.247 +0000,2025-03-06 14:33:38.251 +0000
3594,260,2025-02-27 14:34:05.299 +0000,2025-03-06 14:34:05.304 +0000
3594,264,2025-02-27 14:35:06.638 +0000,2025-03-06 14:35:06.645 +0000
3699,419,2025-03-02 00:52:52.584 +0000,2025-03-09 00:52:52.589 +0000
3594,542,2025-02-27 14:35:48.075 +0000,2025-03-06 14:35:48.080 +0000
3201,1055,2025-03-01 00:54:50.851 +0000,2025-03-08 00:54:50.857 +0000
3682,260,2025-02-28 13:36:39.567 +0000,2025-03-07 13:36:39.999 +0000
3682,3594,2025-02-28 13:37:35.308 +0000,2025-03-07 13:37:35.314 +0000
3656,2975,2025-02-27 13:09:56.851 +0000,2025-03-07 21:19:57.076 +0000
3704,553,2025-03-01 06:00:47.331 +0000,2025-03-08 06:00:47.336 +0000
1330,3107,2025-03-01 10:27:57.673 +0000,2025-03-08 10:27:57.678 +0000
1330,2652,2025-03-01 10:28:14.854 +0000,2025-03-08 10:28:14.858 +0000
3656,3676,2025-03-01 12:20:41.033 +0000,2025-03-08 12:20:41.038 +0000
3656,3036,2025-03-01 12:24:45.928 +0000,2025-03-08 12:24:45.933 +0000
2984,3617,2025-03-02 04:53:35.406 +0000,2025-03-09 04:53:35.411 +0000
2984,3294,2025-03-02 04:53:43.997 +0000,2025-03-09 04:53:44.003 +0000
3755,3505,2025-03-03 02:08:09.008 +0000,2025-03-10 02:08:09.013 +0000
3071,419,2025-03-02 06:55:27.400 +0000,2025-03-09 06:55:27.406 +0000
3071,3528,2025-03-02 06:55:39.126 +0000,2025-03-09 06:55:39.131 +0000
3676,1330,2025-03-02 08:28:08.487 +0000,2025-03-09 08:28:08.492 +0000
2251,2662,2025-03-02 13:00:35.344 +0000,2025-03-09 13:00:35.349 +0000
2067,3656,2025-03-02 13:01:03.841 +0000,2025-03-09 13:01:03.848 +0000
2251,3657,2025-03-02 13:01:16.614 +0000,2025-03-09 13:01:16.620 +0000
3564,3055,2025-03-02 13:01:52.998 +0000,2025-03-09 13:01:53.002 +0000
3564,2616,2025-03-02 13:02:09.014 +0000,2025-03-09 13:02:09.019 +0000
3632,3727,2025-03-02 13:04:52.370 +0000,2025-03-09 13:04:52.375 +0000
3733,241,2025-03-02 14:26:08.267 +0000,2025-03-09 14:26:08.272 +0000
3733,3703,2025-03-02 14:26:40.010 +0000,2025-03-09 14:26:40.015 +0000
3734,2425,2025-03-02 14:33:36.184 +0000,2025-03-09 14:33:36.191 +0000
3735,3505,2025-03-02 14:45:12.510 +0000,2025-03-09 14:45:12.515 +0000
3762,3460,2025-03-03 04:33:27.697 +0000,2025-03-10 04:33:27.702 +0000
3172,3462,2025-03-03 09:39:08.732 +0000,2025-03-10 09:39:08.736 +0000
3640,3127,2025-03-02 15:46:28.958 +0000,2025-03-09 15:46:28.965 +0000
3735,3507,2025-03-02 16:46:57.599 +0000,2025-03-09 16:46:57.606 +0000
3661,3695,2025-03-02 17:33:44.718 +0000,2025-03-09 17:33:44.726 +0000
1330,713,2025-03-04 08:10:00.923 +0000,2025-03-11 08:10:00.927 +0000
3764,3594,2025-03-03 10:39:01.890 +0000,2025-03-10 10:39:01.895 +0000
3642,447,2025-03-04 11:06:16.876 +0000,2025-03-11 11:06:16.882 +0000
3824,2710,2025-03-04 11:34:53.811 +0000,2025-03-11 11:34:53.816 +0000
3770,3522,2025-03-03 13:19:55.745 +0000,2025-03-10 13:19:55.749 +0000
3055,1325,2025-03-03 13:26:37.206 +0000,2025-03-10 13:26:37.210 +0000
3773,2749,2025-03-03 14:46:33.940 +0000,2025-03-10 14:46:33.945 +0000
1526,2189,2025-03-03 15:13:30.022 +0000,2025-03-10 15:13:30.028 +0000
3777,2741,2025-03-03 17:27:21.832 +0000,2025-03-10 17:27:21.838 +0000
3777,3749,2025-03-03 18:17:06.488 +0000,2025-03-10 18:17:06.494 +0000
3838,3709,2025-03-05 12:46:05.416 +0000,2025-03-12 12:46:05.420 +0000
3838,2171,2025-03-05 12:49:10.537 +0000,2025-03-12 12:49:10.543 +0000
3838,3561,2025-03-05 12:52:36.470 +0000,2025-03-12 12:52:36.475 +0000
481,2159,2025-03-05 13:00:51.360 +0000,2025-03-12 13:00:51.366 +0000
481,1028,2025-03-05 13:01:37.151 +0000,2025-03-12 13:01:37.155 +0000
2975,1032,2025-03-05 13:27:35.899 +0000,2025-03-12 13:27:35.903 +0000
2020,3462,2025-03-05 15:34:49.246 +0000,2025-03-12 15:34:49.251 +0000
3591,3007,2025-02-26 12:27:54.302 +0000,2025-03-05 12:27:54.308 +0000
591,3508,2025-02-26 13:00:48.861 +0000,2025-03-05 13:00:48.866 +0000
2581,2543,2025-02-26 13:01:15.028 +0000,2025-03-05 13:01:26.971 +0000
2581,3350,2025-02-26 13:01:54.732 +0000,2025-03-05 13:01:54.737 +0000
580,3094,2025-02-26 13:03:34.267 +0000,2025-03-05 13:03:34.271 +0000
3514,2315,2025-02-26 13:06:44.614 +0000,2025-03-05 13:06:44.619 +0000
3621,2315,2025-02-26 20:23:05.117 +0000,2025-03-05 20:23:05.122 +0000
2251,2965,2025-02-27 13:00:27.345 +0000,2025-03-06 13:00:28.841 +0000
3352,3497,2025-02-27 13:00:43.395 +0000,2025-03-06 13:00:43.400 +0000
538,2085,2025-02-27 13:05:03.137 +0000,2025-03-06 13:05:03.142 +0000
3085,352,2025-02-27 13:15:52.510 +0000,2025-03-06 13:15:52.517 +0000
1573,3049,2025-02-27 13:56:08.239 +0000,2025-03-06 13:56:08.244 +0000
1573,2038,2025-02-27 13:56:32.668 +0000,2025-03-06 13:56:32.672 +0000
3594,2625,2025-02-27 14:30:05.578 +0000,2025-03-06 14:30:05.583 +0000
3594,1046,2025-02-27 14:30:24.731 +0000,2025-03-06 14:30:24.736 +0000
3594,3508,2025-02-27 14:32:52.095 +0000,2025-03-06 14:32:52.101 +0000
3594,913,2025-02-27 14:33:21.603 +0000,2025-03-06 14:33:21.609 +0000
3594,971,2025-02-27 14:33:48.776 +0000,2025-03-06 14:33:48.781 +0000
3594,3186,2025-02-27 14:34:23.568 +0000,2025-03-06 14:34:23.573 +0000
3594,2589,2025-02-27 14:34:45.603 +0000,2025-03-06 14:34:45.608 +0000
3594,2359,2025-02-27 14:35:16.989 +0000,2025-03-06 14:35:16.994 +0000
3594,3621,2025-02-27 14:36:14.639 +0000,2025-03-06 14:36:14.646 +0000
3685,2878,2025-02-28 12:46:40.646 +0000,2025-03-07 12:46:40.652 +0000
3682,11,2025-02-28 13:37:10.554 +0000,2025-03-07 13:37:10.560 +0000
2415,3056,2025-02-28 13:55:47.668 +0000,2025-03-07 13:55:47.674 +0000
3201,876,2025-03-01 00:55:15.951 +0000,2025-03-08 00:55:15.956 +0000
3703,2521,2025-03-01 03:33:56.388 +0000,2025-03-08 03:33:56.393 +0000
3704,3692,2025-03-01 06:00:45.610 +0000,2025-03-08 06:00:45.615 +0000
1330,3602,2025-03-01 10:28:23.674 +0000,2025-03-08 10:28:23.680 +0000
3656,3683,2025-03-01 12:20:42.383 +0000,2025-03-08 12:20:42.388 +0000
3707,3706,2025-03-01 12:22:45.105 +0000,2025-03-08 12:22:45.110 +0000
3707,3592,2025-03-01 12:24:21.479 +0000,2025-03-08 12:24:21.483 +0000
3656,1034,2025-03-01 12:25:04.275 +0000,2025-03-08 12:25:04.280 +0000
2475,2986,2025-03-02 02:18:42.487 +0000,2025-03-09 02:18:42.492 +0000
2984,2211,2025-03-02 04:53:38.850 +0000,2025-03-09 04:53:38.856 +0000
3071,927,2025-03-02 06:55:20.146 +0000,2025-03-09 06:55:20.153 +0000
3656,3709,2025-03-02 07:41:26.707 +0000,2025-03-09 07:41:26.712 +0000
3632,3515,2025-03-02 13:05:53.796 +0000,2025-03-09 13:05:53.803 +0000
3755,927,2025-03-03 02:08:27.707 +0000,2025-03-10 02:08:27.711 +0000
1330,3007,2025-03-04 08:10:11.644 +0000,2025-03-11 08:10:11.649 +0000
3747,2714,2025-03-02 20:47:18.887 +0000,2025-03-09 20:47:18.892 +0000
1573,2211,2025-03-03 13:00:23.515 +0000,2025-03-10 13:00:23.520 +0000
522,970,2025-03-03 13:41:16.362 +0000,2025-03-10 13:41:16.366 +0000
3772,3007,2025-03-03 14:42:04.095 +0000,2025-03-10 14:42:04.101 +0000
3773,3460,2025-03-03 14:47:26.768 +0000,2025-03-10 14:47:26.773 +0000
1526,2171,2025-03-03 15:14:31.419 +0000,2025-03-10 15:14:31.425 +0000
3774,2741,2025-03-03 15:28:14.915 +0000,2025-03-10 15:28:14.920 +0000
3774,468,2025-03-03 15:28:42.142 +0000,2025-03-10 15:28:42.146 +0000
3777,2890,2025-03-03 18:16:56.666 +0000,2025-03-10 18:16:56.671 +0000
538,2349,2025-03-04 09:44:12.031 +0000,2025-03-11 09:44:12.038 +0000
3642,3598,2025-03-04 11:13:24.632 +0000,2025-03-11 11:13:24.638 +0000
3826,3695,2025-03-04 12:16:35.538 +0000,2025-03-11 12:16:35.543 +0000
3826,3709,2025-03-04 12:18:34.499 +0000,2025-03-11 12:18:34.505 +0000
3826,3205,2025-03-04 12:22:01.658 +0000,2025-03-11 12:22:01.663 +0000
3838,3523,2025-03-05 12:46:12.899 +0000,2025-03-12 12:46:12.905 +0000
3838,2371,2025-03-05 12:47:12.818 +0000,2025-03-12 12:47:12.825 +0000
3838,1325,2025-03-05 12:49:31.794 +0000,2025-03-12 12:49:31.798 +0000
1108,48,2025-03-05 13:01:17.324 +0000,2025-03-12 13:01:17.328 +0000
3838,1034,2025-03-05 13:04:06.660 +0000,2025-03-12 13:04:06.665 +0000
2963,3017,2025-03-05 14:06:35.809 +0000,2025-03-12 14:06:35.813 +0000
3079,3071,2025-03-05 15:26:48.657 +0000,2025-03-12 15:26:48.662 +0000
3079,1412,2025-03-05 15:28:02.348 +0000,2025-03-12 15:28:02.355 +0000
3755,2347,2025-03-03 02:08:43.592 +0000,2025-03-10 02:08:43.596 +0000
1330,2749,2025-03-04 08:10:20.708 +0000,2025-03-11 08:10:20.713 +0000
3820,3067,2025-03-04 08:41:49.306 +0000,2025-03-11 08:41:49.312 +0000
3820,3030,2025-03-04 08:42:52.078 +0000,2025-03-11 08:42:52.084 +0000
3821,2956,2025-03-04 09:40:14.080 +0000,2025-03-11 09:40:14.085 +0000
3822,2020,2025-03-04 11:25:33.865 +0000,2025-03-11 11:25:33.870 +0000
591,667,2025-02-26 13:01:10.854 +0000,2025-03-05 13:01:20.766 +0000
2581,2551,2025-02-26 13:01:50.103 +0000,2025-03-05 13:01:50.108 +0000
580,1330,2025-02-26 13:03:56.915 +0000,2025-03-05 13:03:56.921 +0000
260,1490,2025-02-26 15:58:05.218 +0000,2025-03-05 15:58:05.222 +0000
3621,2694,2025-02-26 20:23:07.481 +0000,2025-03-05 20:23:07.486 +0000
3352,3460,2025-02-27 13:00:39.900 +0000,2025-03-06 13:00:39.905 +0000
3685,2136,2025-02-28 12:46:43.376 +0000,2025-03-07 12:46:43.381 +0000
538,1034,2025-02-27 13:05:01.078 +0000,2025-03-06 13:05:01.082 +0000
3656,3487,2025-02-27 13:07:12.885 +0000,2025-03-06 13:07:12.891 +0000
2223,2396,2025-02-28 13:07:46.996 +0000,2025-03-07 13:07:47.002 +0000
3643,2581,2025-02-26 22:30:26.664 +0000,2025-03-05 22:30:45.369 +0000
3657,885,2025-02-27 13:09:36.601 +0000,2025-03-06 13:10:00.817 +0000
3085,1512,2025-02-27 13:16:03.974 +0000,2025-03-06 13:16:03.979 +0000
260,1001,2025-02-27 14:31:53.451 +0000,2025-03-06 14:31:53.456 +0000
3594,1804,2025-02-27 14:33:16.308 +0000,2025-03-06 14:33:16.313 +0000
3594,2936,2025-02-27 14:33:40.592 +0000,2025-03-06 14:33:40.596 +0000
3594,1319,2025-02-27 14:34:03.561 +0000,2025-03-06 14:34:03.567 +0000
3594,1313,2025-02-27 14:34:22.710 +0000,2025-03-06 14:34:22.714 +0000
3594,228,2025-02-27 14:36:08.930 +0000,2025-03-06 14:36:08.937 +0000
2223,3007,2025-02-28 13:12:12.464 +0000,2025-03-07 13:12:30.200 +0000
2684,2374,2025-03-01 01:05:37.097 +0000,2025-03-08 01:05:37.102 +0000
3704,2692,2025-03-01 06:03:15.316 +0000,2025-03-08 06:03:15.321 +0000
3676,3536,2025-03-01 07:23:28.866 +0000,2025-03-08 07:23:28.871 +0000
3656,2783,2025-03-01 12:22:49.206 +0000,2025-03-08 12:22:49.210 +0000
3707,3379,2025-03-01 12:23:25.013 +0000,2025-03-08 12:23:25.019 +0000
2984,1077,2025-03-02 04:53:28.375 +0000,2025-03-09 04:53:28.379 +0000
2984,2315,2025-03-02 04:53:59.914 +0000,2025-03-09 04:53:59.919 +0000
2479,3172,2025-03-02 06:50:57.156 +0000,2025-03-09 06:50:57.167 +0000
3676,3716,2025-03-02 08:27:45.119 +0000,2025-03-09 08:27:45.127 +0000
3676,3709,2025-03-02 08:27:56.809 +0000,2025-03-09 08:27:56.813 +0000
3734,3707,2025-03-02 14:33:46.631 +0000,2025-03-09 14:33:46.636 +0000
3735,2588,2025-03-02 15:14:30.626 +0000,2025-03-09 15:14:30.632 +0000
2347,3209,2025-03-01 09:21:09.099 +0000,2025-03-09 17:05:31.993 +0000
2728,3642,2025-03-04 11:27:16.243 +0000,2025-03-11 11:27:16.248 +0000
3762,3294,2025-03-03 04:32:43.310 +0000,2025-03-10 04:32:43.315 +0000
3763,3311,2025-03-03 06:08:24.479 +0000,2025-03-10 06:08:24.486 +0000
3747,2502,2025-03-02 20:46:59.328 +0000,2025-03-09 20:46:59.334 +0000
3743,2521,2025-03-02 18:31:27.568 +0000,2025-03-09 20:56:26.383 +0000
3676,3682,2025-03-03 08:57:02.603 +0000,2025-03-10 08:57:02.608 +0000
3824,2616,2025-03-04 11:35:08.203 +0000,2025-03-11 11:35:08.207 +0000
3216,2427,2025-03-03 13:36:51.409 +0000,2025-03-10 13:36:51.419 +0000
3824,3684,2025-03-04 11:36:30.385 +0000,2025-03-11 11:36:30.389 +0000
3826,3653,2025-03-04 12:18:31.611 +0000,2025-03-11 12:18:31.616 +0000
1491,2002,2025-03-03 14:30:32.110 +0000,2025-03-10 14:31:00.009 +0000
3772,2502,2025-03-03 14:40:20.086 +0000,2025-03-10 14:40:20.090 +0000
3775,3317,2025-03-03 15:51:36.931 +0000,2025-03-10 15:51:36.936 +0000
3699,3061,2025-03-03 18:03:37.282 +0000,2025-03-10 18:03:37.288 +0000
3777,876,2025-03-03 17:27:51.445 +0000,2025-03-10 18:16:10.376 +0000
3777,3172,2025-03-03 18:16:58.505 +0000,2025-03-10 18:16:58.509 +0000
271,2749,2025-02-26 01:21:18.091 +0000,2025-03-10 18:21:06.549 +0000
465,3553,2025-03-03 19:36:29.474 +0000,2025-03-10 19:36:29.480 +0000
3838,3621,2025-03-05 12:46:16.280 +0000,2025-03-12 12:46:16.285 +0000
3283,3824,2025-03-05 13:00:36.457 +0000,2025-03-12 13:00:36.462 +0000
481,538,2025-03-05 13:00:49.850 +0000,2025-03-12 13:00:49.856 +0000
2020,3228,2025-03-05 15:35:43.157 +0000,2025-03-12 15:35:43.164 +0000
66,362,2025-02-26 13:00:54.187 +0000,2025-03-05 13:00:54.191 +0000
2581,3304,2025-02-26 13:02:10.925 +0000,2025-03-05 13:02:10.930 +0000
580,2171,2025-02-26 13:03:55.517 +0000,2025-03-05 13:03:55.522 +0000
580,2483,2025-02-26 13:04:19.515 +0000,2025-03-05 13:04:19.520 +0000
1288,1683,2025-02-26 13:04:55.434 +0000,2025-03-05 13:04:55.439 +0000
3514,2692,2025-02-26 13:07:03.034 +0000,2025-03-05 13:07:03.039 +0000
2154,2744,2025-02-26 16:36:33.992 +0000,2025-03-05 16:36:33.998 +0000
2652,2616,2025-02-26 19:34:07.363 +0000,2025-03-05 19:34:07.369 +0000
3643,2134,2025-02-26 22:30:23.068 +0000,2025-03-05 22:30:23.073 +0000
767,1434,2025-02-27 13:00:50.453 +0000,2025-03-06 13:00:50.457 +0000
3656,2171,2025-02-27 13:07:14.405 +0000,2025-03-06 13:07:14.412 +0000
3656,2288,2025-02-27 13:08:38.853 +0000,2025-03-06 13:08:38.858 +0000
3594,2033,2025-02-27 14:29:55.714 +0000,2025-03-06 14:29:55.719 +0000
3594,1020,2025-02-27 14:30:25.952 +0000,2025-03-06 14:30:25.957 +0000
260,2436,2025-02-26 15:58:00.371 +0000,2025-03-06 14:31:43.696 +0000
3685,352,2025-02-28 12:46:44.312 +0000,2025-03-07 12:46:44.319 +0000
2984,2038,2025-03-02 04:53:33.591 +0000,2025-03-09 04:53:33.597 +0000
2984,3204,2025-03-02 04:54:02.614 +0000,2025-03-09 04:54:02.618 +0000
3727,3518,2025-03-02 05:44:31.703 +0000,2025-03-09 05:44:31.707 +0000
3656,3369,2025-03-02 07:41:27.804 +0000,2025-03-09 07:41:27.809 +0000
2067,2142,2025-03-02 13:01:02.057 +0000,2025-03-09 13:01:02.062 +0000
2067,3220,2025-03-02 13:01:04.754 +0000,2025-03-09 13:01:04.758 +0000
3564,213,2025-03-02 13:01:54.390 +0000,2025-03-09 13:01:54.397 +0000
3564,3204,2025-03-02 13:02:27.287 +0000,2025-03-09 13:02:27.291 +0000
3735,2769,2025-03-02 14:43:55.118 +0000,2025-03-09 14:43:55.125 +0000
1330,2692,2025-03-04 08:10:28.474 +0000,2025-03-11 08:10:28.478 +0000
2223,1587,2025-02-28 13:09:09.853 +0000,2025-03-07 13:09:09.859 +0000
2223,1027,2025-02-28 13:12:04.133 +0000,2025-03-07 13:12:04.139 +0000
3682,2342,2025-02-28 13:36:59.713 +0000,2025-03-07 13:36:59.719 +0000
3593,2535,2025-02-28 14:11:46.309 +0000,2025-03-07 14:11:46.314 +0000
3702,3230,2025-03-01 01:06:08.393 +0000,2025-03-08 01:06:08.398 +0000
3704,2171,2025-03-01 06:01:02.198 +0000,2025-03-08 06:01:02.202 +0000
3332,3672,2025-03-01 08:39:56.119 +0000,2025-03-08 08:39:56.127 +0000
3682,3055,2025-03-01 09:35:53.143 +0000,2025-03-08 09:35:53.148 +0000
1330,1083,2025-03-01 10:28:21.723 +0000,2025-03-08 10:28:21.728 +0000
3623,3701,2025-03-01 11:46:00.487 +0000,2025-03-08 11:47:20.215 +0000
3707,3146,2025-03-01 12:21:10.892 +0000,2025-03-08 12:21:10.899 +0000
3656,883,2025-03-01 12:24:13.958 +0000,2025-03-08 12:24:13.963 +0000
1330,3598,2025-03-04 08:10:42.812 +0000,2025-03-11 08:10:42.819 +0000
3755,876,2025-03-03 02:08:45.136 +0000,2025-03-10 02:08:45.140 +0000
3676,883,2025-03-03 08:57:08.914 +0000,2025-03-10 08:57:08.918 +0000
3693,2878,2025-03-03 10:26:45.857 +0000,2025-03-10 10:26:45.862 +0000
2426,2617,2025-03-03 13:00:19.910 +0000,2025-03-10 13:00:19.916 +0000
3055,2185,2025-03-03 13:26:52.079 +0000,2025-03-10 13:26:52.083 +0000
3772,3621,2025-03-03 14:41:48.211 +0000,2025-03-10 14:41:48.217 +0000
1526,3564,2025-03-03 15:13:20.188 +0000,2025-03-10 15:13:20.194 +0000
3774,1272,2025-03-03 15:24:18.545 +0000,2025-03-10 15:24:18.550 +0000
3777,3699,2025-03-03 17:27:51.414 +0000,2025-03-10 17:27:51.418 +0000
3777,2020,2025-03-03 18:17:14.073 +0000,2025-03-10 18:17:14.078 +0000
1122,3536,2025-03-03 13:01:50.245 +0000,2025-03-10 19:30:46.472 +0000
1330,2941,2025-03-04 08:12:49.655 +0000,2025-03-11 08:12:49.660 +0000
2617,3158,2025-03-04 10:12:19.632 +0000,2025-03-11 10:12:19.638 +0000
3822,2426,2025-03-04 11:25:45.784 +0000,2025-03-11 11:25:45.789 +0000
3824,2956,2025-03-04 11:34:49.836 +0000,2025-03-11 11:34:49.841 +0000
3824,3134,2025-03-04 11:35:53.453 +0000,2025-03-11 11:35:53.458 +0000
3824,3229,2025-03-04 11:36:20.266 +0000,2025-03-11 11:36:20.271 +0000
2981,3690,2025-03-04 11:24:46.876 +0000,2025-03-11 13:46:46.339 +0000
3838,2692,2025-03-05 12:46:19.007 +0000,2025-03-12 12:46:19.011 +0000
3838,3710,2025-03-05 12:48:00.487 +0000,2025-03-12 12:48:00.492 +0000
3838,3421,2025-03-05 12:49:33.766 +0000,2025-03-12 12:49:33.771 +0000
2161,2469,2025-03-05 13:00:36.444 +0000,2025-03-12 13:00:36.450 +0000
481,2769,2025-03-05 13:01:44.245 +0000,2025-03-12 13:01:44.250 +0000
3838,2936,2025-03-05 13:04:16.778 +0000,2025-03-12 13:04:16.783 +0000
1526,2876,2025-03-05 13:43:08.568 +0000,2025-03-12 13:43:08.573 +0000
2020,3047,2025-03-05 15:35:23.704 +0000,2025-03-12 15:35:23.708 +0000
767,1696,2025-02-27 13:00:52.029 +0000,2025-03-06 13:00:52.033 +0000
3100,921,2025-02-27 13:03:15.858 +0000,2025-03-06 13:03:15.866 +0000
3656,970,2025-02-27 13:05:47.914 +0000,2025-03-06 13:05:47.920 +0000
3656,1526,2025-02-27 13:08:41.310 +0000,2025-03-06 13:08:41.316 +0000
3656,1,2025-02-27 13:09:24.603 +0000,2025-03-06 13:09:24.609 +0000
899,885,2025-02-26 13:01:50.892 +0000,2025-03-05 13:01:50.898 +0000
3514,970,2025-02-26 13:06:36.448 +0000,2025-03-05 13:06:36.454 +0000
969,3515,2025-02-26 13:26:57.489 +0000,2025-03-05 13:26:57.496 +0000
260,971,2025-02-26 15:57:28.513 +0000,2025-03-05 15:57:28.517 +0000
2154,1693,2025-02-26 16:34:54.659 +0000,2025-03-05 16:34:54.664 +0000
3621,2643,2025-02-26 20:23:06.414 +0000,2025-03-05 20:23:06.419 +0000
3621,1580,2025-02-26 20:23:51.052 +0000,2025-03-05 20:23:51.058 +0000
3598,3184,2025-02-26 20:28:56.379 +0000,2025-03-05 20:28:56.385 +0000
3639,1022,2025-02-26 20:47:47.478 +0000,2025-03-05 20:47:47.483 +0000
3685,2342,2025-02-28 12:46:44.919 +0000,2025-03-07 12:46:44.924 +0000
27,1165,2025-02-26 21:06:45.116 +0000,2025-03-05 21:06:45.121 +0000
3642,12,2025-02-26 22:29:07.992 +0000,2025-03-05 22:29:07.996 +0000
3643,854,2025-02-26 22:30:09.098 +0000,2025-03-05 22:30:09.103 +0000
3083,1897,2025-02-26 22:50:46.879 +0000,2025-03-05 22:50:46.885 +0000
3657,1924,2025-02-27 13:14:21.562 +0000,2025-03-06 13:14:21.566 +0000
1573,2,2025-02-27 13:56:04.875 +0000,2025-03-06 13:56:04.880 +0000
3594,1312,2025-02-27 14:32:53.815 +0000,2025-03-06 14:32:53.819 +0000
3594,3523,2025-02-27 14:33:17.240 +0000,2025-03-06 14:33:17.246 +0000
3594,2436,2025-02-27 14:33:57.531 +0000,2025-03-06 14:33:57.536 +0000
3594,2349,2025-02-27 14:34:29.311 +0000,2025-03-06 14:34:29.317 +0000
3594,2085,2025-02-27 14:35:18.719 +0000,2025-03-06 14:35:18.724 +0000
3594,1470,2025-02-27 14:35:42.220 +0000,2025-03-06 14:35:42.225 +0000
3594,254,2025-02-27 14:36:10.592 +0000,2025-03-06 14:36:10.597 +0000
2223,735,2025-02-28 13:03:46.762 +0000,2025-03-07 13:03:46.768 +0000
2223,3056,2025-02-28 13:06:17.707 +0000,2025-03-07 13:06:17.712 +0000
2223,3273,2025-02-28 13:07:45.005 +0000,2025-03-07 13:07:45.010 +0000
3682,1034,2025-02-28 13:37:02.058 +0000,2025-03-07 13:37:02.063 +0000
3682,538,2025-02-28 13:37:20.153 +0000,2025-03-07 13:37:20.158 +0000
3702,2233,2025-03-01 01:06:25.706 +0000,2025-03-08 01:06:25.713 +0000
3706,3396,2025-03-01 10:08:56.586 +0000,2025-03-08 10:08:56.590 +0000
3656,2728,2025-03-01 12:20:10.006 +0000,2025-03-08 12:20:10.011 +0000
3656,3558,2025-03-01 12:22:39.016 +0000,2025-03-08 12:22:39.022 +0000
3656,1328,2025-03-01 12:24:11.634 +0000,2025-03-08 12:24:11.640 +0000
3656,1122,2025-03-01 12:24:37.561 +0000,2025-03-08 12:24:37.567 +0000
2984,3219,2025-03-02 04:53:34.681 +0000,2025-03-09 04:53:34.687 +0000
3071,3584,2025-03-02 06:54:21.584 +0000,2025-03-09 06:54:21.589 +0000
3071,3079,2025-03-02 06:55:30.694 +0000,2025-03-09 06:55:30.701 +0000
3071,3158,2025-03-02 06:55:36.843 +0000,2025-03-09 06:55:36.848 +0000
3676,3693,2025-03-02 08:28:46.490 +0000,2025-03-09 08:28:46.496 +0000
3564,200,2025-03-02 13:02:22.290 +0000,2025-03-09 13:02:22.296 +0000
2916,2084,2025-03-02 13:12:55.317 +0000,2025-03-09 13:12:55.324 +0000
3421,2242,2025-03-02 13:34:17.761 +0000,2025-03-09 13:34:17.772 +0000
3735,3494,2025-03-02 16:46:39.551 +0000,2025-03-09 16:46:39.555 +0000
1330,3656,2025-03-04 08:10:30.304 +0000,2025-03-11 08:10:30.311 +0000
3755,3327,2025-03-03 02:08:46.985 +0000,2025-03-10 02:08:46.990 +0000
3762,2941,2025-03-03 04:23:52.191 +0000,2025-03-10 04:23:52.195 +0000
3676,3574,2025-03-03 08:57:10.373 +0000,2025-03-10 08:57:10.378 +0000
3764,352,2025-03-03 10:38:47.376 +0000,2025-03-10 10:38:47.382 +0000
1288,1923,2025-03-03 11:52:35.060 +0000,2025-03-10 11:52:35.066 +0000
3821,2728,2025-03-04 09:37:42.648 +0000,2025-03-11 09:37:42.654 +0000
3677,1581,2025-03-03 13:00:29.675 +0000,2025-03-10 13:00:29.682 +0000
2936,481,2025-03-03 13:18:53.436 +0000,2025-03-10 13:18:53.440 +0000
3747,1122,2025-03-03 18:37:25.923 +0000,2025-03-10 18:37:25.928 +0000
3821,260,2025-03-04 09:38:26.162 +0000,2025-03-11 09:38:26.169 +0000
3642,2175,2025-03-04 11:10:18.119 +0000,2025-03-11 11:10:18.124 +0000
3642,2692,2025-03-04 11:12:16.877 +0000,2025-03-11 11:12:16.881 +0000
3642,3204,2025-03-04 11:14:12.378 +0000,2025-03-11 11:14:12.384 +0000
3822,3172,2025-03-04 11:24:25.020 +0000,2025-03-11 11:24:25.025 +0000
3822,3570,2025-03-04 11:24:59.818 +0000,2025-03-11 11:24:59.823 +0000
3824,3340,2025-03-04 11:34:50.605 +0000,2025-03-11 11:34:50.611 +0000
3824,3056,2025-03-04 11:36:21.842 +0000,2025-03-11 11:36:21.848 +0000
3838,2300,2025-03-05 12:46:57.435 +0000,2025-03-12 12:46:57.441 +0000
3838,2710,2025-03-05 12:49:21.636 +0000,2025-03-12 12:49:21.641 +0000
3838,2185,2025-03-05 12:52:00.581 +0000,2025-03-12 12:52:00.586 +0000
481,1332,2025-03-05 13:00:48.472 +0000,2025-03-12 13:00:48.478 +0000
3838,3642,2025-03-05 13:04:01.271 +0000,2025-03-12 13:04:01.276 +0000
3079,3722,2025-03-05 15:26:55.488 +0000,2025-03-12 15:26:55.493 +0000
2020,2892,2025-03-05 15:28:13.653 +0000,2025-03-12 15:28:13.658 +0000
2067,3598,2025-02-27 13:00:53.302 +0000,2025-03-06 13:00:53.308 +0000
3656,2359,2025-02-27 13:07:10.535 +0000,2025-03-06 13:07:10.541 +0000
3085,3506,2025-02-27 13:16:02.797 +0000,2025-03-06 13:16:02.802 +0000
591,1448,2025-02-26 13:00:54.702 +0000,2025-03-05 13:00:54.707 +0000
591,1536,2025-02-26 13:00:57.559 +0000,2025-03-05 13:00:57.564 +0000
3594,1100,2025-02-27 14:29:31.600 +0000,2025-03-06 14:29:31.606 +0000
2867,2211,2025-03-03 04:44:37.353 +0000,2025-03-11 07:00:31.987 +0000
2684,2655,2025-03-01 01:06:32.526 +0000,2025-03-08 01:06:39.832 +0000
1330,3204,2025-03-04 08:10:32.036 +0000,2025-03-11 08:10:32.041 +0000
260,1283,2025-02-27 14:31:22.603 +0000,2025-03-06 14:31:22.608 +0000
3594,1920,2025-02-27 14:33:20.810 +0000,2025-03-06 14:33:20.814 +0000
3514,135,2025-02-26 13:06:50.919 +0000,2025-03-05 13:06:50.924 +0000
1330,3311,2025-03-04 08:10:42.812 +0000,2025-03-11 08:10:42.818 +0000
1330,970,2025-03-04 08:12:53.270 +0000,2025-03-11 08:12:53.275 +0000
1330,2936,2025-03-04 08:15:59.642 +0000,2025-03-11 08:15:59.647 +0000
3594,2145,2025-02-27 14:33:43.681 +0000,2025-03-06 14:33:43.686 +0000
3594,3066,2025-02-27 14:34:28.714 +0000,2025-03-06 14:34:28.721 +0000
1603,2359,2025-02-26 13:11:49.001 +0000,2025-03-05 13:12:28.791 +0000
591,2380,2025-02-26 13:01:30.576 +0000,2025-03-05 13:26:51.187 +0000
3643,2568,2025-02-26 22:30:05.559 +0000,2025-03-05 22:30:05.564 +0000
3594,905,2025-02-27 14:34:56.253 +0000,2025-03-06 14:34:56.259 +0000
3594,2250,2025-02-27 14:35:55.725 +0000,2025-03-06 14:35:55.730 +0000
3704,538,2025-03-01 06:00:46.497 +0000,2025-03-08 06:00:46.502 +0000
3350,3484,2025-02-28 13:02:28.081 +0000,2025-03-07 13:02:35.498 +0000
2223,352,2025-02-28 13:04:12.341 +0000,2025-03-07 13:04:12.346 +0000
2223,2874,2025-02-28 13:05:26.792 +0000,2025-03-07 13:05:26.798 +0000
2223,3283,2025-02-28 13:06:19.872 +0000,2025-03-07 13:06:19.878 +0000
2223,3452,2025-02-28 13:08:21.814 +0000,2025-03-07 13:08:21.820 +0000
2223,3230,2025-02-28 13:09:01.768 +0000,2025-03-07 13:09:01.773 +0000
2223,2749,2025-02-28 13:12:02.359 +0000,2025-03-07 13:12:02.364 +0000
3682,751,2025-03-01 09:36:02.259 +0000,2025-03-08 09:36:02.264 +0000
1330,3661,2025-03-01 10:27:48.554 +0000,2025-03-08 10:27:48.558 +0000
3656,2503,2025-03-01 12:22:51.527 +0000,2025-03-08 12:22:51.532 +0000
3707,3595,2025-03-01 12:24:31.772 +0000,2025-03-08 12:24:31.776 +0000
2984,1906,2025-03-02 04:53:36.578 +0000,2025-03-09 04:53:36.583 +0000
3727,3632,2025-03-02 05:45:37.016 +0000,2025-03-09 05:45:37.021 +0000
3676,3564,2025-03-02 08:28:05.448 +0000,2025-03-09 08:28:05.453 +0000
3731,3713,2025-03-02 11:55:52.416 +0000,2025-03-09 11:55:52.423 +0000
3564,212,2025-03-02 13:02:18.223 +0000,2025-03-09 13:02:18.228 +0000
3707,3724,2025-03-02 14:27:29.487 +0000,2025-03-09 14:27:29.492 +0000
3639,3553,2025-03-02 16:51:16.161 +0000,2025-03-11 11:13:22.496 +0000
3743,3379,2025-03-02 18:31:23.998 +0000,2025-03-09 18:31:24.005 +0000
3762,2211,2025-03-03 04:26:04.756 +0000,2025-03-10 04:26:04.760 +0000
3676,3711,2025-03-03 08:56:58.949 +0000,2025-03-10 08:56:58.953 +0000
3693,3205,2025-03-02 11:46:02.399 +0000,2025-03-10 10:25:54.174 +0000
3764,2171,2025-03-03 10:37:45.977 +0000,2025-03-10 10:37:45.982 +0000
2793,2691,2025-03-03 13:00:28.797 +0000,2025-03-10 13:00:28.803 +0000
3629,2683,2025-03-03 13:02:48.461 +0000,2025-03-10 13:02:48.465 +0000
3431,3597,2025-03-03 15:08:34.172 +0000,2025-03-10 15:08:34.177 +0000
3775,3632,2025-03-03 15:51:57.999 +0000,2025-03-10 15:51:58.005 +0000
3755,3584,2025-03-03 02:09:11.806 +0000,2025-03-10 16:34:15.754 +0000
3747,3764,2025-03-03 18:37:29.563 +0000,2025-03-10 18:37:29.568 +0000
2728,1474,2025-03-04 11:27:09.508 +0000,2025-03-11 11:27:09.512 +0000
3824,2001,2025-03-04 11:34:55.009 +0000,2025-03-11 11:34:55.014 +0000
3824,3283,2025-03-04 11:36:31.191 +0000,2025-03-11 11:36:31.195 +0000
3821,883,2025-03-04 09:41:55.216 +0000,2025-03-11 18:57:17.690 +0000
3838,3821,2025-03-05 12:47:03.255 +0000,2025-03-12 12:47:03.259 +0000
3838,3826,2025-03-05 12:52:07.306 +0000,2025-03-12 12:52:07.310 +0000
1108,2456,2025-03-05 13:01:00.519 +0000,2025-03-12 13:01:00.524 +0000
3838,3716,2025-03-05 13:03:43.526 +0000,2025-03-12 13:03:43.530 +0000
2581,1699,2025-03-05 13:03:54.480 +0000,2025-03-12 13:03:54.486 +0000
3343,3780,2025-03-05 13:18:01.612 +0000,2025-03-12 13:18:01.618 +0000
3079,3584,2025-03-05 15:26:46.345 +0000,2025-03-12 15:26:46.350 +0000
2020,3816,2025-03-05 15:27:28.670 +0000,2025-03-12 15:27:28.676 +0000
3079,876,2025-03-05 15:28:07.073 +0000,2025-03-12 15:28:07.078 +0000
3591,2315,2025-02-26 12:27:58.781 +0000,2025-03-05 12:27:58.785 +0000
591,3621,2025-02-26 13:00:52.728 +0000,2025-03-05 13:00:52.733 +0000
538,2288,2025-02-27 13:04:09.773 +0000,2025-03-06 13:04:09.779 +0000
3656,816,2025-02-27 13:07:45.401 +0000,2025-03-06 13:07:45.406 +0000
3656,1506,2025-02-27 13:08:44.516 +0000,2025-03-06 13:08:44.521 +0000
3085,3196,2025-02-27 13:16:14.830 +0000,2025-03-06 13:16:14.834 +0000
1573,2756,2025-02-27 13:55:52.897 +0000,2025-03-06 13:55:52.903 +0000
1573,2683,2025-02-27 13:56:20.920 +0000,2025-03-06 13:56:20.926 +0000
3594,2926,2025-02-27 14:34:28.059 +0000,2025-03-06 14:34:28.064 +0000
3594,1065,2025-02-27 14:35:04.945 +0000,2025-03-06 14:35:04.950 +0000
3594,3055,2025-02-27 14:35:23.034 +0000,2025-03-06 14:35:23.038 +0000
3594,3235,2025-02-27 14:35:43.611 +0000,2025-03-06 14:35:43.617 +0000
3594,1273,2025-02-27 14:36:07.088 +0000,2025-03-06 14:36:07.093 +0000
2223,1083,2025-02-28 13:03:56.274 +0000,2025-03-07 13:03:56.279 +0000
2223,3684,2025-02-28 13:05:36.272 +0000,2025-03-07 13:05:36.277 +0000
2223,3363,2025-02-28 13:07:48.538 +0000,2025-03-07 13:07:48.543 +0000
3682,362,2025-02-28 13:36:35.337 +0000,2025-03-07 13:37:04.910 +0000
2415,3103,2025-02-28 13:55:40.968 +0000,2025-03-07 13:55:40.974 +0000
2527,2683,2025-03-01 03:10:04.579 +0000,2025-03-08 03:10:04.584 +0000
3703,3497,2025-03-01 03:33:32.626 +0000,2025-03-08 03:33:32.631 +0000
3704,213,2025-03-01 05:58:44.079 +0000,2025-03-08 05:58:44.086 +0000
3704,3007,2025-03-01 06:02:38.025 +0000,2025-03-08 06:02:38.030 +0000
3656,553,2025-03-01 12:20:19.486 +0000,2025-03-08 12:20:19.492 +0000
3656,538,2025-03-01 12:21:38.109 +0000,2025-03-08 12:21:38.114 +0000
2984,3460,2025-03-02 04:53:37.791 +0000,2025-03-09 04:53:37.797 +0000
2984,2692,2025-03-02 04:54:05.475 +0000,2025-03-09 04:54:05.480 +0000
3727,3317,2025-03-02 05:44:51.437 +0000,2025-03-09 05:44:51.445 +0000
3071,3100,2025-03-02 06:55:16.448 +0000,2025-03-09 06:55:16.454 +0000
3071,2020,2025-03-02 06:55:23.373 +0000,2025-03-09 06:55:23.378 +0000
3656,3716,2025-03-02 07:41:38.079 +0000,2025-03-09 07:41:38.085 +0000
3676,3710,2025-03-02 08:28:06.889 +0000,2025-03-09 08:28:06.896 +0000
3731,2521,2025-03-02 11:54:51.157 +0000,2025-03-09 11:54:51.162 +0000
3394,3276,2025-03-02 13:00:35.510 +0000,2025-03-09 13:00:35.515 +0000
3564,228,2025-03-02 13:02:08.107 +0000,2025-03-09 13:02:08.111 +0000
3632,3518,2025-03-02 13:05:30.417 +0000,2025-03-09 13:05:30.422 +0000
3735,876,2025-03-02 14:42:19.313 +0000,2025-03-09 14:42:19.319 +0000
3735,3382,2025-03-02 16:46:51.594 +0000,2025-03-09 16:46:51.600 +0000
3661,3709,2025-03-02 17:33:43.845 +0000,2025-03-09 17:33:43.849 +0000
1330,3687,2025-03-04 08:10:34.946 +0000,2025-03-11 08:10:34.951 +0000
3676,2793,2025-03-03 08:57:12.248 +0000,2025-03-10 08:57:12.253 +0000
3552,3460,2025-03-03 11:12:27.201 +0000,2025-03-10 11:12:27.208 +0000
3768,3750,2025-03-03 11:57:25.761 +0000,2025-03-10 11:57:25.767 +0000
3055,3423,2025-03-03 13:26:34.588 +0000,2025-03-10 13:26:34.593 +0000
3772,2053,2025-03-03 14:42:09.146 +0000,2025-03-10 14:42:09.153 +0000
3431,3681,2025-03-03 15:09:07.768 +0000,2025-03-10 15:09:07.775 +0000
1526,519,2025-03-03 15:13:56.412 +0000,2025-03-10 15:13:56.416 +0000
3774,2769,2025-03-03 15:27:08.558 +0000,2025-03-10 15:27:08.563 +0000
465,2527,2025-03-03 19:36:35.906 +0000,2025-03-10 19:36:35.910 +0000
465,3774,2025-03-03 19:37:39.726 +0000,2025-03-10 19:37:39.731 +0000
1330,3772,2025-03-04 08:12:43.368 +0000,2025-03-11 08:12:43.373 +0000
3642,2749,2025-03-04 11:10:39.979 +0000,2025-03-11 11:10:39.985 +0000
3642,3621,2025-03-04 11:13:23.480 +0000,2025-03-11 11:13:23.486 +0000
3822,3645,2025-03-04 11:25:44.208 +0000,2025-03-11 11:25:44.214 +0000
3824,1985,2025-03-04 11:34:46.654 +0000,2025-03-11 11:34:46.659 +0000
3655,3698,2025-03-04 11:57:04.725 +0000,2025-03-11 11:57:04.732 +0000
3838,213,2025-03-05 12:47:58.588 +0000,2025-03-12 12:47:58.593 +0000
3838,3693,2025-03-05 12:52:11.362 +0000,2025-03-12 12:52:11.369 +0000
2984,3656,2025-03-02 04:53:43.287 +0000,2025-03-09 04:53:43.292 +0000
2479,3722,2025-03-02 06:51:21.620 +0000,2025-03-09 06:51:21.626 +0000
481,2617,2025-03-05 13:00:54.470 +0000,2025-03-12 13:00:54.475 +0000
481,1272,2025-03-05 13:01:39.642 +0000,2025-03-12 13:01:39.649 +0000
2581,2372,2025-03-05 13:03:57.997 +0000,2025-03-12 13:03:58.004 +0000
3079,3494,2025-03-05 15:27:45.868 +0000,2025-03-12 15:27:45.873 +0000
2020,2890,2025-03-05 15:33:23.806 +0000,2025-03-12 15:33:23.812 +0000
538,3110,2025-02-27 13:04:11.941 +0000,2025-03-06 13:04:11.948 +0000
3656,2502,2025-02-27 13:06:05.593 +0000,2025-03-06 13:06:05.598 +0000
3657,3615,2025-02-27 13:16:13.476 +0000,2025-03-06 13:16:13.480 +0000
1573,3598,2025-02-27 13:56:02.453 +0000,2025-03-06 13:56:02.457 +0000
3591,512,2025-02-26 12:27:57.641 +0000,2025-03-05 12:27:57.647 +0000
3591,2211,2025-02-26 12:28:34.251 +0000,2025-03-05 12:28:34.255 +0000
591,3523,2025-02-26 13:00:38.993 +0000,2025-03-05 13:00:38.999 +0000
3594,1232,2025-02-27 14:30:09.401 +0000,2025-03-06 14:30:09.406 +0000
3703,3572,2025-03-01 03:32:34.945 +0000,2025-03-08 03:32:34.950 +0000
591,1180,2025-02-26 13:01:09.651 +0000,2025-03-05 13:01:09.658 +0000
2581,3593,2025-02-26 13:01:51.169 +0000,2025-03-05 13:01:51.174 +0000
3514,2704,2025-02-26 13:07:19.233 +0000,2025-03-05 13:07:19.239 +0000
260,1566,2025-02-26 15:57:26.321 +0000,2025-03-05 15:57:26.326 +0000
260,2689,2025-02-26 15:57:50.355 +0000,2025-03-05 15:57:50.361 +0000
2154,2981,2025-02-26 16:34:51.385 +0000,2025-03-05 16:34:51.390 +0000
3621,2502,2025-02-26 20:23:03.102 +0000,2025-03-05 20:23:03.106 +0000
3642,1273,2025-02-26 22:33:04.490 +0000,2025-03-05 22:33:04.494 +0000
3594,2300,2025-02-27 14:33:42.971 +0000,2025-03-06 14:33:42.975 +0000
3594,2408,2025-02-27 14:34:26.569 +0000,2025-03-06 14:34:26.573 +0000
3594,1596,2025-02-27 14:34:34.464 +0000,2025-03-06 14:34:34.469 +0000
2479,1468,2025-02-26 11:11:18.971 +0000,2025-03-06 06:26:17.589 +0000
3594,2876,2025-02-27 14:35:20.719 +0000,2025-03-06 14:35:20.723 +0000
3594,52,2025-02-27 14:36:07.991 +0000,2025-03-06 14:36:07.996 +0000
2223,3628,2025-02-28 13:03:59.449 +0000,2025-03-07 13:03:59.455 +0000
2223,3350,2025-02-28 13:06:16.081 +0000,2025-03-07 13:06:16.085 +0000
2223,3400,2025-02-28 13:08:18.583 +0000,2025-03-07 13:08:18.588 +0000
2223,3460,2025-02-28 13:12:05.738 +0000,2025-03-07 13:12:05.744 +0000
3703,241,2025-03-01 03:33:20.592 +0000,2025-03-08 03:33:20.598 +0000
3071,436,2025-03-02 06:54:58.188 +0000,2025-03-09 06:54:58.192 +0000
3071,3047,2025-03-02 06:55:05.294 +0000,2025-03-09 06:55:05.299 +0000
66,2371,2025-02-26 13:00:54.879 +0000,2025-03-07 18:02:32.741 +0000
3071,3542,2025-03-02 06:55:28.261 +0000,2025-03-09 06:55:28.267 +0000
3676,1080,2025-03-02 08:27:59.454 +0000,2025-03-09 08:27:59.460 +0000
3676,3661,2025-03-02 08:28:51.811 +0000,2025-03-09 08:28:51.817 +0000
3564,1328,2025-03-02 13:02:21.423 +0000,2025-03-09 13:02:21.430 +0000
3682,2171,2025-02-28 13:37:32.739 +0000,2025-03-07 20:47:16.012 +0000
2415,3451,2025-02-28 13:56:17.448 +0000,2025-03-07 21:00:33.715 +0000
3735,2741,2025-03-02 15:13:53.414 +0000,2025-03-09 15:13:53.419 +0000
3661,601,2025-03-02 17:33:55.008 +0000,2025-03-09 17:33:55.013 +0000
1330,3621,2025-03-04 08:10:36.836 +0000,2025-03-11 08:10:36.842 +0000
1330,2233,2025-03-04 08:12:51.538 +0000,2025-03-11 08:12:51.544 +0000
2728,621,2025-03-04 11:27:11.556 +0000,2025-03-11 11:27:11.561 +0000
3743,3703,2025-03-02 18:31:12.849 +0000,2025-03-09 18:31:12.854 +0000
3661,3683,2025-03-02 20:19:35.188 +0000,2025-03-09 20:19:35.193 +0000
3676,1232,2025-03-03 08:56:31.946 +0000,2025-03-10 08:56:31.952 +0000
3676,66,2025-03-03 08:56:55.964 +0000,2025-03-10 08:56:55.968 +0000
3824,2825,2025-03-04 11:34:15.508 +0000,2025-03-11 11:34:15.512 +0000
3739,3602,2025-03-03 11:58:00.262 +0000,2025-03-10 11:58:00.267 +0000
3055,3711,2025-03-03 13:27:02.580 +0000,2025-03-10 13:27:02.584 +0000
1526,3711,2025-03-03 15:13:53.522 +0000,2025-03-10 15:13:53.528 +0000
3775,1796,2025-03-03 15:51:58.913 +0000,2025-03-10 15:51:58.918 +0000
3777,3201,2025-03-03 17:26:33.272 +0000,2025-03-10 17:26:33.276 +0000
3616,3273,2025-03-03 13:13:00.784 +0000,2025-03-11 17:34:30.164 +0000
3838,260,2025-03-05 12:48:03.321 +0000,2025-03-12 12:48:03.326 +0000
3838,3520,2025-03-05 12:49:23.017 +0000,2025-03-12 12:49:23.022 +0000
3838,2941,2025-03-05 12:52:28.336 +0000,2025-03-12 12:52:28.340 +0000
1108,970,2025-03-05 13:01:34.485 +0000,2025-03-12 13:01:34.490 +0000
2581,3103,2025-03-05 13:03:55.355 +0000,2025-03-12 13:03:55.360 +0000
2963,12,2025-03-05 14:07:39.162 +0000,2025-03-12 14:07:39.167 +0000
3079,2588,2025-03-05 15:28:04.717 +0000,2025-03-12 15:28:04.722 +0000
538,3007,2025-02-27 13:04:54.157 +0000,2025-03-06 13:04:54.163 +0000
1330,3695,2025-03-04 08:16:01.373 +0000,2025-03-11 08:16:01.379 +0000
3591,2142,2025-02-26 12:27:55.669 +0000,2025-03-05 12:27:55.674 +0000
591,1039,2025-02-26 13:01:02.664 +0000,2025-03-05 13:01:02.671 +0000
591,2876,2025-02-26 13:01:14.412 +0000,2025-03-05 13:01:14.417 +0000
3656,3508,2025-02-27 13:08:55.077 +0000,2025-03-06 13:09:13.888 +0000
591,1223,2025-02-26 13:01:24.321 +0000,2025-03-05 13:01:31.921 +0000
3514,2142,2025-02-26 13:06:34.348 +0000,2025-03-05 13:06:34.353 +0000
3621,512,2025-02-26 20:24:12.906 +0000,2025-03-05 20:24:12.912 +0000
3564,3508,2025-02-26 21:59:02.629 +0000,2025-03-05 21:59:02.634 +0000
3083,2656,2025-02-26 22:51:13.674 +0000,2025-03-05 22:51:17.217 +0000
3085,1083,2025-02-27 13:15:56.405 +0000,2025-03-06 13:15:56.412 +0000
3594,1482,2025-02-27 14:34:02.806 +0000,2025-03-06 14:34:02.811 +0000
3594,1961,2025-02-27 14:34:24.544 +0000,2025-03-06 14:34:24.549 +0000
3594,1670,2025-02-27 14:35:17.954 +0000,2025-03-06 14:35:17.958 +0000
3594,1990,2025-02-27 14:35:40.341 +0000,2025-03-06 14:35:40.346 +0000
2223,3085,2025-02-28 13:04:02.617 +0000,2025-03-07 13:04:02.622 +0000
2223,2581,2025-02-28 13:05:23.671 +0000,2025-03-07 13:05:23.675 +0000
3703,2425,2025-03-01 03:33:46.831 +0000,2025-03-08 03:33:46.837 +0000
3682,3683,2025-03-01 09:34:53.025 +0000,2025-03-08 09:34:53.029 +0000
3682,2876,2025-03-01 09:35:47.015 +0000,2025-03-08 09:35:47.023 +0000
2223,3304,2025-02-28 13:06:21.513 +0000,2025-03-07 13:07:19.910 +0000
3593,2581,2025-02-28 14:11:29.399 +0000,2025-03-07 14:11:29.404 +0000
3706,3379,2025-03-01 10:09:48.441 +0000,2025-03-08 10:09:48.446 +0000
3656,3591,2025-03-01 12:20:17.125 +0000,2025-03-08 12:20:17.129 +0000
3656,1080,2025-03-01 12:20:44.386 +0000,2025-03-08 12:20:44.391 +0000
3656,2377,2025-03-01 12:24:27.561 +0000,2025-03-08 12:24:27.567 +0000
3656,11,2025-03-01 12:24:57.478 +0000,2025-03-08 12:24:57.483 +0000
2984,2941,2025-03-02 04:53:55.781 +0000,2025-03-09 04:53:55.787 +0000
3676,3602,2025-03-02 08:28:20.455 +0000,2025-03-09 08:28:20.460 +0000
2067,3204,2025-03-02 13:01:02.939 +0000,2025-03-09 13:01:02.945 +0000
2622,3656,2025-03-02 13:01:09.456 +0000,2025-03-09 13:01:09.462 +0000
3735,481,2025-03-02 16:46:58.485 +0000,2025-03-09 16:46:58.490 +0000
3661,3685,2025-03-02 17:33:25.939 +0000,2025-03-09 17:33:25.944 +0000
3661,2941,2025-03-02 17:34:08.696 +0000,2025-03-09 17:34:08.701 +0000
3743,3563,2025-03-02 18:31:14.962 +0000,2025-03-09 18:31:14.969 +0000
3661,3716,2025-03-02 20:19:27.148 +0000,2025-03-09 20:19:27.154 +0000
3739,3628,2025-03-02 15:29:08.153 +0000,2025-03-09 22:21:22.032 +0000
2867,2,2025-03-03 04:42:38.303 +0000,2025-03-10 04:42:38.307 +0000
538,2876,2025-03-04 09:44:23.937 +0000,2025-03-11 09:44:23.941 +0000
3642,3007,2025-03-04 11:11:46.384 +0000,2025-03-11 11:11:46.389 +0000
3767,2741,2025-03-03 11:56:16.195 +0000,2025-03-10 11:56:16.201 +0000
3739,3683,2025-03-03 11:57:54.646 +0000,2025-03-10 11:57:54.651 +0000
3690,3553,2025-03-03 13:21:36.858 +0000,2025-03-10 13:21:36.862 +0000
3055,606,2025-03-03 13:27:41.339 +0000,2025-03-10 13:27:41.343 +0000
3294,3514,2025-03-03 13:41:28.234 +0000,2025-03-10 13:41:28.241 +0000
271,2690,2025-03-03 14:12:01.046 +0000,2025-03-10 18:21:03.183 +0000
271,2941,2025-03-03 18:21:14.123 +0000,2025-03-10 18:21:14.127 +0000
465,2741,2025-03-03 19:37:40.528 +0000,2025-03-10 20:17:20.001 +0000
3824,883,2025-03-04 11:35:27.586 +0000,2025-03-11 11:35:27.590 +0000
3520,751,2025-03-04 08:40:40.582 +0000,2025-03-11 08:40:40.586 +0000
3639,465,2025-03-04 11:13:26.975 +0000,2025-03-11 11:13:26.980 +0000
2728,2085,2025-03-04 11:27:01.294 +0000,2025-03-11 11:27:01.299 +0000
3838,3137,2025-03-05 12:48:06.068 +0000,2025-03-12 12:48:06.073 +0000
3838,36,2025-03-05 12:51:59.115 +0000,2025-03-12 12:51:59.120 +0000
3838,1232,2025-03-05 12:52:34.832 +0000,2025-03-12 12:52:34.838 +0000
3838,3682,2025-03-05 13:03:47.338 +0000,2025-03-12 13:03:47.343 +0000
1526,2710,2025-03-05 13:43:13.176 +0000,2025-03-12 13:43:13.180 +0000
3079,3172,2025-03-05 15:27:16.148 +0000,2025-03-12 15:27:16.152 +0000
538,3561,2025-02-27 13:04:54.937 +0000,2025-03-06 13:04:54.943 +0000
2223,2878,2025-02-28 13:04:09.231 +0000,2025-03-07 13:04:09.236 +0000
2020,3835,2025-03-05 15:36:26.627 +0000,2025-03-12 15:39:18.461 +0000
3591,1180,2025-02-26 12:27:59.627 +0000,2025-03-05 12:27:59.633 +0000
899,1686,2025-02-26 13:00:50.073 +0000,2025-03-05 13:00:50.078 +0000
2581,3056,2025-02-26 13:02:09.645 +0000,2025-03-05 13:02:09.650 +0000
3727,1796,2025-03-02 05:45:53.202 +0000,2025-03-09 05:45:53.208 +0000
3656,3184,2025-02-27 13:07:55.793 +0000,2025-03-06 13:07:55.798 +0000
3085,2375,2025-02-27 13:16:17.152 +0000,2025-03-06 13:16:17.157 +0000
3594,1981,2025-02-27 14:30:08.747 +0000,2025-03-06 14:30:08.754 +0000
2633,970,2025-02-26 13:02:19.749 +0000,2025-03-05 13:02:27.953 +0000
580,1477,2025-02-26 13:03:58.238 +0000,2025-03-05 13:03:58.244 +0000
580,2193,2025-02-26 13:04:13.832 +0000,2025-03-05 13:04:13.838 +0000
3514,3219,2025-02-26 13:06:33.313 +0000,2025-03-05 13:06:33.317 +0000
3597,3589,2025-02-26 13:24:12.873 +0000,2025-03-05 13:24:13.481 +0000
260,1328,2025-02-26 15:57:33.166 +0000,2025-03-05 15:57:33.172 +0000
3640,2521,2025-02-26 20:55:32.661 +0000,2025-03-05 20:55:32.667 +0000
3564,3272,2025-02-26 21:59:16.800 +0000,2025-03-05 21:59:16.805 +0000
3642,2963,2025-02-26 22:30:54.277 +0000,2025-03-05 22:34:02.565 +0000
2223,2415,2025-02-28 13:05:33.228 +0000,2025-03-07 13:05:33.233 +0000
2223,3103,2025-02-28 13:06:12.129 +0000,2025-03-07 13:06:12.134 +0000
2223,3598,2025-02-28 13:13:04.099 +0000,2025-03-07 13:13:04.106 +0000
3071,2617,2025-03-02 06:55:05.294 +0000,2025-03-09 06:55:05.301 +0000
3704,260,2025-03-01 06:00:42.922 +0000,2025-03-08 06:00:42.926 +0000
3682,2728,2025-03-01 09:35:54.020 +0000,2025-03-08 09:35:54.026 +0000
3656,3552,2025-03-01 12:20:13.685 +0000,2025-03-08 12:20:13.691 +0000
3656,50,2025-03-01 12:20:57.014 +0000,2025-03-08 12:20:57.019 +0000
3707,3703,2025-03-01 12:23:07.576 +0000,2025-03-08 12:23:07.583 +0000
3071,3645,2025-03-02 06:55:38.496 +0000,2025-03-09 06:55:38.503 +0000
3731,241,2025-03-02 11:58:38.358 +0000,2025-03-09 11:58:38.364 +0000
591,1482,2025-03-02 13:00:10.914 +0000,2025-03-09 13:00:10.922 +0000
3584,3708,2025-03-02 13:00:27.735 +0000,2025-03-09 13:00:27.745 +0000
3083,2030,2025-02-26 22:51:09.971 +0000,2025-03-05 22:51:09.977 +0000
3564,2211,2025-03-02 13:02:10.628 +0000,2025-03-09 13:02:10.634 +0000
3564,66,2025-03-02 13:02:26.039 +0000,2025-03-09 13:02:26.044 +0000
1570,2037,2025-03-02 13:17:16.823 +0000,2025-03-09 13:17:16.828 +0000
3707,3731,2025-03-02 14:28:29.906 +0000,2025-03-09 14:28:29.912 +0000
3594,2639,2025-02-27 14:33:23.003 +0000,2025-03-06 14:33:23.009 +0000
3594,2207,2025-02-27 14:33:27.484 +0000,2025-03-06 14:33:27.489 +0000
3594,1080,2025-02-27 14:35:01.191 +0000,2025-03-06 14:35:01.197 +0000
3594,2728,2025-02-27 14:36:04.931 +0000,2025-03-06 14:36:04.936 +0000
3735,2617,2025-03-02 14:42:03.480 +0000,2025-03-09 14:42:03.486 +0000
3824,3666,2025-03-04 11:34:03.797 +0000,2025-03-11 11:34:03.803 +0000
3661,3564,2025-03-02 20:19:36.810 +0000,2025-03-09 20:19:36.815 +0000
3773,3656,2025-03-03 14:47:21.670 +0000,2025-03-10 14:47:21.675 +0000
1526,3709,2025-03-03 15:13:06.379 +0000,2025-03-10 15:13:06.384 +0000
3775,3599,2025-03-03 15:51:59.663 +0000,2025-03-10 15:51:59.667 +0000
3824,3559,2025-03-04 11:34:12.007 +0000,2025-03-11 11:34:12.012 +0000
3777,468,2025-03-03 17:26:45.757 +0000,2025-03-10 17:26:45.762 +0000
3747,3762,2025-03-03 04:48:49.914 +0000,2025-03-10 18:37:23.572 +0000
436,3462,2025-03-03 18:49:33.277 +0000,2025-03-10 18:49:33.282 +0000
3824,3137,2025-03-04 11:34:58.423 +0000,2025-03-11 11:34:58.427 +0000
3838,3594,2025-03-05 12:48:29.181 +0000,2025-03-12 12:48:29.187 +0000
3838,3276,2025-03-05 12:52:23.695 +0000,2025-03-12 12:52:23.702 +0000
1108,3656,2025-03-05 13:01:30.573 +0000,2025-03-12 13:01:30.578 +0000
481,277,2025-03-05 13:01:32.311 +0000,2025-03-12 13:01:32.316 +0000
481,3774,2025-03-05 13:01:43.365 +0000,2025-03-12 13:01:43.370 +0000
3838,310,2025-03-05 13:04:02.305 +0000,2025-03-12 13:04:02.311 +0000
1526,3272,2025-03-05 13:43:19.116 +0000,2025-03-12 13:43:19.121 +0000
2963,213,2025-03-05 14:06:33.889 +0000,2025-03-12 14:06:33.894 +0000
3079,2617,2025-03-05 15:26:00.567 +0000,2025-03-12 15:26:00.573 +0000
3079,3505,2025-03-05 15:27:05.657 +0000,2025-03-12 15:27:05.662 +0000
3821,538,2025-03-04 09:38:38.006 +0000,2025-03-11 09:38:38.012 +0000
3642,3539,2025-02-26 22:31:10.850 +0000,2025-03-11 11:06:01.504 +0000
2728,2363,2025-03-04 11:27:17.159 +0000,2025-03-11 11:27:17.163 +0000
3656,512,2025-02-27 13:04:55.231 +0000,2025-03-06 13:04:55.236 +0000
2223,3451,2025-02-28 13:05:25.203 +0000,2025-03-07 13:05:25.209 +0000
3514,2359,2025-02-26 13:06:43.114 +0000,2025-03-05 13:06:43.119 +0000
3514,3621,2025-02-26 13:07:05.018 +0000,2025-03-05 13:07:05.024 +0000
2154,876,2025-02-26 16:35:10.880 +0000,2025-03-05 16:35:12.758 +0000
3682,3182,2025-02-28 13:37:12.171 +0000,2025-03-07 13:37:23.056 +0000
3704,2371,2025-03-01 06:00:43.802 +0000,2025-03-08 06:00:43.806 +0000
3071,3679,2025-03-02 06:54:52.531 +0000,2025-03-09 06:54:52.535 +0000
3071,1262,2025-03-02 06:55:13.878 +0000,2025-03-09 06:55:13.883 +0000
3071,3473,2025-03-02 06:55:37.847 +0000,2025-03-09 06:55:37.853 +0000
3656,3725,2025-03-02 07:40:57.154 +0000,2025-03-09 07:40:57.160 +0000
3656,1021,2025-02-27 13:05:33.992 +0000,2025-03-06 13:05:33.997 +0000
3656,1077,2025-02-27 13:05:46.611 +0000,2025-03-06 13:05:46.615 +0000
3594,668,2025-02-27 14:28:08.759 +0000,2025-03-06 14:28:08.764 +0000
3594,2142,2025-02-27 14:32:55.210 +0000,2025-03-06 14:32:55.216 +0000
3594,2315,2025-02-27 14:33:00.572 +0000,2025-03-06 14:33:00.579 +0000
3594,1475,2025-02-27 14:35:23.696 +0000,2025-03-06 14:35:23.701 +0000
3594,2941,2025-02-27 14:35:45.354 +0000,2025-03-06 14:35:45.359 +0000
3594,1382,2025-02-27 14:36:06.115 +0000,2025-03-06 14:36:06.120 +0000
3682,2783,2025-03-01 09:36:03.146 +0000,2025-03-08 09:36:03.150 +0000
3656,3693,2025-03-01 12:22:50.194 +0000,2025-03-08 12:22:50.201 +0000
3656,3341,2025-03-01 12:24:29.826 +0000,2025-03-08 12:24:29.831 +0000
3656,3692,2025-03-01 12:24:54.808 +0000,2025-03-08 12:24:54.813 +0000
3676,3594,2025-03-02 08:28:12.295 +0000,2025-03-09 08:28:12.301 +0000
3729,2521,2025-03-02 10:12:57.747 +0000,2025-03-09 10:12:57.752 +0000
3564,11,2025-03-02 13:02:27.847 +0000,2025-03-09 13:02:27.852 +0000
3735,2294,2025-03-02 14:43:02.266 +0000,2025-03-09 14:43:02.271 +0000
3824,3592,2025-03-04 11:35:05.202 +0000,2025-03-11 11:35:05.210 +0000
3826,1034,2025-03-04 12:18:33.425 +0000,2025-03-11 12:18:33.429 +0000
3708,3071,2025-03-02 17:58:08.490 +0000,2025-03-09 17:58:08.495 +0000
3762,3656,2025-03-03 04:25:35.096 +0000,2025-03-10 04:25:35.102 +0000
2154,1861,2025-02-26 16:36:43.644 +0000,2025-03-05 16:36:43.648 +0000
3621,2207,2025-02-26 20:23:20.504 +0000,2025-03-05 20:23:20.509 +0000
3564,1526,2025-02-26 21:59:00.718 +0000,2025-03-05 21:59:00.724 +0000
3642,1391,2025-02-26 22:29:51.289 +0000,2025-03-05 22:29:51.294 +0000
3764,3693,2025-03-03 10:39:00.623 +0000,2025-03-10 10:39:00.630 +0000
3735,1412,2025-03-02 17:55:14.757 +0000,2025-03-11 16:25:08.616 +0000
3708,3749,2025-03-03 10:23:21.716 +0000,2025-03-11 17:07:35.040 +0000
362,383,2025-03-03 13:21:59.518 +0000,2025-03-10 13:21:59.522 +0000
3055,3272,2025-03-03 13:26:32.787 +0000,2025-03-10 13:26:32.792 +0000
3772,2714,2025-03-03 14:41:27.420 +0000,2025-03-10 14:41:27.425 +0000
2692,3695,2025-03-02 13:13:49.595 +0000,2025-03-10 17:08:00.851 +0000
3743,1985,2025-03-03 17:26:05.383 +0000,2025-03-10 17:26:05.388 +0000
465,3492,2025-03-03 19:36:37.586 +0000,2025-03-10 19:36:37.593 +0000
3779,3726,2025-03-03 18:58:42.254 +0000,2025-03-10 23:44:13.963 +0000
538,1981,2025-02-27 13:05:03.958 +0000,2025-03-06 13:05:03.963 +0000
3838,3685,2025-03-05 12:50:53.631 +0000,2025-03-12 12:50:53.636 +0000
3656,2523,2025-02-27 13:09:44.283 +0000,2025-03-06 13:09:44.289 +0000
481,1574,2025-03-05 13:00:50.594 +0000,2025-03-12 13:00:50.599 +0000
1108,2941,2025-03-05 13:01:19.286 +0000,2025-03-12 13:01:19.291 +0000
1108,3204,2025-03-05 13:01:25.555 +0000,2025-03-12 13:01:25.560 +0000
3085,2033,2025-02-27 13:16:22.185 +0000,2025-03-06 13:16:22.189 +0000
3594,1056,2025-02-27 14:27:52.150 +0000,2025-03-06 14:27:52.154 +0000
481,3209,2025-03-05 13:01:35.275 +0000,2025-03-12 13:01:35.281 +0000
3838,3055,2025-03-05 13:04:14.594 +0000,2025-03-12 13:04:14.600 +0000
3416,2971,2025-03-05 13:16:02.833 +0000,2025-03-12 13:16:02.838 +0000
3821,213,2025-03-04 09:39:06.670 +0000,2025-03-11 09:39:06.675 +0000
2728,913,2025-03-04 11:27:10.673 +0000,2025-03-11 11:27:10.678 +0000
3594,966,2025-02-27 14:28:46.068 +0000,2025-03-06 14:28:46.073 +0000
3594,1325,2025-02-27 14:29:55.714 +0000,2025-03-06 14:29:55.719 +0000
3594,1060,2025-02-27 14:30:12.152 +0000,2025-03-06 14:30:12.156 +0000
3594,2363,2025-02-27 14:33:10.433 +0000,2025-03-06 14:33:10.440 +0000
3594,970,2025-02-27 14:35:21.455 +0000,2025-03-06 14:35:21.460 +0000
3201,2345,2025-03-05 13:41:22.807 +0000,2025-03-12 13:41:22.813 +0000
3079,436,2025-03-05 15:26:50.787 +0000,2025-03-12 15:26:50.791 +0000
3079,277,2025-03-05 15:27:43.901 +0000,2025-03-12 15:27:43.905 +0000
3591,791,2025-02-26 12:28:15.851 +0000,2025-03-05 12:28:15.857 +0000
591,3565,2025-02-26 13:00:34.981 +0000,2025-03-05 13:00:34.987 +0000
591,3539,2025-02-26 13:00:50.842 +0000,2025-03-05 13:00:50.848 +0000
591,1233,2025-02-26 13:00:53.732 +0000,2025-03-05 13:00:53.737 +0000
2581,2381,2025-02-26 13:01:56.293 +0000,2025-03-05 13:01:56.298 +0000
2581,1556,2025-02-26 13:02:08.420 +0000,2025-03-05 13:02:08.426 +0000
3594,3602,2025-02-27 14:35:50.078 +0000,2025-03-06 14:35:50.084 +0000
3594,67,2025-02-27 14:36:03.918 +0000,2025-03-06 14:36:03.924 +0000
2223,3353,2025-02-28 13:05:31.703 +0000,2025-03-07 13:05:31.709 +0000
3682,2136,2025-02-28 13:37:27.127 +0000,2025-03-07 13:37:27.131 +0000
3704,3683,2025-03-01 06:00:44.758 +0000,2025-03-08 06:00:44.763 +0000
3656,2656,2025-03-01 12:20:25.144 +0000,2025-03-08 12:20:25.150 +0000
3656,2422,2025-03-01 12:20:31.042 +0000,2025-03-08 12:20:31.048 +0000
3656,254,2025-03-01 12:22:42.478 +0000,2025-03-08 12:22:42.484 +0000
3656,66,2025-03-01 12:25:00.038 +0000,2025-03-08 12:25:00.043 +0000
3071,3228,2025-03-02 06:54:53.151 +0000,2025-03-09 06:54:53.156 +0000
580,2363,2025-02-26 13:03:59.628 +0000,2025-03-05 13:03:59.634 +0000
969,2183,2025-02-26 13:26:50.724 +0000,2025-03-05 13:26:50.730 +0000
2588,921,2025-02-26 14:23:52.406 +0000,2025-03-05 14:23:52.411 +0000
260,1536,2025-02-26 15:57:27.419 +0000,2025-03-05 15:57:27.424 +0000
260,2956,2025-02-26 15:58:06.990 +0000,2025-03-05 15:58:06.994 +0000
2154,1022,2025-02-26 16:36:41.633 +0000,2025-03-05 16:36:41.639 +0000
3621,3184,2025-02-26 20:23:10.948 +0000,2025-03-05 20:23:10.954 +0000
3621,1621,2025-02-26 20:23:37.856 +0000,2025-03-05 20:23:37.861 +0000
3564,1319,2025-02-26 21:59:01.669 +0000,2025-03-05 21:59:01.674 +0000
3564,913,2025-02-26 21:59:12.289 +0000,2025-03-05 21:59:12.295 +0000
3643,1569,2025-02-26 22:30:12.558 +0000,2025-03-05 22:30:12.563 +0000
3083,2363,2025-02-26 22:51:02.194 +0000,2025-03-05 22:51:02.200 +0000
3676,3205,2025-03-02 08:28:48.158 +0000,2025-03-09 08:28:48.165 +0000
3731,2425,2025-03-02 11:55:28.088 +0000,2025-03-09 11:55:28.093 +0000
3500,2084,2025-03-02 13:01:27.847 +0000,2025-03-09 13:01:27.853 +0000
3564,3342,2025-03-02 13:01:52.461 +0000,2025-03-09 13:01:52.466 +0000
3564,3020,2025-03-02 13:02:03.190 +0000,2025-03-09 13:02:03.196 +0000
3564,1079,2025-03-02 13:02:22.861 +0000,2025-03-09 13:02:22.866 +0000
241,3592,2025-03-02 13:47:45.110 +0000,2025-03-09 13:47:45.116 +0000
3735,3580,2025-03-02 14:42:05.699 +0000,2025-03-09 14:42:05.706 +0000
3735,3596,2025-03-02 15:14:40.103 +0000,2025-03-09 16:46:20.153 +0000
3824,2916,2025-03-04 11:34:13.852 +0000,2025-03-11 11:34:13.857 +0000
3661,3205,2025-03-02 20:19:33.382 +0000,2025-03-09 20:19:33.387 +0000
3762,970,2025-03-03 04:26:34.528 +0000,2025-03-10 04:26:34.533 +0000
3656,3762,2025-03-03 07:52:49.962 +0000,2025-03-10 07:52:49.966 +0000
3693,3687,2025-03-03 10:26:20.317 +0000,2025-03-10 10:26:20.322 +0000
3824,2784,2025-03-04 11:34:47.942 +0000,2025-03-11 11:34:47.948 +0000
3739,411,2025-03-03 11:57:56.449 +0000,2025-03-10 11:57:56.456 +0000
1122,970,2025-03-03 13:01:40.607 +0000,2025-03-10 13:01:40.612 +0000
3772,3695,2025-03-03 14:42:07.776 +0000,2025-03-10 14:42:07.781 +0000
1526,302,2025-03-03 15:13:37.193 +0000,2025-03-10 15:13:37.201 +0000
3774,3209,2025-03-03 15:27:57.032 +0000,2025-03-10 15:27:57.038 +0000
3774,3327,2025-03-03 15:34:34.911 +0000,2025-03-10 15:34:34.916 +0000
3776,970,2025-03-03 16:40:52.173 +0000,2025-03-10 16:54:04.426 +0000
3777,3708,2025-03-03 17:16:39.693 +0000,2025-03-10 17:16:39.698 +0000
3777,2294,2025-03-03 17:27:19.926 +0000,2025-03-10 17:27:19.931 +0000
3777,3584,2025-03-03 18:18:06.316 +0000,2025-03-10 18:18:06.322 +0000
3826,3146,2025-03-04 12:18:29.692 +0000,2025-03-11 12:18:29.697 +0000
3838,3661,2025-03-05 12:50:57.842 +0000,2025-03-12 12:50:57.847 +0000
481,2349,2025-03-05 13:00:47.768 +0000,2025-03-12 13:00:47.773 +0000
1108,2211,2025-03-05 13:01:23.785 +0000,2025-03-12 13:01:23.789 +0000
481,2294,2025-03-05 13:01:49.203 +0000,2025-03-12 13:01:49.209 +0000
2581,2025,2025-03-05 13:04:06.229 +0000,2025-03-12 13:04:06.233 +0000
3201,2307,2025-03-05 13:41:26.433 +0000,2025-03-12 13:41:26.437 +0000
3079,1272,2025-03-05 15:27:51.311 +0000,2025-03-12 15:27:51.317 +0000
3594,1269,2025-02-27 14:33:39.732 +0000,2025-03-06 14:33:39.736 +0000
3594,2932,2025-02-27 14:35:49.042 +0000,2025-03-06 14:35:49.049 +0000
2223,3134,2025-02-28 13:05:34.743 +0000,2025-03-07 13:05:34.751 +0000
2223,3302,2025-02-28 13:08:20.161 +0000,2025-03-07 13:08:20.167 +0000
3704,1330,2025-03-01 06:00:50.759 +0000,2025-03-08 06:00:50.765 +0000
2223,970,2025-02-28 13:12:18.340 +0000,2025-03-07 13:12:40.055 +0000
3591,1075,2025-02-26 12:28:01.847 +0000,2025-03-05 12:28:01.852 +0000
3682,1083,2025-02-28 13:37:08.173 +0000,2025-03-07 13:37:08.179 +0000
538,1001,2025-02-27 13:05:04.843 +0000,2025-03-07 19:24:33.063 +0000
1330,1034,2025-03-01 10:25:24.501 +0000,2025-03-08 10:25:24.506 +0000
1330,2793,2025-03-01 10:27:27.454 +0000,2025-03-08 10:27:27.459 +0000
3656,3530,2025-03-01 12:20:06.895 +0000,2025-03-08 12:20:06.901 +0000
3656,1490,2025-03-01 12:23:01.509 +0000,2025-03-08 12:23:01.514 +0000
3656,2700,2025-03-01 12:24:47.767 +0000,2025-03-08 12:24:47.771 +0000
3763,970,2025-03-03 06:09:00.229 +0000,2025-03-10 06:09:00.234 +0000
3071,3117,2025-03-02 06:54:56.412 +0000,2025-03-09 06:54:56.417 +0000
3071,2479,2025-03-02 06:55:17.296 +0000,2025-03-09 06:55:17.302 +0000
66,1595,2025-02-26 13:00:52.011 +0000,2025-03-05 13:00:52.017 +0000
580,2461,2025-02-26 13:03:52.774 +0000,2025-03-05 13:03:52.780 +0000
3564,3594,2025-02-26 21:58:59.818 +0000,2025-03-05 21:58:59.824 +0000
3656,3711,2025-03-02 07:41:33.705 +0000,2025-03-09 07:41:33.708 +0000
3676,2878,2025-03-02 08:28:28.788 +0000,2025-03-09 08:28:28.793 +0000
3731,3581,2025-03-02 11:55:55.659 +0000,2025-03-09 11:55:55.665 +0000
3564,553,2025-03-02 13:02:00.041 +0000,2025-03-09 13:02:00.046 +0000
3733,3707,2025-03-02 14:26:33.735 +0000,2025-03-09 14:26:33.741 +0000
3735,2347,2025-03-02 14:46:32.203 +0000,2025-03-09 14:46:32.207 +0000
3735,277,2025-03-02 16:46:56.715 +0000,2025-03-09 16:46:56.721 +0000
2020,3722,2025-03-02 17:28:34.334 +0000,2025-03-09 17:28:34.338 +0000
3821,2371,2025-03-04 09:39:57.128 +0000,2025-03-11 09:39:57.133 +0000
3824,2185,2025-03-04 11:34:51.790 +0000,2025-03-11 11:34:51.795 +0000
3747,3621,2025-03-02 20:46:07.850 +0000,2025-03-09 20:46:07.855 +0000
3676,3653,2025-03-03 08:57:07.259 +0000,2025-03-10 08:57:07.263 +0000
3764,2878,2025-03-03 10:38:59.617 +0000,2025-03-10 10:38:59.623 +0000
3017,1595,2025-03-03 13:00:28.100 +0000,2025-03-10 13:00:28.109 +0000
3271,3597,2025-03-03 13:01:22.811 +0000,2025-03-10 13:01:22.822 +0000
1163,3631,2025-03-03 13:03:12.679 +0000,2025-03-10 13:03:12.685 +0000
3772,3662,2025-03-03 14:42:05.197 +0000,2025-03-10 14:42:05.202 +0000
3643,1644,2025-02-26 22:30:07.707 +0000,2025-03-05 22:30:07.711 +0000
3774,481,2025-03-03 15:25:16.198 +0000,2025-03-10 15:25:16.203 +0000
3774,3507,2025-03-03 15:28:29.315 +0000,2025-03-10 15:28:29.319 +0000
3777,2769,2025-03-03 17:27:09.810 +0000,2025-03-10 17:27:09.816 +0000
3632,2549,2025-02-26 14:51:45.776 +0000,2025-03-05 14:53:32.623 +0000
2652,2683,2025-02-26 19:34:04.643 +0000,2025-03-05 19:34:04.648 +0000
3621,2223,2025-02-26 20:23:09.188 +0000,2025-03-05 20:23:09.193 +0000
3621,1873,2025-02-26 20:23:46.983 +0000,2025-03-05 20:23:46.989 +0000
3621,3598,2025-02-26 20:24:08.292 +0000,2025-03-05 20:24:08.297 +0000
271,3220,2025-03-03 18:21:14.122 +0000,2025-03-10 18:21:21.413 +0000
3780,2617,2025-03-03 19:03:47.307 +0000,2025-03-10 19:03:47.312 +0000
3826,735,2025-03-04 12:18:16.209 +0000,2025-03-11 12:18:16.216 +0000
213,3692,2025-03-02 18:00:54.775 +0000,2025-03-10 22:58:24.408 +0000
3687,3629,2025-03-01 09:46:22.279 +0000,2025-03-11 17:03:30.696 +0000
3838,27,2025-03-05 12:50:59.371 +0000,2025-03-12 12:50:59.375 +0000
2652,2693,2025-02-26 19:34:02.291 +0000,2025-03-05 19:34:02.297 +0000
1108,3536,2025-03-05 13:01:10.628 +0000,2025-03-12 13:01:10.633 +0000
465,964,2025-03-05 14:20:53.061 +0000,2025-03-12 14:20:53.066 +0000
1378,2877,2025-03-05 15:39:03.176 +0000,2025-03-12 15:41:26.923 +0000
2223,2693,2025-02-28 13:07:50.617 +0000,2025-03-07 13:07:50.624 +0000
3618,2655,2025-02-26 08:49:26.282 +0000,2025-03-06 13:08:40.942 +0000
3656,2007,2025-02-27 13:09:04.114 +0000,2025-03-06 13:09:04.118 +0000
3657,1282,2025-02-27 13:14:36.876 +0000,2025-03-06 13:14:36.883 +0000
3618,2142,2025-02-27 13:57:02.136 +0000,2025-03-06 13:57:02.141 +0000
1573,2612,2025-02-27 13:59:28.804 +0000,2025-03-06 13:59:28.810 +0000
3594,2171,2025-02-27 14:28:06.758 +0000,2025-03-06 14:28:06.765 +0000
260,770,2025-02-27 14:31:46.546 +0000,2025-03-06 14:31:46.551 +0000
3594,430,2025-02-27 14:32:54.403 +0000,2025-03-06 14:32:54.408 +0000
3594,3525,2025-02-27 14:33:42.240 +0000,2025-03-06 14:33:42.245 +0000
3594,1332,2025-02-27 14:34:04.411 +0000,2025-03-06 14:34:04.416 +0000
3594,1923,2025-02-27 14:34:25.617 +0000,2025-03-06 14:34:25.622 +0000
2223,3351,2025-02-28 13:09:07.118 +0000,2025-03-07 13:09:07.123 +0000
2223,2941,2025-02-28 13:11:23.305 +0000,2025-03-07 13:11:23.309 +0000
3682,3602,2025-02-28 13:37:03.110 +0000,2025-03-07 13:37:03.114 +0000
3682,2085,2025-02-28 13:37:17.107 +0000,2025-03-07 13:37:17.112 +0000
3704,3621,2025-03-01 06:01:34.905 +0000,2025-03-08 06:01:34.910 +0000
3656,213,2025-03-01 12:22:41.240 +0000,2025-03-08 12:22:41.245 +0000
3071,3172,2025-03-02 06:54:59.888 +0000,2025-03-09 06:54:59.893 +0000
3730,3392,2025-03-02 11:07:44.923 +0000,2025-03-09 11:07:44.928 +0000
3564,3676,2025-03-02 13:02:20.695 +0000,2025-03-09 13:02:20.700 +0000
3621,3204,2025-02-26 20:23:12.069 +0000,2025-03-05 20:23:12.073 +0000
3661,3220,2025-03-02 17:33:57.412 +0000,2025-03-09 17:33:57.418 +0000
3564,2952,2025-02-26 21:58:58.888 +0000,2025-03-05 21:58:58.894 +0000
899,634,2025-02-26 13:01:51.699 +0000,2025-03-05 13:01:57.642 +0000
3514,3204,2025-02-26 13:06:55.889 +0000,2025-03-05 13:06:55.895 +0000
3632,2160,2025-02-26 14:51:27.717 +0000,2025-03-05 14:51:27.721 +0000
3580,1462,2025-02-25 00:36:01.323 +0000,2025-03-10 08:54:00.272 +0000
3693,3656,2025-03-03 10:27:00.044 +0000,2025-03-10 10:27:00.049 +0000
2617,3172,2025-03-04 10:12:28.894 +0000,2025-03-11 10:12:28.898 +0000
3824,3693,2025-03-04 11:34:58.425 +0000,2025-03-11 11:34:58.430 +0000
3824,3304,2025-03-04 11:36:21.072 +0000,2025-03-11 11:36:21.078 +0000
3826,2878,2025-03-04 12:18:30.344 +0000,2025-03-11 12:18:30.349 +0000
1330,735,2025-03-04 10:53:31.301 +0000,2025-03-11 21:30:38.603 +0000
3838,11,2025-03-05 12:52:32.825 +0000,2025-03-12 12:52:32.830 +0000
481,1068,2025-03-05 13:00:46.106 +0000,2025-03-12 13:00:46.110 +0000
1108,3294,2025-03-05 13:01:08.985 +0000,2025-03-12 13:01:08.989 +0000
3838,3683,2025-03-05 13:03:33.738 +0000,2025-03-12 13:03:33.743 +0000
2581,2718,2025-03-05 13:03:53.190 +0000,2025-03-12 13:03:53.194 +0000
3656,1259,2025-02-27 13:09:46.050 +0000,2025-03-06 13:09:46.054 +0000
580,3523,2025-02-26 13:03:50.828 +0000,2025-03-05 13:03:50.834 +0000
3085,1474,2025-02-27 13:15:54.906 +0000,2025-03-06 13:15:54.911 +0000
1573,2654,2025-02-27 13:55:59.349 +0000,2025-03-06 13:55:59.355 +0000
3514,3536,2025-02-26 13:04:33.950 +0000,2025-03-05 13:05:03.498 +0000
3514,1077,2025-02-26 13:05:53.374 +0000,2025-03-05 13:05:53.380 +0000
2588,3580,2025-02-26 14:23:44.912 +0000,2025-03-05 14:23:44.916 +0000
260,3118,2025-02-26 15:57:34.293 +0000,2025-03-05 15:57:34.298 +0000
260,3525,2025-02-26 15:57:46.838 +0000,2025-03-05 15:57:46.844 +0000
2154,2294,2025-02-26 16:35:29.698 +0000,2025-03-05 16:35:29.706 +0000
2652,2396,2025-02-26 19:34:13.226 +0000,2025-03-05 19:34:17.433 +0000
3564,1325,2025-02-26 21:58:57.088 +0000,2025-03-05 21:58:57.093 +0000
3564,2525,2025-02-26 21:59:15.228 +0000,2025-03-05 21:59:15.233 +0000
3643,2405,2025-02-26 22:29:50.292 +0000,2025-03-05 22:29:50.299 +0000
3642,3094,2025-02-26 22:30:39.309 +0000,2025-03-05 22:30:39.314 +0000
2223,3501,2025-02-28 13:08:23.366 +0000,2025-03-07 13:08:23.372 +0000
3594,751,2025-02-27 14:28:05.216 +0000,2025-03-06 14:28:05.220 +0000
3594,1330,2025-02-27 14:35:00.252 +0000,2025-03-06 14:35:00.256 +0000
3594,1039,2025-02-27 14:35:12.027 +0000,2025-03-06 14:35:12.032 +0000
1573,1585,2025-02-27 13:59:37.671 +0000,2025-03-06 15:36:57.505 +0000
3682,3508,2025-02-28 13:37:31.766 +0000,2025-03-07 13:37:31.772 +0000
3593,3654,2025-02-28 14:11:48.450 +0000,2025-03-07 14:11:48.457 +0000
3704,2714,2025-03-01 06:04:01.500 +0000,2025-03-08 06:04:01.504 +0000
3682,3695,2025-03-01 09:35:00.298 +0000,2025-03-08 09:35:00.303 +0000
3656,2784,2025-03-01 12:24:09.240 +0000,2025-03-08 12:24:09.245 +0000
3656,3665,2025-03-01 12:25:01.538 +0000,2025-03-08 12:25:01.543 +0000
3071,3699,2025-03-02 06:55:02.020 +0000,2025-03-09 06:55:02.026 +0000
3071,3708,2025-03-02 06:55:24.208 +0000,2025-03-09 06:55:24.213 +0000
3676,254,2025-03-02 08:28:28.791 +0000,2025-03-09 08:28:28.796 +0000
3731,3352,2025-03-02 11:57:36.634 +0000,2025-03-09 11:57:36.640 +0000
2067,3687,2025-03-02 13:00:56.777 +0000,2025-03-09 13:00:56.783 +0000
2067,3460,2025-03-02 13:00:59.606 +0000,2025-03-09 13:00:59.612 +0000
2251,1546,2025-03-02 13:01:11.449 +0000,2025-03-09 13:01:11.453 +0000
3564,2783,2025-03-02 13:02:09.904 +0000,2025-03-09 13:02:09.909 +0000
3734,3698,2025-03-02 14:33:05.372 +0000,2025-03-09 14:33:05.377 +0000
3734,241,2025-03-02 14:33:33.081 +0000,2025-03-09 14:33:33.086 +0000
3764,2085,2025-03-03 10:38:09.293 +0000,2025-03-10 10:38:09.297 +0000
2617,468,2025-03-04 10:12:29.725 +0000,2025-03-11 10:12:29.729 +0000
2728,2030,2025-03-04 11:27:03.375 +0000,2025-03-11 11:27:03.381 +0000
3743,3707,2025-03-02 18:31:19.662 +0000,2025-03-09 18:31:19.666 +0000
3767,2769,2025-03-03 11:54:11.314 +0000,2025-03-10 11:54:11.319 +0000
2709,1330,2025-03-03 13:00:36.967 +0000,2025-03-10 13:00:36.974 +0000
1163,3678,2025-03-03 13:03:05.662 +0000,2025-03-10 13:03:05.667 +0000
3676,2001,2025-03-03 13:24:16.698 +0000,2025-03-10 13:24:16.703 +0000
3773,3007,2025-03-03 14:47:19.680 +0000,2025-03-10 14:47:19.689 +0000
1526,728,2025-03-03 15:13:01.962 +0000,2025-03-10 15:13:01.967 +0000
3774,1412,2025-03-03 15:30:09.482 +0000,2025-03-10 15:30:09.487 +0000
3775,3227,2025-03-03 15:51:57.090 +0000,2025-03-10 15:51:57.095 +0000
3777,3679,2025-03-03 17:27:29.158 +0000,2025-03-10 17:27:29.163 +0000
3777,3071,2025-03-03 18:16:46.780 +0000,2025-03-10 18:16:46.785 +0000
3747,1163,2025-03-03 18:37:28.337 +0000,2025-03-10 18:37:28.343 +0000
3824,2581,2025-03-04 11:36:29.541 +0000,2025-03-11 11:36:29.546 +0000
735,1614,2025-03-02 13:04:53.437 +0000,2025-03-12 10:19:47.436 +0000
3838,1080,2025-03-05 12:52:46.982 +0000,2025-03-12 12:52:46.987 +0000
1108,3007,2025-03-05 13:01:32.965 +0000,2025-03-12 13:01:32.970 +0000
2581,3217,2025-03-05 13:03:51.765 +0000,2025-03-12 13:03:51.770 +0000
3079,2040,2025-03-05 15:27:20.247 +0000,2025-03-12 15:27:20.251 +0000
3079,3209,2025-03-05 15:27:49.143 +0000,2025-03-12 15:27:49.149 +0000
3642,213,2025-03-04 11:10:38.190 +0000,2025-03-11 11:10:38.195 +0000
2020,3201,2025-03-05 15:33:07.636 +0000,2025-03-12 15:33:07.641 +0000
3824,3711,2025-03-04 11:34:54.384 +0000,2025-03-11 11:34:54.389 +0000
3824,2874,2025-03-04 11:36:32.012 +0000,2025-03-11 11:36:32.018 +0000
3656,3594,2025-02-27 13:09:47.830 +0000,2025-03-06 13:09:47.834 +0000
3594,553,2025-02-27 14:28:11.251 +0000,2025-03-06 14:28:11.258 +0000
3594,621,2025-02-27 14:30:26.990 +0000,2025-03-06 14:30:26.995 +0000
3594,2007,2025-02-27 14:33:20.009 +0000,2025-03-06 14:33:20.013 +0000
3594,551,2025-02-27 14:33:41.454 +0000,2025-03-06 14:33:41.459 +0000
3594,1962,2025-02-27 14:33:58.538 +0000,2025-03-06 14:33:58.543 +0000
2223,2465,2025-02-28 13:08:24.902 +0000,2025-03-07 13:08:24.908 +0000
2223,3534,2025-02-28 13:09:03.884 +0000,2025-03-07 13:09:03.889 +0000
2223,2980,2025-02-28 13:13:13.981 +0000,2025-03-07 13:13:17.312 +0000
899,3139,2025-02-26 13:00:50.903 +0000,2025-03-05 13:00:50.909 +0000
2581,2134,2025-02-26 13:00:59.014 +0000,2025-03-05 13:00:59.019 +0000
591,1374,2025-02-26 13:01:07.249 +0000,2025-03-05 13:01:07.253 +0000
591,2085,2025-02-26 13:01:08.357 +0000,2025-03-05 13:01:08.362 +0000
2581,808,2025-02-26 13:02:01.503 +0000,2025-03-05 13:02:01.507 +0000
580,3216,2025-02-26 13:05:00.828 +0000,2025-03-05 13:05:00.833 +0000
3514,1180,2025-02-26 13:06:30.458 +0000,2025-03-05 13:06:30.464 +0000
3514,512,2025-02-26 13:07:21.389 +0000,2025-03-05 13:07:21.395 +0000
260,1233,2025-02-26 15:57:53.179 +0000,2025-03-05 15:57:53.184 +0000
3593,3232,2025-02-28 14:11:50.124 +0000,2025-03-07 14:11:50.130 +0000
3682,2952,2025-03-01 09:35:56.128 +0000,2025-03-08 09:35:56.132 +0000
3656,3631,2025-03-01 12:20:23.988 +0000,2025-03-08 12:20:23.993 +0000
3707,2425,2025-03-01 12:23:10.334 +0000,2025-03-08 12:23:10.339 +0000
3707,2713,2025-03-01 12:23:59.317 +0000,2025-03-08 12:23:59.322 +0000
3656,2085,2025-03-01 12:24:26.167 +0000,2025-03-08 12:24:26.172 +0000
3071,3145,2025-03-02 06:55:29.102 +0000,2025-03-09 06:55:29.107 +0000
3729,3617,2025-03-02 10:12:28.369 +0000,2025-03-09 10:12:28.374 +0000
3580,3158,2025-02-25 00:36:01.312 +0000,2025-03-10 08:54:03.799 +0000
3584,3201,2025-03-02 13:00:41.185 +0000,2025-03-09 13:00:41.191 +0000
3564,2371,2025-03-02 13:01:53.568 +0000,2025-03-09 13:01:53.574 +0000
3564,970,2025-03-02 13:02:19.665 +0000,2025-03-09 13:02:19.670 +0000
3735,1262,2025-03-02 14:39:52.579 +0000,2025-03-09 14:39:52.583 +0000
3735,927,2025-03-02 14:42:45.081 +0000,2025-03-09 14:42:45.085 +0000
3735,1028,2025-03-02 14:45:22.218 +0000,2025-03-09 14:45:22.222 +0000
3736,3657,2025-03-02 14:58:32.373 +0000,2025-03-09 14:58:32.380 +0000
1546,3082,2025-03-03 13:00:16.332 +0000,2025-03-10 13:00:16.338 +0000
3735,3473,2025-03-02 16:46:48.435 +0000,2025-03-09 16:46:48.441 +0000
3661,3682,2025-03-02 17:33:45.535 +0000,2025-03-09 17:33:45.541 +0000
1603,2460,2025-03-02 09:37:55.160 +0000,2025-03-12 12:00:32.232 +0000
2793,2562,2025-03-03 13:00:32.780 +0000,2025-03-10 13:00:32.784 +0000
3676,3276,2025-03-03 13:24:12.298 +0000,2025-03-10 13:24:12.304 +0000
3055,2001,2025-03-03 13:27:02.580 +0000,2025-03-10 13:27:02.584 +0000
3772,2692,2025-03-03 14:41:49.303 +0000,2025-03-10 14:41:49.308 +0000
3774,277,2025-03-03 15:26:52.955 +0000,2025-03-10 15:26:52.961 +0000
3827,2633,2025-03-04 12:34:40.170 +0000,2025-03-11 12:34:40.174 +0000
580,2639,2025-02-26 13:04:15.859 +0000,2025-03-05 13:04:15.867 +0000
3594,1909,2025-02-27 14:36:23.913 +0000,2025-03-06 14:36:23.920 +0000
2503,2886,2025-02-26 13:37:00.703 +0000,2025-03-05 13:37:32.127 +0000
260,976,2025-02-26 15:57:48.564 +0000,2025-03-05 15:57:48.569 +0000
2154,1028,2025-02-26 16:34:53.610 +0000,2025-03-05 16:34:53.616 +0000
2652,2098,2025-02-26 19:34:11.346 +0000,2025-03-05 19:34:11.352 +0000
3621,1312,2025-02-26 20:23:57.390 +0000,2025-03-05 20:23:57.396 +0000
3598,1204,2025-02-26 20:28:54.865 +0000,2025-03-05 20:28:54.869 +0000
260,3372,2025-02-27 14:40:01.616 +0000,2025-03-06 14:40:01.622 +0000
260,1959,2025-02-27 14:40:05.217 +0000,2025-03-06 14:40:05.222 +0000
3676,3621,2025-02-28 14:27:20.354 +0000,2025-03-07 14:27:20.360 +0000
3695,3384,2025-02-28 19:13:55.913 +0000,2025-03-07 19:14:08.337 +0000
3656,1603,2025-03-01 12:19:29.666 +0000,2025-03-08 12:19:29.671 +0000
3656,3629,2025-03-01 12:22:46.306 +0000,2025-03-08 12:22:46.311 +0000
3707,241,2025-03-01 12:23:08.459 +0000,2025-03-08 12:23:08.465 +0000
3656,3314,2025-02-28 21:26:00.608 +0000,2025-03-07 21:26:23.687 +0000
3656,3361,2025-02-28 21:37:05.797 +0000,2025-03-07 21:37:05.801 +0000
3656,2375,2025-02-28 21:39:32.734 +0000,2025-03-07 21:39:32.740 +0000
3564,2288,2025-02-26 21:58:54.777 +0000,2025-03-05 21:58:54.783 +0000
3698,3497,2025-02-28 21:40:57.966 +0000,2025-03-07 21:40:57.972 +0000
3698,3617,2025-02-28 21:41:20.889 +0000,2025-03-07 21:41:20.895 +0000
3699,3679,2025-02-28 22:12:22.436 +0000,2025-03-07 22:12:22.441 +0000
3699,3047,2025-02-28 22:13:59.003 +0000,2025-03-07 22:14:37.313 +0000
3676,2656,2025-03-01 00:05:42.497 +0000,2025-03-08 00:05:42.503 +0000
3656,2989,2025-03-01 12:24:16.136 +0000,2025-03-08 12:24:16.141 +0000
3656,2424,2025-03-01 12:25:03.276 +0000,2025-03-08 12:25:03.281 +0000
3687,1330,2025-03-01 00:27:23.501 +0000,2025-03-08 00:27:32.181 +0000
1330,2878,2025-03-01 10:28:47.447 +0000,2025-03-09 20:48:05.102 +0000
1330,213,2025-03-02 20:48:39.317 +0000,2025-03-09 20:48:39.322 +0000
3747,352,2025-03-02 20:55:59.322 +0000,2025-03-09 20:55:59.327 +0000
3747,2371,2025-03-02 21:27:03.659 +0000,2025-03-09 21:27:03.664 +0000
3747,1330,2025-03-02 21:29:03.260 +0000,2025-03-09 21:29:03.265 +0000
3747,2767,2025-03-02 21:30:12.822 +0000,2025-03-09 21:30:12.827 +0000
3739,1083,2025-03-02 22:32:39.184 +0000,2025-03-09 22:32:39.189 +0000
3739,2136,2025-03-02 22:34:57.342 +0000,2025-03-09 22:34:57.346 +0000
3743,2644,2025-03-02 23:17:17.999 +0000,2025-03-09 23:17:18.007 +0000
3743,2713,2025-03-02 23:19:21.378 +0000,2025-03-09 23:19:21.382 +0000
2208,2211,2025-03-02 23:28:42.915 +0000,2025-03-09 23:28:42.920 +0000
2208,2175,2025-03-02 23:28:54.382 +0000,2025-03-09 23:28:54.387 +0000
3743,3595,2025-03-02 23:54:04.033 +0000,2025-03-09 23:54:04.037 +0000
2793,2007,2025-03-03 13:00:23.957 +0000,2025-03-10 13:00:23.963 +0000
3061,3228,2025-03-03 14:27:31.275 +0000,2025-03-10 14:27:31.281 +0000
1526,2375,2025-03-03 15:14:08.340 +0000,2025-03-10 15:14:08.345 +0000
3699,2890,2025-03-03 18:03:44.255 +0000,2025-03-10 18:03:44.261 +0000
465,3659,2025-03-03 19:37:37.266 +0000,2025-03-10 19:37:37.271 +0000
3083,2288,2025-02-28 23:36:35.320 +0000,2025-03-11 13:13:15.798 +0000
2588,3505,2025-03-04 13:25:38.439 +0000,2025-03-11 13:25:38.445 +0000
3832,3621,2025-03-04 14:21:06.968 +0000,2025-03-11 14:21:06.973 +0000
3832,713,2025-03-04 14:21:31.831 +0000,2025-03-11 14:21:31.836 +0000
3832,2749,2025-03-04 14:22:14.712 +0000,2025-03-11 14:22:14.718 +0000
3833,2890,2025-03-04 14:26:21.329 +0000,2025-03-11 14:26:21.335 +0000
3833,2020,2025-03-04 14:27:13.329 +0000,2025-03-11 14:27:13.334 +0000
3816,902,2025-03-04 17:06:41.377 +0000,2025-03-11 17:06:41.381 +0000
277,2996,2025-02-28 20:41:54.189 +0000,2025-03-11 21:22:53.590 +0000
2707,970,2025-02-27 00:36:44.499 +0000,2025-03-06 00:36:50.088 +0000
3628,3523,2025-02-27 01:16:28.464 +0000,2025-03-06 01:16:28.470 +0000
3056,2121,2025-02-27 01:50:00.363 +0000,2025-03-06 01:50:00.368 +0000
3056,3451,2025-02-27 01:51:46.996 +0000,2025-03-06 01:51:47.000 +0000
3676,48,2025-02-28 14:28:42.014 +0000,2025-03-07 14:28:42.020 +0000
3676,713,2025-02-28 14:30:38.643 +0000,2025-03-07 14:30:38.649 +0000
9,1985,2025-02-28 14:49:19.320 +0000,2025-03-07 14:49:19.325 +0000
3628,1595,2025-02-27 11:01:59.217 +0000,2025-03-06 11:01:59.222 +0000
3650,2692,2025-02-27 12:02:59.698 +0000,2025-03-06 12:02:59.703 +0000
3650,560,2025-02-27 12:06:07.260 +0000,2025-03-06 12:06:07.265 +0000
3594,728,2025-02-27 14:36:24.795 +0000,2025-03-06 14:36:24.800 +0000
260,1792,2025-02-27 14:37:07.452 +0000,2025-03-06 14:37:07.457 +0000
260,2315,2025-02-27 14:37:22.451 +0000,2025-03-06 14:37:22.457 +0000
3707,3581,2025-03-01 12:31:35.501 +0000,2025-03-08 12:31:35.506 +0000
3677,2684,2025-02-28 15:32:27.935 +0000,2025-03-07 15:34:51.873 +0000
11,1614,2025-03-01 13:05:38.332 +0000,2025-03-08 13:05:38.339 +0000
2001,2784,2025-02-28 18:06:01.818 +0000,2025-03-07 18:06:01.823 +0000
3692,66,2025-02-28 17:41:29.021 +0000,2025-03-07 18:58:44.683 +0000
3692,3384,2025-02-28 19:10:04.736 +0000,2025-03-07 19:10:04.741 +0000
3692,1451,2025-02-28 19:11:10.659 +0000,2025-03-07 19:11:10.664 +0000
3695,2457,2025-02-28 19:14:11.207 +0000,2025-03-07 19:14:11.212 +0000
3695,2980,2025-02-28 19:15:53.762 +0000,2025-03-07 19:15:53.766 +0000
3692,3205,2025-02-28 19:18:34.304 +0000,2025-03-07 19:18:34.311 +0000
277,2374,2025-02-28 20:39:32.596 +0000,2025-03-07 20:39:32.601 +0000
3698,2425,2025-02-28 21:36:03.142 +0000,2025-03-07 21:36:03.148 +0000
3656,522,2025-02-28 21:31:23.450 +0000,2025-03-07 21:37:10.041 +0000
3656,2988,2025-02-28 21:39:46.963 +0000,2025-03-07 21:39:46.967 +0000
3698,3396,2025-02-28 21:40:08.381 +0000,2025-03-07 21:40:40.897 +0000
3676,2375,2025-03-01 00:06:01.197 +0000,2025-03-08 00:06:01.202 +0000
3783,3620,2025-03-03 20:12:48.225 +0000,2025-03-10 20:12:48.230 +0000
11,2374,2025-03-01 13:05:51.705 +0000,2025-03-08 13:05:51.710 +0000
465,3409,2025-03-03 20:17:44.639 +0000,2025-03-10 20:17:44.644 +0000
1330,3678,2025-03-02 20:48:40.797 +0000,2025-03-09 20:48:40.801 +0000
3747,260,2025-03-02 21:22:39.787 +0000,2025-03-09 21:22:39.792 +0000
3747,3049,2025-03-02 21:28:53.460 +0000,2025-03-09 21:28:53.466 +0000
2869,3230,2025-03-01 13:12:26.667 +0000,2025-03-08 13:12:26.672 +0000
2869,3400,2025-03-01 13:12:50.210 +0000,2025-03-08 13:12:50.215 +0000
3747,3629,2025-03-02 21:29:42.549 +0000,2025-03-09 21:29:42.554 +0000
3787,2916,2025-03-03 21:26:19.078 +0000,2025-03-10 21:26:19.082 +0000
310,3602,2025-03-01 14:18:30.313 +0000,2025-03-08 14:18:30.317 +0000
3711,1325,2025-03-01 15:38:12.728 +0000,2025-03-08 15:38:12.733 +0000
2728,2239,2025-03-01 16:10:44.790 +0000,2025-03-08 16:10:44.796 +0000
3220,2175,2025-03-01 16:47:30.704 +0000,2025-03-08 16:47:30.709 +0000
3715,538,2025-03-01 17:57:23.875 +0000,2025-03-08 17:57:23.880 +0000
3716,1451,2025-03-01 18:21:06.288 +0000,2025-03-08 18:21:06.293 +0000
3716,352,2025-03-01 18:22:42.030 +0000,2025-03-08 18:22:42.036 +0000
3716,3539,2025-03-01 18:25:13.826 +0000,2025-03-08 18:25:13.831 +0000
3693,213,2025-03-01 22:05:35.730 +0000,2025-03-08 22:05:35.735 +0000
3693,3695,2025-03-01 22:09:17.288 +0000,2025-03-08 22:09:17.293 +0000
2371,2936,2025-03-01 22:09:49.741 +0000,2025-03-08 22:09:49.746 +0000
3682,3716,2025-03-01 23:08:08.170 +0000,2025-03-08 23:08:08.176 +0000
3725,3621,2025-03-02 00:21:30.928 +0000,2025-03-09 00:21:30.933 +0000
3747,3514,2025-03-02 21:29:56.669 +0000,2025-03-09 21:29:56.676 +0000
3739,1080,2025-03-02 22:35:33.527 +0000,2025-03-09 22:35:33.532 +0000
3787,2963,2025-03-03 21:27:24.158 +0000,2025-03-10 21:27:24.165 +0000
3747,3014,2025-03-03 22:33:47.986 +0000,2025-03-10 22:33:47.992 +0000
3747,656,2025-03-03 22:42:36.285 +0000,2025-03-10 22:42:36.290 +0000
902,1412,2025-03-01 13:03:21.993 +0000,2025-03-09 22:56:05.902 +0000
2208,3219,2025-03-02 23:29:03.600 +0000,2025-03-09 23:29:03.606 +0000
3200,1570,2025-03-03 22:44:48.142 +0000,2025-03-10 22:44:48.149 +0000
3006,3007,2025-03-03 23:30:50.188 +0000,2025-03-10 23:30:50.194 +0000
3816,3679,2025-03-03 23:37:01.560 +0000,2025-03-10 23:37:01.567 +0000
3074,2693,2025-03-04 13:00:50.669 +0000,2025-03-11 13:00:50.675 +0000
3830,3596,2025-03-04 13:37:51.322 +0000,2025-03-11 13:37:51.327 +0000
3832,735,2025-03-04 14:20:32.166 +0000,2025-03-11 14:20:32.172 +0000
2040,3722,2025-03-04 15:09:36.850 +0000,2025-03-11 15:09:36.854 +0000
3341,3630,2025-03-04 15:56:48.557 +0000,2025-03-11 15:56:48.562 +0000
3553,2981,2025-03-04 23:49:28.131 +0000,2025-03-11 23:49:28.136 +0000
3204,2523,2025-03-04 12:45:21.019 +0000,2025-03-12 11:11:25.586 +0000
2707,2,2025-02-27 00:37:16.131 +0000,2025-03-06 00:37:16.136 +0000
3628,1083,2025-02-27 01:14:15.182 +0000,2025-03-06 01:14:15.187 +0000
3628,2878,2025-02-27 01:15:14.290 +0000,2025-03-06 01:15:14.295 +0000
3628,2400,2025-02-27 01:17:54.013 +0000,2025-03-06 01:17:54.017 +0000
3628,1920,2025-02-27 01:20:13.741 +0000,2025-03-06 01:20:13.746 +0000
3628,2793,2025-02-27 01:21:08.090 +0000,2025-03-06 01:21:08.096 +0000
3676,2218,2025-02-28 14:28:43.583 +0000,2025-03-07 14:28:43.589 +0000
3676,2980,2025-02-28 14:29:42.074 +0000,2025-03-07 14:29:42.080 +0000
3201,1861,2025-02-28 17:47:43.380 +0000,2025-03-08 00:53:49.844 +0000
3628,2408,2025-02-27 11:03:00.938 +0000,2025-03-06 11:03:00.944 +0000
3594,2,2025-02-27 14:36:25.743 +0000,2025-03-06 14:36:25.749 +0000
3594,538,2025-02-27 14:36:35.547 +0000,2025-03-06 14:36:35.551 +0000
260,2046,2025-02-27 14:36:50.942 +0000,2025-03-06 14:36:50.946 +0000
3594,2683,2025-02-27 14:36:54.623 +0000,2025-03-06 14:36:54.628 +0000
3594,21,2025-02-27 14:37:02.583 +0000,2025-03-06 14:37:02.590 +0000
3594,3561,2025-02-27 14:37:07.382 +0000,2025-03-06 14:37:07.388 +0000
260,1456,2025-02-27 14:37:10.937 +0000,2025-03-06 14:37:10.941 +0000
3594,1797,2025-02-27 14:37:19.125 +0000,2025-03-06 14:37:19.130 +0000
3594,3656,2025-02-27 14:37:34.600 +0000,2025-03-06 14:37:34.605 +0000
260,2359,2025-02-27 14:38:20.252 +0000,2025-03-06 14:38:20.256 +0000
260,2001,2025-02-27 14:41:07.457 +0000,2025-03-06 14:41:07.463 +0000
1330,3628,2025-03-02 20:48:45.851 +0000,2025-03-09 20:48:45.857 +0000
3693,3595,2025-02-28 17:51:30.795 +0000,2025-03-07 17:51:30.800 +0000
3707,3345,2025-03-01 12:31:36.564 +0000,2025-03-08 12:31:36.569 +0000
3692,12,2025-02-28 17:41:45.070 +0000,2025-03-07 18:58:45.986 +0000
3695,3685,2025-02-28 19:14:13.799 +0000,2025-03-07 19:14:13.804 +0000
3695,3661,2025-02-28 19:14:52.009 +0000,2025-03-07 19:14:52.014 +0000
3692,2876,2025-02-28 19:19:10.270 +0000,2025-03-07 19:19:10.276 +0000
3283,2815,2025-02-28 20:59:55.794 +0000,2025-03-07 20:59:55.799 +0000
2616,2966,2025-02-28 21:07:52.532 +0000,2025-03-07 21:13:21.706 +0000
3656,2941,2025-02-28 21:30:21.579 +0000,2025-03-07 21:30:21.584 +0000
3656,2689,2025-02-28 21:39:07.954 +0000,2025-03-07 21:39:07.959 +0000
3656,3055,2025-02-28 21:39:46.963 +0000,2025-03-07 21:39:59.471 +0000
3676,3020,2025-03-01 00:05:46.831 +0000,2025-03-08 00:05:46.837 +0000
2136,601,2025-03-01 13:04:45.742 +0000,2025-03-08 13:04:45.748 +0000
1330,27,2025-03-02 20:50:34.035 +0000,2025-03-09 20:50:34.041 +0000
1330,3577,2025-03-02 20:50:52.028 +0000,2025-03-09 20:50:52.032 +0000
3708,2892,2025-03-01 14:01:28.252 +0000,2025-03-08 14:01:28.257 +0000
3708,876,2025-03-01 14:02:26.236 +0000,2025-03-08 14:02:26.242 +0000
3693,2956,2025-03-01 22:04:47.587 +0000,2025-03-08 22:04:47.592 +0000
3682,3709,2025-03-01 23:07:57.136 +0000,2025-03-08 23:07:57.142 +0000
3682,3631,2025-03-01 23:09:24.511 +0000,2025-03-08 23:09:24.516 +0000
3725,3487,2025-03-02 00:21:21.375 +0000,2025-03-09 00:21:21.380 +0000
3747,2469,2025-03-02 20:51:39.621 +0000,2025-03-09 20:51:39.625 +0000
3747,2975,2025-03-02 20:56:22.208 +0000,2025-03-09 20:56:22.213 +0000
3747,271,2025-03-02 21:22:55.737 +0000,2025-03-09 21:22:55.742 +0000
3747,3007,2025-03-02 21:28:12.717 +0000,2025-03-09 21:28:12.722 +0000
3739,867,2025-03-02 22:35:01.332 +0000,2025-03-09 22:35:01.337 +0000
3743,3724,2025-03-02 23:53:16.394 +0000,2025-03-09 23:53:16.399 +0000
3542,3584,2025-03-03 00:19:22.141 +0000,2025-03-10 00:19:22.146 +0000
3783,3007,2025-03-03 20:14:01.245 +0000,2025-03-10 20:14:01.251 +0000
3787,3695,2025-03-03 21:27:17.897 +0000,2025-03-10 21:27:17.903 +0000
3789,2175,2025-03-03 21:32:43.985 +0000,2025-03-10 21:32:43.990 +0000
3793,3621,2025-03-03 21:43:30.729 +0000,2025-03-10 21:43:30.734 +0000
3747,3314,2025-03-03 22:34:29.847 +0000,2025-03-10 22:34:29.852 +0000
3747,3628,2025-03-03 22:38:42.163 +0000,2025-03-10 22:38:42.169 +0000
2728,3683,2025-03-01 16:10:53.618 +0000,2025-03-11 11:26:30.404 +0000
3552,2749,2025-03-04 12:48:41.108 +0000,2025-03-11 12:48:41.113 +0000
2588,3286,2025-03-04 13:25:30.437 +0000,2025-03-11 13:25:30.443 +0000
260,3678,2025-03-03 23:22:32.546 +0000,2025-03-10 23:22:32.551 +0000
260,2693,2025-03-03 23:23:45.568 +0000,2025-03-10 23:23:45.574 +0000
3832,3656,2025-03-04 14:22:10.313 +0000,2025-03-11 14:22:10.319 +0000
3833,3100,2025-03-04 14:26:34.740 +0000,2025-03-11 14:26:34.746 +0000
2154,465,2025-03-04 14:42:03.547 +0000,2025-03-11 14:42:03.552 +0000
3835,3507,2025-03-04 21:03:46.561 +0000,2025-03-11 21:03:46.568 +0000
3594,2460,2025-02-27 14:36:26.648 +0000,2025-03-06 14:36:26.653 +0000
2707,2111,2025-02-27 00:37:17.648 +0000,2025-03-06 00:37:17.653 +0000
3628,2349,2025-02-27 01:20:40.167 +0000,2025-03-06 01:21:10.713 +0000
3056,3283,2025-02-27 01:51:51.205 +0000,2025-03-06 01:52:02.939 +0000
3676,2714,2025-02-28 14:29:04.781 +0000,2025-03-07 14:29:04.787 +0000
260,2211,2025-02-27 14:37:10.937 +0000,2025-03-06 14:37:10.942 +0000
260,2757,2025-02-27 14:37:16.023 +0000,2025-03-06 14:37:16.028 +0000
260,1079,2025-02-27 14:38:03.598 +0000,2025-03-06 14:38:03.603 +0000
260,1908,2025-02-27 14:39:54.896 +0000,2025-03-06 14:39:54.901 +0000
260,1961,2025-02-27 14:41:09.618 +0000,2025-03-06 14:41:09.622 +0000
3201,2294,2025-02-28 17:47:24.570 +0000,2025-03-07 17:47:24.574 +0000
3693,3379,2025-02-28 17:50:16.939 +0000,2025-03-07 17:50:16.943 +0000
3692,3653,2025-02-28 18:59:46.607 +0000,2025-03-07 18:59:46.613 +0000
3692,213,2025-02-28 19:00:03.615 +0000,2025-03-07 19:00:03.620 +0000
3695,3577,2025-02-28 19:13:39.647 +0000,2025-03-07 19:13:39.652 +0000
3695,3565,2025-02-28 19:13:44.980 +0000,2025-03-07 19:13:44.987 +0000
3695,3430,2025-02-28 19:13:47.659 +0000,2025-03-07 19:13:47.665 +0000
3695,3678,2025-02-28 19:14:38.629 +0000,2025-03-07 19:14:38.633 +0000
277,3000,2025-02-28 20:38:53.906 +0000,2025-03-07 20:38:53.913 +0000
3283,2581,2025-02-28 21:00:03.767 +0000,2025-03-07 21:00:03.771 +0000
2616,2546,2025-02-28 21:07:17.823 +0000,2025-03-07 21:07:17.828 +0000
3698,3563,2025-02-28 21:36:55.111 +0000,2025-03-07 21:36:55.115 +0000
3656,3423,2025-02-28 21:38:56.529 +0000,2025-03-07 21:38:56.533 +0000
1330,1080,2025-03-02 20:48:52.195 +0000,2025-03-09 20:48:52.200 +0000
2621,3460,2025-02-28 23:00:34.738 +0000,2025-03-07 23:00:34.745 +0000
3687,3558,2025-03-01 00:27:19.370 +0000,2025-03-08 00:27:19.374 +0000
3707,3352,2025-03-01 12:31:41.605 +0000,2025-03-08 12:31:41.610 +0000
11,1610,2025-03-01 13:05:49.767 +0000,2025-03-08 13:05:49.771 +0000
3692,3204,2025-03-01 13:09:11.500 +0000,2025-03-08 13:09:11.505 +0000
3692,735,2025-03-01 13:09:26.140 +0000,2025-03-08 13:09:26.145 +0000
2869,1587,2025-03-01 13:12:50.419 +0000,2025-03-08 13:12:50.425 +0000
2971,352,2025-03-01 13:28:50.794 +0000,2025-03-08 13:28:50.800 +0000
3036,970,2025-03-01 13:30:52.207 +0000,2025-03-08 13:30:52.214 +0000
2502,1021,2025-03-01 13:43:30.727 +0000,2025-03-08 13:43:30.733 +0000
3708,3228,2025-03-01 14:02:21.697 +0000,2025-03-08 14:02:21.702 +0000
3709,2980,2025-03-01 14:34:23.266 +0000,2025-03-08 14:34:23.272 +0000
3709,735,2025-03-01 14:35:01.472 +0000,2025-03-08 14:35:01.476 +0000
3696,3684,2025-03-01 15:18:36.902 +0000,2025-03-08 15:18:36.909 +0000
2728,15,2025-03-01 16:10:12.141 +0000,2025-03-08 16:10:12.146 +0000
3715,260,2025-03-01 17:57:20.027 +0000,2025-03-08 17:57:20.032 +0000
3716,2375,2025-03-01 18:22:33.227 +0000,2025-03-08 18:22:33.231 +0000
3716,3272,2025-03-01 18:24:56.150 +0000,2025-03-08 18:24:56.155 +0000
3682,3685,2025-03-01 23:09:15.423 +0000,2025-03-08 23:09:15.429 +0000
3682,3711,2025-03-01 23:09:25.361 +0000,2025-03-08 23:09:25.366 +0000
1330,352,2025-03-02 20:51:03.753 +0000,2025-03-09 20:51:03.757 +0000
3747,2876,2025-03-02 21:30:15.729 +0000,2025-03-09 21:30:15.734 +0000
3747,213,2025-03-02 21:30:46.039 +0000,2025-03-09 21:30:46.045 +0000
3783,2469,2025-03-03 20:14:02.643 +0000,2025-03-10 20:14:02.650 +0000
3749,3699,2025-03-02 21:36:33.434 +0000,2025-03-09 21:36:33.439 +0000
3552,3656,2025-03-02 20:58:03.875 +0000,2025-03-09 21:48:43.242 +0000
3739,3523,2025-03-02 22:34:49.836 +0000,2025-03-09 22:34:49.842 +0000
3743,3734,2025-03-02 23:17:26.744 +0000,2025-03-09 23:17:26.749 +0000
2208,512,2025-03-02 23:28:35.935 +0000,2025-03-09 23:28:35.940 +0000
2208,2142,2025-03-02 23:29:05.469 +0000,2025-03-09 23:29:05.474 +0000
3564,50,2025-03-03 20:58:44.692 +0000,2025-03-10 20:58:44.697 +0000
3304,2874,2025-03-03 21:25:56.381 +0000,2025-03-10 21:25:56.387 +0000
2621,3220,2025-03-03 22:14:04.095 +0000,2025-03-10 22:14:04.100 +0000
3747,3789,2025-03-03 22:33:50.166 +0000,2025-03-10 22:33:50.171 +0000
3747,1603,2025-03-03 22:41:54.078 +0000,2025-03-10 22:41:54.085 +0000
3747,538,2025-03-03 22:42:08.616 +0000,2025-03-10 22:42:08.620 +0000
2374,1034,2025-03-04 13:00:19.031 +0000,2025-03-11 13:00:19.035 +0000
3074,970,2025-03-04 13:00:47.142 +0000,2025-03-11 13:00:47.147 +0000
2588,3735,2025-03-04 13:25:37.386 +0000,2025-03-11 13:25:37.391 +0000
2300,213,2025-03-04 14:06:58.312 +0000,2025-03-11 14:06:58.318 +0000
3832,2175,2025-03-04 14:22:15.756 +0000,2025-03-11 14:22:15.761 +0000
3833,3777,2025-03-04 14:25:25.636 +0000,2025-03-11 14:25:25.641 +0000
3834,707,2025-03-04 17:48:52.228 +0000,2025-03-11 17:48:52.232 +0000
3834,2546,2025-03-04 17:49:22.889 +0000,2025-03-11 17:49:22.894 +0000
3835,3580,2025-03-04 21:04:00.979 +0000,2025-03-11 21:04:00.984 +0000
277,1272,2025-02-28 20:41:57.191 +0000,2025-03-11 21:22:51.804 +0000
3462,927,2025-03-04 22:57:04.219 +0000,2025-03-11 22:57:04.229 +0000
2707,2038,2025-02-27 00:37:19.197 +0000,2025-03-06 00:37:19.203 +0000
3056,1477,2025-02-27 01:47:40.222 +0000,2025-03-06 01:47:40.228 +0000
3056,1522,2025-02-27 01:48:07.874 +0000,2025-03-06 01:48:07.879 +0000
3056,2599,2025-02-27 01:51:49.932 +0000,2025-03-06 01:51:49.936 +0000
3676,1027,2025-02-28 14:29:24.449 +0000,2025-03-07 14:29:24.455 +0000
1330,2375,2025-03-02 20:48:54.256 +0000,2025-03-09 20:48:54.261 +0000
3707,3340,2025-03-01 12:31:44.450 +0000,2025-03-08 12:31:44.456 +0000
2001,2639,2025-02-28 18:05:43.736 +0000,2025-03-07 18:05:43.741 +0000
3692,3396,2025-02-28 18:59:49.147 +0000,2025-03-07 18:59:49.152 +0000
3695,3033,2025-02-28 19:11:17.311 +0000,2025-03-07 19:11:17.317 +0000
1330,3642,2025-03-02 20:49:11.931 +0000,2025-03-09 20:49:11.936 +0000
3747,2621,2025-03-02 20:56:46.298 +0000,2025-03-09 20:56:46.303 +0000
3055,538,2025-02-28 20:10:17.526 +0000,2025-03-10 13:26:31.889 +0000
3783,3621,2025-03-03 20:14:26.416 +0000,2025-03-10 20:14:26.423 +0000
3787,3739,2025-03-03 21:27:14.198 +0000,2025-03-10 21:27:14.202 +0000
3692,1330,2025-02-28 19:12:20.812 +0000,2025-03-07 19:12:20.818 +0000
3692,538,2025-02-28 19:14:11.873 +0000,2025-03-07 19:14:11.877 +0000
3692,3055,2025-02-28 19:14:28.170 +0000,2025-03-07 19:14:28.174 +0000
2939,3217,2025-02-28 20:34:34.857 +0000,2025-03-07 20:34:34.862 +0000
277,2157,2025-02-28 20:39:11.910 +0000,2025-03-07 20:39:11.914 +0000
2616,1897,2025-02-28 21:07:35.580 +0000,2025-03-07 21:07:35.585 +0000
3656,2707,2025-02-28 21:25:10.356 +0000,2025-03-07 21:25:10.361 +0000
3656,2655,2025-02-28 21:29:34.983 +0000,2025-03-07 21:29:34.990 +0000
3656,2211,2025-02-28 21:30:25.953 +0000,2025-03-07 21:30:25.959 +0000
3699,1483,2025-02-28 22:13:55.393 +0000,2025-03-07 22:13:55.399 +0000
3676,2749,2025-03-01 00:04:36.705 +0000,2025-03-08 00:04:36.710 +0000
2502,1369,2025-03-01 00:06:53.401 +0000,2025-03-08 00:06:53.407 +0000
3787,2625,2025-03-03 21:27:55.197 +0000,2025-03-10 21:27:55.201 +0000
3787,3716,2025-03-03 21:28:12.522 +0000,2025-03-10 21:28:12.527 +0000
3793,2692,2025-03-03 21:45:09.704 +0000,2025-03-10 21:45:09.709 +0000
3793,876,2025-03-03 21:47:20.652 +0000,2025-03-10 21:47:20.656 +0000
3687,2377,2025-03-01 00:27:22.588 +0000,2025-03-08 00:27:22.594 +0000
3747,3709,2025-03-03 22:33:26.806 +0000,2025-03-10 22:33:26.810 +0000
3747,1080,2025-03-03 22:34:56.535 +0000,2025-03-10 22:34:56.540 +0000
3747,2655,2025-03-03 22:39:51.168 +0000,2025-03-10 22:39:51.172 +0000
3074,3539,2025-03-04 13:00:43.050 +0000,2025-03-11 13:00:43.058 +0000
2877,464,2025-03-04 13:00:47.099 +0000,2025-03-11 13:00:47.104 +0000
36,1328,2025-03-04 14:01:05.401 +0000,2025-03-11 14:01:05.413 +0000
2456,1684,2025-03-04 14:20:53.369 +0000,2025-03-11 14:20:53.373 +0000
3833,3201,2025-03-04 14:26:20.379 +0000,2025-03-11 14:26:20.384 +0000
11,52,2025-03-01 13:04:26.194 +0000,2025-03-08 13:04:26.200 +0000
3692,3598,2025-03-01 13:10:38.460 +0000,2025-03-08 13:10:38.466 +0000
3650,1873,2025-02-27 12:04:45.287 +0000,2025-03-06 12:04:45.291 +0000
3650,1369,2025-02-27 12:06:08.355 +0000,2025-03-06 12:06:08.361 +0000
3594,3423,2025-02-27 14:36:27.654 +0000,2025-03-06 14:36:27.660 +0000
260,2656,2025-02-27 14:37:03.288 +0000,2025-03-06 14:37:03.293 +0000
260,1915,2025-02-27 14:37:29.772 +0000,2025-03-06 14:37:29.778 +0000
3260,3617,2025-03-01 13:12:00.245 +0000,2025-03-08 13:12:00.249 +0000
2502,2662,2025-03-01 13:43:09.361 +0000,2025-03-08 13:43:09.367 +0000
3227,3583,2025-03-01 13:48:24.363 +0000,2025-03-08 13:48:24.367 +0000
3708,2294,2025-03-01 14:03:51.392 +0000,2025-03-08 14:03:51.397 +0000
3709,2692,2025-03-01 14:32:35.016 +0000,2025-03-08 14:32:35.022 +0000
3709,2085,2025-03-01 14:34:46.719 +0000,2025-03-08 14:34:46.725 +0000
3079,2931,2025-03-01 15:00:15.840 +0000,2025-03-08 15:00:15.844 +0000
3079,1790,2025-03-01 15:00:40.720 +0000,2025-03-08 15:00:40.726 +0000
3707,3713,2025-03-01 16:21:13.273 +0000,2025-03-08 16:21:13.278 +0000
3707,9,2025-03-01 16:23:56.844 +0000,2025-03-08 16:23:56.849 +0000
3715,2656,2025-03-01 17:57:03.960 +0000,2025-03-08 17:57:03.966 +0000
3458,3589,2025-03-01 19:14:41.991 +0000,2025-03-08 19:14:41.997 +0000
3722,3079,2025-03-01 21:42:07.787 +0000,2025-03-08 21:42:07.792 +0000
3693,606,2025-03-01 22:04:30.237 +0000,2025-03-08 22:04:30.242 +0000
3693,3107,2025-03-01 22:07:44.202 +0000,2025-03-08 22:07:44.206 +0000
2371,2209,2025-03-01 22:09:54.337 +0000,2025-03-08 22:09:54.343 +0000
3682,2956,2025-03-01 23:08:19.902 +0000,2025-03-08 23:08:19.907 +0000
3682,3628,2025-03-01 23:09:03.000 +0000,2025-03-08 23:09:03.005 +0000
260,3683,2025-03-03 23:23:05.765 +0000,2025-03-10 23:23:05.770 +0000
260,3685,2025-03-03 23:23:50.741 +0000,2025-03-10 23:23:50.745 +0000
260,3747,2025-03-03 23:24:07.107 +0000,2025-03-10 23:24:07.112 +0000
3006,970,2025-03-03 23:30:43.202 +0000,2025-03-10 23:30:43.208 +0000
3816,3228,2025-03-03 23:35:13.199 +0000,2025-03-10 23:35:13.206 +0000
3816,468,2025-03-03 23:36:04.779 +0000,2025-03-10 23:36:04.785 +0000
3341,3656,2025-03-04 15:57:22.379 +0000,2025-03-11 15:57:22.384 +0000
3699,3816,2025-03-04 16:06:36.909 +0000,2025-03-11 16:06:36.916 +0000
3834,1546,2025-03-04 17:49:52.620 +0000,2025-03-11 17:49:52.625 +0000
2707,2142,2025-02-27 00:37:20.732 +0000,2025-03-06 00:37:20.737 +0000
3594,1935,2025-02-27 14:36:28.523 +0000,2025-03-06 14:36:28.528 +0000
3056,3593,2025-02-27 01:52:14.941 +0000,2025-03-06 01:52:46.574 +0000
3676,3049,2025-02-28 14:29:44.245 +0000,2025-03-07 14:29:44.251 +0000
9,2753,2025-02-28 14:49:17.942 +0000,2025-03-07 14:49:17.948 +0000
3693,3617,2025-02-28 17:49:13.361 +0000,2025-03-07 17:49:13.365 +0000
3628,3050,2025-02-27 01:21:24.749 +0000,2025-03-06 11:03:07.049 +0000
260,2640,2025-02-27 14:37:33.854 +0000,2025-03-06 14:37:33.860 +0000
260,1223,2025-02-27 14:38:01.127 +0000,2025-03-06 14:38:01.132 +0000
3692,2371,2025-02-28 19:09:27.661 +0000,2025-03-07 19:09:27.666 +0000
3695,2878,2025-02-28 19:13:27.830 +0000,2025-03-07 19:13:27.835 +0000
3650,1481,2025-02-27 12:03:45.645 +0000,2025-03-06 12:03:58.016 +0000
3695,3523,2025-02-28 19:16:20.849 +0000,2025-03-07 19:16:20.854 +0000
3707,3497,2025-03-01 12:32:10.233 +0000,2025-03-08 12:32:10.237 +0000
3692,2878,2025-02-28 19:19:12.923 +0000,2025-03-07 20:18:48.341 +0000
2063,3460,2025-03-01 13:00:30.782 +0000,2025-03-08 13:00:30.789 +0000
3235,2136,2025-03-01 13:00:51.467 +0000,2025-03-08 13:00:51.472 +0000
2457,447,2025-03-01 13:05:21.618 +0000,2025-03-08 13:05:21.624 +0000
277,3465,2025-02-28 20:39:37.820 +0000,2025-03-07 20:39:50.330 +0000
3283,3593,2025-02-28 21:00:07.927 +0000,2025-03-07 21:00:12.445 +0000
2616,2496,2025-02-28 21:07:19.655 +0000,2025-03-07 21:07:19.660 +0000
3656,1232,2025-02-28 21:30:23.730 +0000,2025-03-07 21:30:23.736 +0000
3656,1325,2025-02-28 21:37:01.506 +0000,2025-03-07 21:37:01.513 +0000
3656,2371,2025-02-28 21:39:14.297 +0000,2025-03-07 21:39:14.304 +0000
3676,970,2025-03-01 00:08:15.053 +0000,2025-03-08 00:08:20.537 +0000
3687,2621,2025-03-01 00:27:20.261 +0000,2025-03-08 00:27:20.268 +0000
11,2627,2025-03-01 13:05:28.370 +0000,2025-03-08 13:05:28.376 +0000
11,2363,2025-03-01 13:05:43.998 +0000,2025-03-08 13:05:44.005 +0000
3692,1083,2025-03-01 13:07:33.786 +0000,2025-03-08 13:07:33.791 +0000
3692,3594,2025-03-01 13:07:44.693 +0000,2025-03-08 13:07:44.698 +0000
3692,2171,2025-03-01 13:08:16.419 +0000,2025-03-08 13:08:16.426 +0000
3692,48,2025-03-01 13:09:37.857 +0000,2025-03-08 13:09:37.862 +0000
2502,2566,2025-03-01 13:44:36.745 +0000,2025-03-08 13:44:36.750 +0000
2644,260,2025-03-01 13:47:02.125 +0000,2025-03-08 13:47:02.134 +0000
3708,3505,2025-03-01 14:03:05.676 +0000,2025-03-08 14:03:45.874 +0000
3709,3661,2025-03-01 14:34:56.784 +0000,2025-03-08 14:34:56.789 +0000
1330,601,2025-03-02 20:48:59.391 +0000,2025-03-09 20:49:26.228 +0000
3715,200,2025-03-01 17:56:33.427 +0000,2025-03-08 17:56:33.433 +0000
3716,3709,2025-03-01 18:21:47.637 +0000,2025-03-08 18:21:47.642 +0000
3716,2793,2025-03-01 18:22:39.673 +0000,2025-03-08 18:22:39.679 +0000
2020,3596,2025-03-01 13:59:06.943 +0000,2025-03-08 20:22:17.458 +0000
2020,3585,2025-03-01 20:22:49.944 +0000,2025-03-08 20:22:49.949 +0000
3693,553,2025-03-01 22:07:33.581 +0000,2025-03-08 22:07:33.586 +0000
2371,1910,2025-03-01 22:09:54.343 +0000,2025-03-08 22:09:54.347 +0000
3724,3345,2025-03-01 23:11:41.520 +0000,2025-03-08 23:11:41.526 +0000
2502,3220,2025-03-02 00:03:47.865 +0000,2025-03-09 00:03:47.871 +0000
3725,2749,2025-03-02 00:21:30.058 +0000,2025-03-09 00:21:30.064 +0000
3296,2175,2025-03-02 00:28:10.151 +0000,2025-03-09 00:28:10.156 +0000
1330,3716,2025-03-02 20:49:39.688 +0000,2025-03-09 20:49:39.692 +0000
1330,66,2025-03-02 20:50:58.774 +0000,2025-03-09 20:50:58.780 +0000
3074,3523,2025-03-04 13:00:48.214 +0000,2025-03-11 13:00:48.221 +0000
3747,2171,2025-03-02 21:29:58.730 +0000,2025-03-09 21:29:58.736 +0000
3707,3734,2025-03-02 21:36:06.873 +0000,2025-03-09 21:36:06.879 +0000
3743,3352,2025-03-02 23:54:08.808 +0000,2025-03-09 23:54:08.813 +0000
3783,3220,2025-03-03 20:14:27.926 +0000,2025-03-10 20:14:27.931 +0000
3787,601,2025-03-03 21:27:16.817 +0000,2025-03-10 21:27:16.822 +0000
3789,3752,2025-03-03 21:32:14.300 +0000,2025-03-10 21:32:14.304 +0000
3747,1165,2025-03-03 22:39:38.906 +0000,2025-03-10 22:39:38.912 +0000
3074,1526,2025-03-04 13:00:51.754 +0000,2025-03-11 13:00:51.762 +0000
3832,3007,2025-03-04 14:21:26.890 +0000,2025-03-11 14:21:26.895 +0000
3007,3275,2025-03-02 00:10:46.311 +0000,2025-03-11 14:59:06.473 +0000
3699,3117,2025-03-04 16:07:05.740 +0000,2025-03-11 16:07:05.746 +0000
3816,3047,2025-03-04 17:06:29.419 +0000,2025-03-11 17:06:29.423 +0000
3834,3200,2025-03-04 17:47:18.059 +0000,2025-03-11 17:47:18.064 +0000
3835,436,2025-03-04 21:04:20.543 +0000,2025-03-11 21:04:20.552 +0000
277,2617,2025-03-04 21:24:13.194 +0000,2025-03-11 21:24:13.198 +0000
2707,2359,2025-02-27 00:37:23.155 +0000,2025-03-06 00:37:23.159 +0000
3628,1205,2025-02-27 01:17:56.466 +0000,2025-03-06 01:17:56.472 +0000
3628,3196,2025-02-27 01:19:48.285 +0000,2025-03-06 01:19:48.291 +0000
3628,1163,2025-02-27 01:20:53.448 +0000,2025-03-06 01:20:53.455 +0000
3594,2240,2025-02-27 14:36:29.499 +0000,2025-03-06 14:36:29.505 +0000
3677,3488,2025-02-28 15:32:26.359 +0000,2025-03-07 15:32:26.366 +0000
3628,1011,2025-02-27 11:03:29.957 +0000,2025-03-06 11:03:29.963 +0000
3650,2714,2025-02-27 12:03:40.657 +0000,2025-03-06 12:03:40.662 +0000
260,1670,2025-02-27 14:37:08.258 +0000,2025-03-06 14:37:08.262 +0000
260,883,2025-02-27 14:37:18.286 +0000,2025-03-06 14:37:18.291 +0000
260,2030,2025-02-27 14:37:31.891 +0000,2025-03-06 14:37:31.898 +0000
260,1258,2025-02-27 14:38:05.203 +0000,2025-03-06 14:38:05.207 +0000
3707,2360,2025-03-01 12:32:22.089 +0000,2025-03-08 12:32:22.093 +0000
3693,3396,2025-02-28 17:50:13.359 +0000,2025-03-07 17:50:13.364 +0000
1791,3198,2025-03-01 13:00:33.400 +0000,2025-03-08 13:00:33.404 +0000
3692,27,2025-02-28 17:41:18.758 +0000,2025-03-07 18:58:38.096 +0000
3695,2963,2025-02-28 19:14:15.980 +0000,2025-03-07 19:14:15.986 +0000
3695,411,2025-02-28 19:16:19.490 +0000,2025-03-07 19:16:19.495 +0000
277,388,2025-02-28 20:39:23.970 +0000,2025-03-07 20:39:23.975 +0000
3283,3684,2025-02-28 20:59:45.736 +0000,2025-03-07 20:59:45.740 +0000
2616,899,2025-02-28 21:07:48.768 +0000,2025-03-07 21:07:48.772 +0000
601,3594,2025-02-28 21:24:10.963 +0000,2025-03-07 21:24:10.968 +0000
3656,3387,2025-02-28 21:25:16.615 +0000,2025-03-07 21:25:16.621 +0000
3698,2713,2025-02-28 21:38:41.806 +0000,2025-03-07 21:38:41.810 +0000
3676,2692,2025-02-28 14:29:47.326 +0000,2025-03-08 00:04:12.242 +0000
11,2288,2025-03-01 13:04:12.434 +0000,2025-03-08 13:04:12.439 +0000
11,1526,2025-03-01 13:04:48.071 +0000,2025-03-08 13:04:48.078 +0000
3692,3272,2025-03-01 13:07:47.872 +0000,2025-03-08 13:07:47.878 +0000
3692,3631,2025-03-01 13:07:56.854 +0000,2025-03-08 13:07:56.858 +0000
1330,3384,2025-03-02 20:49:11.911 +0000,2025-03-09 20:49:11.917 +0000
3709,2941,2025-03-01 14:31:08.761 +0000,2025-03-08 14:31:08.765 +0000
3709,970,2025-03-01 14:32:19.143 +0000,2025-03-08 14:32:19.147 +0000
3074,352,2025-03-04 13:00:49.166 +0000,2025-03-11 13:00:49.172 +0000
3696,3283,2025-03-01 15:18:48.695 +0000,2025-03-08 15:18:48.700 +0000
2728,2288,2025-03-01 16:09:45.859 +0000,2025-03-08 16:09:45.865 +0000
2728,3676,2025-03-01 16:10:43.744 +0000,2025-03-08 16:10:43.750 +0000
1330,3709,2025-03-02 20:49:35.687 +0000,2025-03-09 20:49:35.694 +0000
3716,1083,2025-03-01 18:22:35.512 +0000,2025-03-08 18:22:35.517 +0000
3693,2616,2025-03-01 22:06:40.871 +0000,2025-03-08 22:06:40.876 +0000
3682,310,2025-03-01 23:07:54.330 +0000,2025-03-08 23:07:54.335 +0000
3682,2656,2025-03-01 23:08:18.997 +0000,2025-03-08 23:08:19.003 +0000
3725,3007,2025-03-02 00:21:20.337 +0000,2025-03-09 00:21:20.343 +0000
1330,3565,2025-03-02 20:50:50.656 +0000,2025-03-09 20:50:50.659 +0000
3747,3695,2025-03-02 20:54:36.475 +0000,2025-03-09 20:54:36.481 +0000
3747,2969,2025-03-02 20:56:23.259 +0000,2025-03-09 20:56:23.264 +0000
3749,3100,2025-03-02 21:37:42.250 +0000,2025-03-09 21:37:42.255 +0000
3074,735,2025-03-04 13:00:52.747 +0000,2025-03-11 13:00:52.753 +0000
3749,436,2025-03-02 21:41:57.966 +0000,2025-03-09 21:41:57.970 +0000
3739,2963,2025-03-02 22:34:58.676 +0000,2025-03-09 22:34:58.681 +0000
3751,3220,2025-03-02 23:04:18.693 +0000,2025-03-09 23:04:18.697 +0000
2208,1180,2025-03-02 23:28:40.201 +0000,2025-03-09 23:28:40.206 +0000
3055,596,2025-02-28 20:09:25.259 +0000,2025-03-10 13:26:27.295 +0000
465,3639,2025-03-03 20:17:43.748 +0000,2025-03-10 20:17:43.753 +0000
3793,2020,2025-03-03 21:47:00.438 +0000,2025-03-10 21:47:00.443 +0000
3747,2375,2025-03-03 22:34:27.813 +0000,2025-03-10 22:34:27.818 +0000
3747,1451,2025-03-03 22:34:56.528 +0000,2025-03-10 22:34:56.532 +0000
3747,1506,2025-03-03 22:41:51.835 +0000,2025-03-10 22:41:51.840 +0000
3816,3699,2025-03-03 23:36:43.460 +0000,2025-03-10 23:36:43.465 +0000
3816,3505,2025-03-03 23:37:37.772 +0000,2025-03-10 23:37:37.777 +0000
3832,3695,2025-03-04 14:20:03.524 +0000,2025-03-11 14:20:03.530 +0000
3832,970,2025-03-04 14:22:13.669 +0000,2025-03-11 14:22:13.675 +0000
3833,3699,2025-03-04 14:25:06.168 +0000,2025-03-11 14:25:06.173 +0000
3699,3777,2025-03-04 16:07:25.118 +0000,2025-03-11 16:07:25.124 +0000
3834,3788,2025-03-04 17:49:28.835 +0000,2025-03-11 17:49:28.843 +0000
3835,2588,2025-03-04 21:03:59.907 +0000,2025-03-11 21:03:59.912 +0000
277,3286,2025-02-28 20:41:42.550 +0000,2025-03-11 21:22:55.372 +0000
3494,3580,2025-03-01 13:00:27.681 +0000,2025-03-12 15:29:03.376 +0000
2707,1260,2025-02-27 00:37:25.351 +0000,2025-03-06 00:37:25.357 +0000
3628,1877,2025-02-27 01:14:26.174 +0000,2025-03-06 01:14:26.178 +0000
3628,1512,2025-02-27 01:16:54.640 +0000,2025-03-06 01:17:17.634 +0000
3628,3539,2025-02-27 01:17:30.139 +0000,2025-03-06 01:17:30.145 +0000
3693,2425,2025-02-28 17:49:43.048 +0000,2025-03-07 17:49:43.053 +0000
3692,867,2025-02-28 19:10:40.698 +0000,2025-03-07 19:10:40.704 +0000
3650,3187,2025-02-27 12:04:58.228 +0000,2025-03-06 12:04:58.233 +0000
3594,11,2025-02-27 14:36:30.272 +0000,2025-03-06 14:36:30.277 +0000
3594,334,2025-02-27 14:36:41.006 +0000,2025-03-06 14:36:41.012 +0000
3594,50,2025-02-27 14:37:13.057 +0000,2025-03-06 14:37:13.062 +0000
260,1610,2025-02-27 14:37:36.172 +0000,2025-03-06 14:37:36.178 +0000
260,970,2025-02-27 14:38:19.134 +0000,2025-03-06 14:38:19.139 +0000
260,2925,2025-02-27 14:39:59.221 +0000,2025-03-06 14:39:59.228 +0000
260,2395,2025-02-27 14:40:36.963 +0000,2025-03-06 14:40:36.969 +0000
260,2218,2025-02-27 14:40:51.937 +0000,2025-03-06 14:40:51.941 +0000
3695,3631,2025-02-28 19:14:23.289 +0000,2025-03-07 19:14:23.295 +0000
3695,1330,2025-02-28 19:15:31.660 +0000,2025-03-07 19:15:31.665 +0000
277,1962,2025-02-28 20:39:13.055 +0000,2025-03-07 20:39:13.060 +0000
3283,3056,2025-02-28 21:00:05.523 +0000,2025-03-07 21:00:05.528 +0000
2616,2092,2025-02-28 21:07:32.199 +0000,2025-03-07 21:07:32.205 +0000
3656,2622,2025-02-28 21:37:14.216 +0000,2025-03-07 21:37:14.220 +0000
3656,2067,2025-02-28 21:39:03.845 +0000,2025-03-07 21:39:03.850 +0000
2621,3687,2025-02-28 22:59:44.318 +0000,2025-03-07 22:59:44.324 +0000
3676,3460,2025-02-28 14:30:48.614 +0000,2025-03-08 00:04:27.573 +0000
2502,3621,2025-03-01 00:06:48.230 +0000,2025-03-08 00:06:48.235 +0000
3194,3273,2025-03-01 13:02:56.625 +0000,2025-03-08 13:02:56.631 +0000
11,67,2025-03-01 13:03:40.755 +0000,2025-03-08 13:03:40.761 +0000
11,264,2025-03-01 13:05:48.842 +0000,2025-03-08 13:05:48.847 +0000
3692,553,2025-03-01 13:07:41.260 +0000,2025-03-08 13:07:41.265 +0000
3692,3508,2025-03-01 13:07:43.519 +0000,2025-03-08 13:07:43.527 +0000
3692,3656,2025-03-01 13:10:20.730 +0000,2025-03-08 13:10:20.735 +0000
2502,3487,2025-03-01 13:44:16.476 +0000,2025-03-08 13:44:16.482 +0000
2502,1320,2025-03-01 13:45:51.621 +0000,2025-03-08 13:45:51.625 +0000
3079,1491,2025-03-01 15:00:18.631 +0000,2025-03-08 15:00:18.635 +0000
3696,3056,2025-03-01 15:18:50.113 +0000,2025-03-08 15:18:50.118 +0000
1330,3653,2025-03-02 20:49:37.717 +0000,2025-03-09 20:49:37.721 +0000
2728,553,2025-03-01 16:10:46.752 +0000,2025-03-08 16:10:46.757 +0000
3713,3563,2025-03-01 16:20:53.426 +0000,2025-03-08 16:20:53.431 +0000
3716,260,2025-03-01 18:25:15.842 +0000,2025-03-08 18:25:15.849 +0000
2020,3679,2025-03-01 20:22:44.203 +0000,2025-03-08 20:22:44.208 +0000
3693,2171,2025-03-01 22:04:55.553 +0000,2025-03-08 22:04:55.559 +0000
3693,3508,2025-03-01 22:05:56.727 +0000,2025-03-08 22:05:56.732 +0000
3723,1546,2025-03-01 22:35:19.271 +0000,2025-03-08 22:35:19.276 +0000
3682,601,2025-03-01 23:08:53.772 +0000,2025-03-08 23:08:53.776 +0000
3747,3539,2025-03-02 20:55:05.349 +0000,2025-03-09 20:55:05.355 +0000
3747,3662,2025-03-02 20:56:17.157 +0000,2025-03-09 20:56:17.162 +0000
3747,3552,2025-03-02 20:56:47.182 +0000,2025-03-09 20:56:47.188 +0000
3747,2707,2025-03-02 21:22:33.559 +0000,2025-03-09 21:22:33.564 +0000
3747,464,2025-03-02 21:27:47.515 +0000,2025-03-09 21:27:47.521 +0000
3747,3676,2025-03-02 21:30:13.699 +0000,2025-03-09 21:30:13.705 +0000
3739,601,2025-03-02 22:35:34.572 +0000,2025-03-09 22:35:34.577 +0000
3751,3621,2025-03-02 23:04:40.376 +0000,2025-03-09 23:04:40.381 +0000
2208,3049,2025-03-02 23:28:55.351 +0000,2025-03-09 23:28:55.356 +0000
465,2347,2025-03-03 20:17:56.088 +0000,2025-03-10 20:17:56.092 +0000
3787,3085,2025-03-03 21:27:10.638 +0000,2025-03-10 21:27:10.643 +0000
3787,2457,2025-03-03 21:27:56.158 +0000,2025-03-10 21:27:56.162 +0000
3789,2502,2025-03-03 21:32:45.073 +0000,2025-03-10 21:32:45.078 +0000
3793,927,2025-03-03 21:47:33.520 +0000,2025-03-10 21:47:33.526 +0000
3747,411,2025-03-03 22:36:55.168 +0000,2025-03-10 22:36:55.173 +0000
2767,2901,2025-03-03 23:08:11.006 +0000,2025-03-10 23:08:11.012 +0000
3006,3656,2025-03-03 23:30:24.433 +0000,2025-03-10 23:30:24.438 +0000
3816,2890,2025-03-03 23:38:52.915 +0000,2025-03-10 23:38:52.919 +0000
3189,3153,2025-03-04 13:16:29.825 +0000,2025-03-11 13:16:29.832 +0000
2677,2397,2025-03-04 13:17:13.980 +0000,2025-03-11 13:17:13.985 +0000
2779,970,2025-03-04 00:16:13.980 +0000,2025-03-11 13:21:16.065 +0000
3047,3028,2025-03-04 13:05:22.115 +0000,2025-03-11 17:07:01.850 +0000
277,3473,2025-03-04 21:24:17.625 +0000,2025-03-11 21:24:17.630 +0000
3628,487,2025-02-27 01:14:32.067 +0000,2025-03-06 01:14:32.073 +0000
3628,838,2025-02-27 01:15:49.037 +0000,2025-03-06 01:15:49.042 +0000
3628,352,2025-02-27 01:17:40.857 +0000,2025-03-06 01:17:40.862 +0000
3056,3350,2025-02-27 01:50:22.039 +0000,2025-03-06 01:50:22.044 +0000
9,2713,2025-02-28 14:49:15.173 +0000,2025-03-07 14:49:15.178 +0000
3628,3094,2025-02-27 11:03:48.027 +0000,2025-03-06 11:03:48.034 +0000
3628,15,2025-02-27 11:04:03.754 +0000,2025-03-06 11:04:03.759 +0000
3594,2380,2025-02-27 14:36:42.470 +0000,2025-03-06 14:36:42.476 +0000
3594,1465,2025-02-27 14:37:01.357 +0000,2025-03-06 14:37:01.362 +0000
260,3628,2025-02-27 14:37:05.773 +0000,2025-03-06 14:37:05.779 +0000
3594,1077,2025-02-27 14:37:18.394 +0000,2025-03-06 14:37:18.398 +0000
260,2710,2025-02-27 14:37:32.896 +0000,2025-03-06 14:37:32.901 +0000
3650,1580,2025-02-27 12:01:28.444 +0000,2025-03-06 12:01:28.449 +0000
260,2136,2025-02-27 14:40:00.097 +0000,2025-03-06 14:40:00.102 +0000
3693,3345,2025-02-28 17:52:01.940 +0000,2025-03-07 17:52:01.947 +0000
3695,3628,2025-02-28 19:13:26.770 +0000,2025-03-07 19:13:26.774 +0000
3695,1083,2025-02-28 19:13:36.099 +0000,2025-03-07 19:13:36.106 +0000
3692,2625,2025-02-28 19:14:44.202 +0000,2025-03-07 19:14:44.207 +0000
3692,260,2025-02-28 19:17:42.765 +0000,2025-03-07 19:17:42.770 +0000
3055,2728,2025-02-28 18:31:31.927 +0000,2025-03-07 20:00:05.574 +0000
3656,1481,2025-02-28 21:30:02.825 +0000,2025-03-07 21:30:02.830 +0000
3698,3581,2025-02-28 21:36:45.646 +0000,2025-03-07 21:36:45.652 +0000
3698,3393,2025-02-28 21:39:30.862 +0000,2025-03-07 21:39:30.866 +0000
3676,3525,2025-03-01 00:05:52.515 +0000,2025-03-08 00:05:52.520 +0000
3676,3311,2025-03-01 00:12:33.831 +0000,2025-03-08 00:13:17.580 +0000
2063,970,2025-03-01 13:00:27.923 +0000,2025-03-08 13:00:27.930 +0000
2063,2714,2025-03-01 13:00:44.002 +0000,2025-03-08 13:00:44.010 +0000
902,2776,2025-03-01 13:01:55.664 +0000,2025-03-08 13:01:55.668 +0000
11,2371,2025-03-01 13:04:24.779 +0000,2025-03-08 13:04:24.784 +0000
2869,2233,2025-03-01 13:12:40.730 +0000,2025-03-08 13:12:40.737 +0000
2502,3618,2025-03-01 13:41:03.711 +0000,2025-03-08 13:41:03.722 +0000
2502,2655,2025-03-01 13:42:59.662 +0000,2025-03-08 13:42:59.666 +0000
3227,830,2025-03-01 13:48:15.235 +0000,2025-03-08 13:48:15.239 +0000
3709,2878,2025-03-01 14:33:32.036 +0000,2025-03-08 14:33:32.041 +0000
3709,2793,2025-03-01 14:34:13.792 +0000,2025-03-08 14:34:13.799 +0000
3709,3628,2025-03-01 14:35:02.465 +0000,2025-03-08 14:35:02.469 +0000
3079,2948,2025-03-01 15:00:35.433 +0000,2025-03-08 15:00:35.438 +0000
2728,260,2025-03-01 16:09:42.962 +0000,2025-03-08 16:09:42.969 +0000
2728,2943,2025-03-01 16:10:02.430 +0000,2025-03-08 16:10:02.437 +0000
3713,3497,2025-03-01 16:17:58.411 +0000,2025-03-08 16:17:58.417 +0000
3713,2644,2025-03-01 16:20:51.350 +0000,2025-03-08 16:20:51.355 +0000
3220,2714,2025-03-01 16:47:45.186 +0000,2025-03-08 16:47:45.192 +0000
3693,2876,2025-03-01 22:09:43.658 +0000,2025-03-09 11:45:19.708 +0000
3458,3681,2025-03-01 19:14:12.730 +0000,2025-03-08 19:14:12.735 +0000
3283,3696,2025-03-01 19:44:55.273 +0000,2025-03-08 19:45:38.281 +0000
3722,3570,2025-03-01 21:41:49.049 +0000,2025-03-08 21:41:49.053 +0000
3693,212,2025-03-01 22:06:11.113 +0000,2025-03-08 22:06:11.118 +0000
3682,1451,2025-03-01 23:09:04.960 +0000,2025-03-08 23:09:04.964 +0000
3296,2749,2025-03-02 00:27:42.142 +0000,2025-03-09 00:27:42.146 +0000
1330,2457,2025-03-02 20:49:41.637 +0000,2025-03-09 20:49:41.642 +0000
1330,2963,2025-03-02 20:50:58.116 +0000,2025-03-09 20:50:58.121 +0000
3747,3523,2025-03-02 20:55:34.335 +0000,2025-03-09 20:55:34.341 +0000
3747,3564,2025-03-02 21:31:44.426 +0000,2025-03-09 21:31:44.431 +0000
3552,3687,2025-03-02 21:51:41.363 +0000,2025-03-09 21:51:41.368 +0000
2208,1079,2025-03-02 23:28:33.034 +0000,2025-03-09 23:28:33.040 +0000
3833,876,2025-03-04 14:26:18.903 +0000,2025-03-11 14:26:18.908 +0000
3743,3345,2025-03-02 23:53:50.321 +0000,2025-03-09 23:53:50.326 +0000
3739,1451,2025-03-02 22:35:35.095 +0000,2025-03-10 11:54:59.208 +0000
3784,3623,2025-03-03 20:18:28.765 +0000,2025-03-10 20:18:28.769 +0000
3788,2251,2025-03-03 21:36:38.286 +0000,2025-03-10 21:36:38.291 +0000
3747,3692,2025-03-03 22:38:07.745 +0000,2025-03-10 22:38:07.752 +0000
3006,2941,2025-03-03 23:30:47.515 +0000,2025-03-10 23:30:47.520 +0000
3816,3071,2025-03-03 23:36:22.869 +0000,2025-03-10 23:36:22.875 +0000
3833,3679,2025-03-04 14:26:51.785 +0000,2025-03-11 14:26:51.791 +0000
3816,1412,2025-03-04 17:06:00.206 +0000,2025-03-11 17:06:00.211 +0000
3835,3830,2025-03-04 21:04:44.711 +0000,2025-03-11 21:04:44.716 +0000
3642,867,2025-03-04 13:15:31.367 +0000,2025-03-11 21:36:37.570 +0000
3628,1981,2025-02-27 01:14:41.653 +0000,2025-03-06 01:14:41.660 +0000
3628,2055,2025-02-27 01:20:09.118 +0000,2025-03-06 01:20:09.124 +0000
3628,966,2025-02-27 01:21:02.953 +0000,2025-03-06 01:21:02.959 +0000
9,2528,2025-02-28 14:49:22.516 +0000,2025-03-07 14:49:22.521 +0000
3650,2502,2025-02-27 12:03:25.899 +0000,2025-03-06 12:03:25.906 +0000
3594,816,2025-02-27 14:36:43.447 +0000,2025-03-06 14:36:43.452 +0000
260,1041,2025-02-27 14:37:00.613 +0000,2025-03-06 14:37:00.618 +0000
3594,667,2025-02-27 14:37:03.563 +0000,2025-03-06 14:37:03.567 +0000
3594,1075,2025-02-27 14:37:08.068 +0000,2025-03-06 14:37:08.071 +0000
3594,2211,2025-02-27 14:37:27.999 +0000,2025-03-06 14:37:28.004 +0000
3693,2521,2025-02-28 17:49:58.440 +0000,2025-03-07 17:49:58.445 +0000
2063,1027,2025-03-01 13:00:32.062 +0000,2025-03-08 13:00:32.068 +0000
2001,1972,2025-02-28 18:05:53.580 +0000,2025-03-07 18:05:53.587 +0000
3235,1330,2025-03-01 13:00:41.182 +0000,2025-03-08 13:00:41.190 +0000
3692,3682,2025-02-28 19:08:24.666 +0000,2025-03-07 19:08:47.095 +0000
3695,2758,2025-02-28 19:10:02.530 +0000,2025-03-07 19:10:02.536 +0000
3692,1080,2025-02-28 19:15:17.733 +0000,2025-03-07 19:15:17.739 +0000
277,1977,2025-02-28 20:39:14.231 +0000,2025-03-07 20:39:14.237 +0000
277,3209,2025-02-28 20:41:32.969 +0000,2025-03-07 20:41:32.973 +0000
3656,3523,2025-02-28 21:25:36.522 +0000,2025-03-07 21:25:36.527 +0000
3656,3525,2025-02-28 21:40:08.107 +0000,2025-03-07 21:40:08.112 +0000
3699,3228,2025-02-28 22:12:13.687 +0000,2025-03-07 22:12:13.692 +0000
3676,3261,2025-03-01 00:05:31.379 +0000,2025-03-08 00:05:31.384 +0000
11,2349,2025-03-01 13:05:53.909 +0000,2025-03-08 13:05:53.915 +0000
2502,506,2025-03-01 13:42:57.891 +0000,2025-03-08 13:42:57.895 +0000
2502,2469,2025-03-01 13:45:27.776 +0000,2025-03-08 13:45:27.781 +0000
3709,2625,2025-03-01 14:33:26.336 +0000,2025-03-08 14:33:26.340 +0000
3709,352,2025-03-01 14:33:50.803 +0000,2025-03-08 14:33:50.809 +0000
3709,1330,2025-03-01 14:34:31.463 +0000,2025-03-08 14:34:31.470 +0000
3709,3683,2025-03-01 14:35:09.636 +0000,2025-03-08 14:35:09.642 +0000
3696,2874,2025-03-01 15:18:47.871 +0000,2025-03-08 15:18:47.877 +0000
2728,1039,2025-03-01 16:09:54.341 +0000,2025-03-08 16:09:54.346 +0000
2728,1283,2025-03-01 16:10:13.980 +0000,2025-03-08 16:10:13.985 +0000
2728,1785,2025-03-01 16:10:29.143 +0000,2025-03-08 16:10:29.148 +0000
3713,3706,2025-03-01 16:20:46.821 +0000,2025-03-08 16:20:46.830 +0000
3716,2085,2025-03-01 18:22:49.089 +0000,2025-03-08 18:22:49.094 +0000
2020,3584,2025-03-01 20:23:56.715 +0000,2025-03-08 20:23:56.720 +0000
3722,3385,2025-03-01 21:42:25.066 +0000,2025-03-08 21:42:25.072 +0000
2371,213,2025-03-01 22:09:48.270 +0000,2025-03-08 22:09:48.275 +0000
3676,3219,2025-03-01 23:32:54.890 +0000,2025-03-08 23:32:54.896 +0000
3725,2692,2025-03-02 00:21:22.172 +0000,2025-03-09 00:21:22.177 +0000
1330,48,2025-03-02 20:49:45.307 +0000,2025-03-09 20:49:45.311 +0000
3743,2360,2025-03-02 20:57:42.104 +0000,2025-03-09 20:57:42.109 +0000
3747,3461,2025-03-02 21:22:57.492 +0000,2025-03-09 21:22:57.496 +0000
3747,3055,2025-03-02 21:29:57.590 +0000,2025-03-09 21:29:57.596 +0000
3739,2625,2025-03-02 22:34:49.151 +0000,2025-03-09 22:34:49.156 +0000
3743,3592,2025-03-02 23:19:02.813 +0000,2025-03-09 23:19:02.818 +0000
3117,2294,2025-03-03 21:02:50.543 +0000,2025-03-10 21:02:50.549 +0000
3787,3661,2025-03-03 21:27:54.419 +0000,2025-03-10 21:27:54.423 +0000
3788,3736,2025-03-03 21:36:23.792 +0000,2025-03-10 21:36:23.797 +0000
3793,3505,2025-03-03 21:47:58.263 +0000,2025-03-10 21:47:58.269 +0000
260,3716,2025-03-03 23:22:58.755 +0000,2025-03-10 23:22:58.759 +0000
260,3235,2025-03-03 23:23:27.770 +0000,2025-03-10 23:23:27.776 +0000
3816,3201,2025-03-03 23:37:34.848 +0000,2025-03-10 23:37:34.854 +0000
637,1999,2025-02-25 13:01:06.781 +0000,2025-03-11 13:12:57.154 +0000
2588,1462,2025-03-04 13:25:29.510 +0000,2025-03-11 13:25:29.516 +0000
3833,3816,2025-03-04 17:56:25.627 +0000,2025-03-11 17:56:25.632 +0000
3835,3079,2025-03-04 21:04:15.975 +0000,2025-03-11 21:04:15.979 +0000
3835,1028,2025-03-04 21:04:20.542 +0000,2025-03-11 21:04:20.547 +0000
277,3774,2025-03-04 21:23:52.074 +0000,2025-03-11 21:23:52.078 +0000
3628,735,2025-02-27 01:14:49.282 +0000,2025-03-06 01:14:49.286 +0000
3628,447,2025-02-27 11:02:52.930 +0000,2025-03-06 11:02:52.935 +0000
3650,2149,2025-02-27 12:04:55.792 +0000,2025-03-06 12:04:55.797 +0000
3594,66,2025-02-27 14:36:44.244 +0000,2025-03-06 14:36:44.249 +0000
3594,362,2025-02-27 14:37:06.651 +0000,2025-03-06 14:37:06.656 +0000
260,3007,2025-02-27 14:37:28.496 +0000,2025-03-06 14:37:28.502 +0000
260,3276,2025-02-27 14:40:19.292 +0000,2025-03-06 14:40:19.298 +0000
3710,213,2025-03-01 15:27:52.079 +0000,2025-03-09 18:56:36.432 +0000
3786,978,2025-03-03 21:14:50.687 +0000,2025-03-10 21:14:50.692 +0000
2063,3049,2025-03-01 13:00:42.821 +0000,2025-03-08 13:00:42.826 +0000
2136,12,2025-03-01 13:04:39.452 +0000,2025-03-08 13:04:39.458 +0000
3692,2941,2025-03-01 13:08:38.865 +0000,2025-03-08 13:08:38.871 +0000
3692,1232,2025-03-01 13:09:33.042 +0000,2025-03-08 13:09:33.048 +0000
9,1954,2025-02-28 14:49:25.329 +0000,2025-03-07 14:49:38.664 +0000
3692,2728,2025-02-28 19:12:36.056 +0000,2025-03-07 19:12:36.060 +0000
3695,3539,2025-02-28 19:13:31.689 +0000,2025-03-07 19:13:31.694 +0000
3695,1451,2025-02-28 19:14:02.299 +0000,2025-03-07 19:14:02.306 +0000
3695,27,2025-02-28 19:14:12.330 +0000,2025-03-07 19:14:12.334 +0000
2588,1262,2025-03-01 14:19:38.633 +0000,2025-03-11 13:25:26.938 +0000
2616,2422,2025-02-28 21:14:03.185 +0000,2025-03-07 21:14:03.190 +0000
3656,3536,2025-02-28 21:30:29.009 +0000,2025-03-07 21:30:29.014 +0000
3699,927,2025-02-28 22:12:24.379 +0000,2025-03-07 22:12:24.384 +0000
2502,1234,2025-03-01 00:06:58.721 +0000,2025-03-08 00:06:58.726 +0000
2502,1906,2025-03-01 13:41:05.710 +0000,2025-03-08 13:41:05.715 +0000
2502,1641,2025-03-01 13:42:45.197 +0000,2025-03-08 13:42:45.203 +0000
2502,3007,2025-03-01 13:43:51.511 +0000,2025-03-08 13:43:51.516 +0000
2502,50,2025-03-01 13:45:43.149 +0000,2025-03-08 13:45:43.154 +0000
2491,3460,2025-03-01 14:00:59.550 +0000,2025-03-08 14:00:59.555 +0000
3708,3699,2025-03-01 14:01:44.380 +0000,2025-03-08 14:01:44.385 +0000
3708,3172,2025-03-01 14:02:39.674 +0000,2025-03-08 14:02:39.678 +0000
3708,3679,2025-03-01 14:02:54.033 +0000,2025-03-08 14:02:54.037 +0000
3709,3508,2025-03-01 14:34:05.493 +0000,2025-03-08 14:34:05.499 +0000
3696,2581,2025-03-01 15:18:46.786 +0000,2025-03-08 15:18:46.792 +0000
2728,1526,2025-03-01 16:09:27.288 +0000,2025-03-08 16:09:27.294 +0000
2728,596,2025-03-01 16:10:18.401 +0000,2025-03-08 16:10:18.409 +0000
3713,2713,2025-03-01 16:20:18.209 +0000,2025-03-08 16:20:18.214 +0000
3713,3352,2025-03-01 16:21:30.258 +0000,2025-03-08 16:21:48.693 +0000
1330,3683,2025-03-02 20:49:57.692 +0000,2025-03-09 20:49:57.697 +0000
3715,553,2025-03-01 17:57:16.669 +0000,2025-03-08 17:57:16.674 +0000
3715,3520,2025-03-01 17:57:32.308 +0000,2025-03-08 17:57:32.313 +0000
2020,3570,2025-03-01 20:24:00.399 +0000,2025-03-08 20:24:00.405 +0000
3693,735,2025-03-01 22:06:18.866 +0000,2025-03-08 22:06:18.871 +0000
3693,3594,2025-03-01 22:07:04.587 +0000,2025-03-08 22:07:04.591 +0000
3693,352,2025-03-01 22:08:56.740 +0000,2025-03-08 22:08:56.745 +0000
2371,2728,2025-03-01 22:09:48.752 +0000,2025-03-08 22:09:48.757 +0000
2371,2722,2025-03-01 22:10:13.970 +0000,2025-03-08 22:10:13.973 +0000
3682,3661,2025-03-01 23:09:02.007 +0000,2025-03-08 23:09:02.012 +0000
3209,468,2025-03-01 23:29:51.908 +0000,2025-03-08 23:29:51.914 +0000
3725,970,2025-03-02 00:21:32.588 +0000,2025-03-09 00:21:32.593 +0000
1330,2085,2025-03-02 20:50:54.229 +0000,2025-03-09 20:50:54.233 +0000
3747,1573,2025-03-02 20:54:59.848 +0000,2025-03-09 20:54:59.855 +0000
3747,3006,2025-03-02 20:56:24.094 +0000,2025-03-09 20:56:24.100 +0000
3743,3146,2025-03-02 20:57:58.174 +0000,2025-03-09 20:57:58.179 +0000
3747,2150,2025-03-02 21:22:35.478 +0000,2025-03-09 21:22:35.484 +0000
3747,3656,2025-03-02 21:29:19.507 +0000,2025-03-09 21:29:19.513 +0000
3747,3421,2025-03-02 21:30:14.750 +0000,2025-03-09 21:30:14.755 +0000
3707,3743,2025-03-02 21:37:00.763 +0000,2025-03-09 21:37:00.774 +0000
3739,352,2025-03-02 22:34:47.947 +0000,2025-03-09 22:34:47.952 +0000
3345,3352,2025-02-28 17:55:47.630 +0000,2025-03-10 00:01:14.478 +0000
3787,867,2025-03-03 21:27:12.965 +0000,2025-03-10 21:27:12.970 +0000
3788,3657,2025-03-03 21:33:47.623 +0000,2025-03-10 21:33:47.629 +0000
2588,3462,2025-03-04 13:25:31.428 +0000,2025-03-11 13:25:31.433 +0000
3793,3220,2025-03-03 21:44:56.908 +0000,2025-03-10 21:44:56.913 +0000
3793,1412,2025-03-03 21:48:01.051 +0000,2025-03-10 21:48:01.055 +0000
3832,3523,2025-03-04 14:20:23.635 +0000,2025-03-11 14:20:23.642 +0000
3747,3315,2025-03-03 22:42:05.607 +0000,2025-03-10 22:42:05.612 +0000
3200,1337,2025-03-03 22:44:14.738 +0000,2025-03-10 22:44:14.744 +0000
2502,713,2025-03-02 22:44:00.313 +0000,2025-03-10 22:56:42.180 +0000
260,1526,2025-03-03 23:23:12.648 +0000,2025-03-10 23:23:12.654 +0000
3006,3621,2025-03-03 23:30:46.238 +0000,2025-03-10 23:30:46.246 +0000
3816,3777,2025-03-03 23:36:59.403 +0000,2025-03-10 23:36:59.406 +0000
3816,1028,2025-03-03 23:37:44.828 +0000,2025-03-10 23:37:44.834 +0000
2319,1321,2025-03-04 00:15:31.991 +0000,2025-03-11 00:15:31.997 +0000
3833,3708,2025-03-04 14:24:32.702 +0000,2025-03-11 14:24:32.707 +0000
277,3835,2025-03-04 21:23:58.007 +0000,2025-03-11 21:23:58.012 +0000
3628,3205,2025-02-27 01:15:00.634 +0000,2025-03-06 01:15:00.639 +0000
3628,2963,2025-02-27 01:17:49.977 +0000,2025-03-06 01:17:49.983 +0000
3056,1569,2025-02-27 01:51:03.975 +0000,2025-03-06 01:51:03.980 +0000
3677,3566,2025-02-28 15:32:20.464 +0000,2025-03-07 15:32:20.470 +0000
3628,2342,2025-02-27 11:03:24.626 +0000,2025-03-06 11:03:24.630 +0000
3594,3007,2025-02-27 14:36:45.245 +0000,2025-03-06 14:36:45.251 +0000
3594,3692,2025-03-01 23:11:05.739 +0000,2025-03-09 00:46:21.457 +0000
260,1600,2025-02-27 14:37:19.205 +0000,2025-03-06 14:37:19.209 +0000
260,2207,2025-02-27 14:39:55.776 +0000,2025-03-06 14:39:55.781 +0000
3055,2589,2025-02-25 16:04:05.483 +0000,2025-03-06 14:41:41.373 +0000
3235,12,2025-03-01 13:00:49.946 +0000,2025-03-08 13:00:49.950 +0000
3695,3085,2025-02-28 19:12:10.559 +0000,2025-03-07 19:12:10.563 +0000
3695,3205,2025-02-28 19:13:29.193 +0000,2025-03-07 19:13:29.198 +0000
3695,3642,2025-02-28 19:14:00.840 +0000,2025-03-07 19:14:00.846 +0000
3695,12,2025-02-28 19:14:20.040 +0000,2025-03-07 19:14:20.046 +0000
277,1804,2025-02-28 20:39:08.671 +0000,2025-03-07 20:39:08.675 +0000
3656,2710,2025-02-28 21:39:24.663 +0000,2025-03-07 21:39:24.668 +0000
3656,2867,2025-02-28 21:39:45.155 +0000,2025-03-07 21:39:45.160 +0000
3699,3201,2025-02-28 22:10:47.747 +0000,2025-03-07 22:10:47.753 +0000
11,21,2025-03-01 13:05:33.628 +0000,2025-03-08 13:05:33.631 +0000
2502,3650,2025-03-01 13:45:40.458 +0000,2025-03-08 13:45:40.462 +0000
3709,2749,2025-03-01 14:32:57.347 +0000,2025-03-08 14:32:57.352 +0000
3709,3539,2025-03-01 14:33:52.597 +0000,2025-03-08 14:33:52.603 +0000
3699,3505,2025-02-28 22:12:25.414 +0000,2025-03-07 22:12:46.012 +0000
3079,3047,2025-03-01 15:00:37.698 +0000,2025-03-08 15:00:37.703 +0000
1330,1451,2025-03-02 20:49:59.710 +0000,2025-03-09 20:49:59.716 +0000
3676,3294,2025-03-01 00:12:54.317 +0000,2025-03-08 00:13:02.588 +0000
2728,2780,2025-03-01 16:10:42.291 +0000,2025-03-08 16:10:42.296 +0000
3747,735,2025-03-02 20:54:43.680 +0000,2025-03-09 20:54:43.687 +0000
3715,3561,2025-03-01 17:56:39.637 +0000,2025-03-08 17:56:39.642 +0000
3693,1526,2025-02-28 18:05:36.400 +0000,2025-03-08 22:01:39.525 +0000
2371,66,2025-03-01 22:09:43.011 +0000,2025-03-08 22:09:43.017 +0000
3682,867,2025-03-01 23:09:05.690 +0000,2025-03-08 23:09:05.696 +0000
3682,2710,2025-03-01 23:09:18.927 +0000,2025-03-08 23:09:18.931 +0000
3682,1490,2025-03-01 23:09:34.278 +0000,2025-03-08 23:09:34.282 +0000
3747,2984,2025-03-02 21:22:31.407 +0000,2025-03-09 21:22:31.413 +0000
3725,3656,2025-03-02 00:21:19.395 +0000,2025-03-09 00:21:19.400 +0000
3747,2867,2025-03-02 21:27:05.490 +0000,2025-03-09 21:27:05.497 +0000
3747,3683,2025-03-02 21:29:45.299 +0000,2025-03-09 21:29:45.305 +0000
3552,3220,2025-03-02 21:51:47.991 +0000,2025-03-09 21:51:47.996 +0000
3739,2457,2025-03-02 22:34:59.749 +0000,2025-03-09 22:34:59.754 +0000
3739,3692,2025-03-02 22:35:23.045 +0000,2025-03-09 22:35:23.049 +0000
3743,3731,2025-03-02 23:19:18.228 +0000,2025-03-09 23:19:18.233 +0000
2208,3220,2025-03-02 23:28:58.598 +0000,2025-03-09 23:28:58.602 +0000
3492,3216,2025-03-02 00:12:45.413 +0000,2025-03-10 08:42:30.809 +0000
3787,2084,2025-03-03 21:22:42.217 +0000,2025-03-10 21:22:42.224 +0000
3787,1451,2025-03-03 21:27:27.217 +0000,2025-03-10 21:27:27.223 +0000
3789,3296,2025-03-03 21:32:43.101 +0000,2025-03-10 21:32:43.106 +0000
3793,3584,2025-03-03 21:47:21.668 +0000,2025-03-10 21:47:21.673 +0000
3747,3220,2025-03-03 22:29:44.397 +0000,2025-03-10 22:29:44.403 +0000
3747,3661,2025-03-03 22:40:27.384 +0000,2025-03-10 22:40:27.388 +0000
260,3693,2025-03-03 23:23:02.735 +0000,2025-03-10 23:23:02.740 +0000
260,3739,2025-03-03 23:23:27.771 +0000,2025-03-10 23:23:27.775 +0000
3816,2294,2025-03-03 23:36:45.610 +0000,2025-03-10 23:36:45.614 +0000
3816,3061,2025-03-03 23:38:36.034 +0000,2025-03-10 23:38:36.039 +0000
2588,277,2025-03-04 13:25:32.371 +0000,2025-03-11 13:25:32.375 +0000
2617,3494,2025-03-04 13:42:43.858 +0000,2025-03-11 13:42:43.866 +0000
3832,3220,2025-03-04 14:21:29.672 +0000,2025-03-11 14:21:29.676 +0000
3699,3833,2025-03-04 16:08:38.118 +0000,2025-03-11 16:08:38.123 +0000
3835,3071,2025-03-04 21:04:53.316 +0000,2025-03-11 21:04:53.321 +0000
277,1262,2025-03-04 21:24:01.670 +0000,2025-03-11 21:24:01.674 +0000
3628,3506,2025-02-27 01:15:21.941 +0000,2025-03-06 01:15:21.948 +0000
3628,433,2025-02-27 01:17:45.620 +0000,2025-03-06 01:17:45.626 +0000
3628,1330,2025-02-27 01:20:35.486 +0000,2025-03-06 01:20:35.492 +0000
3628,3022,2025-02-27 01:21:13.716 +0000,2025-03-06 01:21:13.722 +0000
3056,1699,2025-02-27 01:49:58.417 +0000,2025-03-06 01:49:58.422 +0000
3594,135,2025-02-27 14:36:46.123 +0000,2025-03-06 14:36:46.128 +0000
3056,2074,2025-02-27 01:51:54.764 +0000,2025-03-06 01:52:16.969 +0000
3650,1057,2025-02-27 12:06:10.432 +0000,2025-03-06 12:06:10.438 +0000
260,3020,2025-02-27 14:37:01.293 +0000,2025-03-06 14:37:01.297 +0000
3594,1034,2025-02-27 14:37:04.572 +0000,2025-03-06 14:37:04.577 +0000
260,1608,2025-02-27 14:37:37.611 +0000,2025-03-06 14:37:37.615 +0000
260,1909,2025-02-27 14:38:16.978 +0000,2025-03-06 14:38:16.983 +0000
260,2342,2025-02-27 14:40:00.896 +0000,2025-03-06 14:40:00.901 +0000
2136,3094,2025-03-01 13:03:35.666 +0000,2025-03-08 13:03:35.671 +0000
11,3184,2025-03-01 13:05:29.409 +0000,2025-03-08 13:05:29.418 +0000
11,3055,2025-03-01 13:05:53.138 +0000,2025-03-08 13:05:53.143 +0000
3692,3561,2025-03-01 13:07:35.922 +0000,2025-03-08 13:07:35.930 +0000
3690,3216,2025-02-28 15:50:01.639 +0000,2025-03-07 15:50:51.401 +0000
3692,2952,2025-03-01 13:07:56.824 +0000,2025-03-08 13:07:56.829 +0000
3693,2713,2025-02-28 17:48:48.302 +0000,2025-03-07 17:48:48.308 +0000
3692,2085,2025-02-28 19:14:59.365 +0000,2025-03-07 19:14:59.370 +0000
3692,3007,2025-02-28 19:18:47.579 +0000,2025-03-07 19:18:47.584 +0000
1330,3235,2025-03-02 20:50:01.498 +0000,2025-03-09 20:50:01.504 +0000
3656,3422,2025-02-28 21:38:43.374 +0000,2025-03-07 21:39:01.338 +0000
3699,3584,2025-02-28 22:12:16.531 +0000,2025-03-07 22:12:16.536 +0000
2621,1077,2025-02-28 22:58:20.198 +0000,2025-03-07 22:58:20.202 +0000
2621,3656,2025-02-28 23:00:12.779 +0000,2025-03-07 23:00:12.784 +0000
3676,2710,2025-03-01 00:05:49.184 +0000,2025-03-08 00:05:49.189 +0000
3687,3107,2025-03-01 00:27:21.309 +0000,2025-03-08 00:27:21.314 +0000
3692,2692,2025-03-01 13:08:21.738 +0000,2025-03-08 13:08:21.743 +0000
3036,3460,2025-03-01 13:30:32.892 +0000,2025-03-08 13:30:32.898 +0000
2502,2218,2025-03-01 13:43:16.701 +0000,2025-03-08 13:43:16.706 +0000
3227,3518,2025-03-01 13:48:10.761 +0000,2025-03-08 13:48:10.767 +0000
2020,3699,2025-03-01 13:58:26.046 +0000,2025-03-08 13:58:26.051 +0000
3708,436,2025-03-01 14:02:06.019 +0000,2025-03-08 14:02:06.024 +0000
3708,1483,2025-03-01 14:03:11.012 +0000,2025-03-08 14:03:47.401 +0000
3709,3594,2025-03-01 14:33:31.074 +0000,2025-03-08 14:33:31.079 +0000
3709,2375,2025-03-01 14:34:55.649 +0000,2025-03-08 14:34:55.653 +0000
3709,601,2025-03-01 14:35:17.756 +0000,2025-03-08 14:35:17.762 +0000
3079,1104,2025-03-01 14:59:51.845 +0000,2025-03-08 14:59:51.850 +0000
3711,751,2025-03-01 15:36:28.563 +0000,2025-03-08 15:36:28.570 +0000
2728,3692,2025-03-01 16:09:41.922 +0000,2025-03-08 16:09:41.928 +0000
3713,3581,2025-03-01 16:16:39.166 +0000,2025-03-08 16:16:39.171 +0000
3707,2644,2025-03-01 16:23:49.524 +0000,2025-03-08 16:23:49.530 +0000
1330,3739,2025-03-02 20:50:09.888 +0000,2025-03-09 20:50:09.893 +0000
3716,48,2025-03-01 18:25:21.036 +0000,2025-03-08 18:25:21.040 +0000
3693,3523,2025-03-01 22:02:09.461 +0000,2025-03-08 22:02:09.467 +0000
3693,2371,2025-03-01 22:08:45.741 +0000,2025-03-08 22:08:45.747 +0000
2371,3693,2025-03-01 22:09:45.603 +0000,2025-03-08 22:09:45.609 +0000
2371,3564,2025-03-01 22:10:13.088 +0000,2025-03-08 22:10:13.093 +0000
3682,3564,2025-03-01 23:08:20.862 +0000,2025-03-08 23:08:20.866 +0000
3747,970,2025-03-02 20:52:52.014 +0000,2025-03-09 20:52:52.022 +0000
3747,767,2025-03-02 21:29:50.439 +0000,2025-03-09 21:29:50.445 +0000
3749,3708,2025-03-02 21:37:39.985 +0000,2025-03-09 21:37:39.990 +0000
3739,3205,2025-03-02 22:32:39.983 +0000,2025-03-09 22:32:39.988 +0000
3743,3340,2025-03-02 23:19:23.074 +0000,2025-03-09 23:19:23.079 +0000
2208,2694,2025-03-02 23:28:41.896 +0000,2025-03-09 23:28:41.901 +0000
1526,3693,2025-03-01 22:06:11.707 +0000,2025-03-10 15:12:39.774 +0000
3787,3500,2025-03-03 21:23:14.899 +0000,2025-03-10 21:23:14.904 +0000
3304,3229,2025-03-03 21:26:15.207 +0000,2025-03-10 21:26:15.211 +0000
3787,3709,2025-03-03 21:28:12.522 +0000,2025-03-10 21:28:12.527 +0000
3788,3723,2025-03-03 21:36:40.765 +0000,2025-03-10 21:36:40.770 +0000
3793,2294,2025-03-03 21:47:22.681 +0000,2025-03-10 21:47:22.686 +0000
2621,3747,2025-03-03 22:14:37.660 +0000,2025-03-10 22:14:37.665 +0000
3747,3434,2025-03-03 22:42:06.685 +0000,2025-03-10 22:42:06.689 +0000
3006,2793,2025-03-03 23:30:44.876 +0000,2025-03-10 23:30:44.881 +0000
2588,2294,2025-03-04 13:25:34.255 +0000,2025-03-11 13:25:34.259 +0000
3238,3593,2025-03-01 16:54:50.333 +0000,2025-03-11 13:50:01.826 +0000
3833,436,2025-03-04 14:25:43.546 +0000,2025-03-11 14:25:43.551 +0000
3834,2209,2025-03-04 17:49:50.130 +0000,2025-03-11 17:49:50.135 +0000
1506,3216,2025-03-04 21:51:56.673 +0000,2025-03-11 21:51:56.679 +0000
3505,1028,2025-03-04 22:05:20.050 +0000,2025-03-11 22:05:20.055 +0000
3788,3834,2025-03-04 22:14:04.766 +0000,2025-03-11 22:14:04.771 +0000
3628,2625,2025-02-27 01:15:34.521 +0000,2025-03-06 01:15:34.527 +0000
3056,2128,2025-02-27 01:49:46.316 +0000,2025-03-06 01:49:46.321 +0000
3194,2465,2025-03-01 13:03:39.965 +0000,2025-03-08 13:03:39.970 +0000
3594,1052,2025-02-27 14:36:46.926 +0000,2025-03-06 14:36:46.931 +0000
1330,3685,2025-03-02 20:50:43.765 +0000,2025-03-09 20:50:43.771 +0000
260,3642,2025-02-27 14:37:04.387 +0000,2025-03-06 14:37:04.391 +0000
260,1897,2025-02-27 14:37:34.973 +0000,2025-03-06 14:37:34.978 +0000
260,1923,2025-02-27 14:37:41.996 +0000,2025-03-06 14:37:42.001 +0000
260,1003,2025-02-27 14:40:06.269 +0000,2025-03-06 14:40:06.273 +0000
3692,1034,2025-02-28 18:59:25.209 +0000,2025-03-07 18:59:25.215 +0000
3692,2963,2025-02-28 19:10:53.068 +0000,2025-03-07 19:10:53.075 +0000
3695,3411,2025-02-28 19:11:42.369 +0000,2025-03-07 19:11:42.375 +0000
3695,2625,2025-02-28 19:12:54.190 +0000,2025-03-07 19:12:54.194 +0000
3695,352,2025-02-28 19:14:06.500 +0000,2025-03-07 19:14:06.506 +0000
3695,2793,2025-02-28 19:14:29.339 +0000,2025-03-07 19:14:29.345 +0000
3692,3342,2025-02-28 19:18:37.309 +0000,2025-03-07 19:18:37.314 +0000
3283,2874,2025-02-28 20:59:53.607 +0000,2025-03-07 20:59:53.613 +0000
3656,2208,2025-02-28 21:38:41.655 +0000,2025-03-07 21:38:41.660 +0000
3699,3172,2025-02-28 22:12:15.223 +0000,2025-03-07 22:12:15.232 +0000
2621,3598,2025-02-28 23:00:38.184 +0000,2025-03-07 23:00:38.189 +0000
3701,3623,2025-02-28 23:31:35.590 +0000,2025-03-07 23:31:35.595 +0000
3687,3665,2025-03-01 00:26:33.637 +0000,2025-03-08 00:26:33.643 +0000
11,2639,2025-03-01 13:05:52.378 +0000,2025-03-08 13:05:52.384 +0000
3692,3435,2025-03-01 13:07:37.697 +0000,2025-03-08 13:07:37.702 +0000
2502,1683,2025-03-01 13:41:03.729 +0000,2025-03-08 13:41:03.733 +0000
3708,3100,2025-03-01 14:03:20.307 +0000,2025-03-08 14:03:20.313 +0000
2728,3423,2025-03-01 16:09:57.011 +0000,2025-03-08 16:09:57.017 +0000
2728,1897,2025-03-01 16:10:45.743 +0000,2025-03-08 16:10:45.748 +0000
3747,3558,2025-03-02 20:56:32.596 +0000,2025-03-09 20:56:32.601 +0000
3749,3722,2025-03-02 21:37:25.107 +0000,2025-03-09 21:37:25.112 +0000
3715,3508,2025-03-01 17:57:10.797 +0000,2025-03-08 17:57:10.803 +0000
3716,213,2025-03-01 18:21:56.994 +0000,2025-03-08 18:21:56.999 +0000
3716,3602,2025-03-01 18:22:43.002 +0000,2025-03-08 18:22:43.007 +0000
2020,3708,2025-03-01 20:23:45.491 +0000,2025-03-08 20:23:45.496 +0000
3693,2952,2025-03-01 22:02:32.895 +0000,2025-03-08 22:02:32.900 +0000
3693,2693,2025-03-01 22:05:35.723 +0000,2025-03-08 22:05:35.731 +0000
2371,538,2025-03-01 22:09:47.664 +0000,2025-03-08 22:09:47.670 +0000
2371,3272,2025-03-01 22:10:12.339 +0000,2025-03-08 22:10:12.345 +0000
3682,3506,2025-03-01 23:09:07.689 +0000,2025-03-08 23:09:07.694 +0000
3682,3020,2025-03-01 23:09:30.406 +0000,2025-03-08 23:09:30.412 +0000
3724,3352,2025-03-01 23:11:12.872 +0000,2025-03-08 23:11:12.878 +0000
3751,3656,2025-03-02 23:05:29.899 +0000,2025-03-09 23:05:29.903 +0000
2208,970,2025-03-02 23:28:14.999 +0000,2025-03-09 23:28:15.004 +0000
2208,3007,2025-03-02 23:28:46.641 +0000,2025-03-09 23:28:46.648 +0000
3787,3685,2025-03-03 21:26:57.032 +0000,2025-03-10 21:26:57.037 +0000
3787,3682,2025-03-03 21:28:00.558 +0000,2025-03-10 21:28:00.563 +0000
3793,2175,2025-03-03 21:45:00.618 +0000,2025-03-10 21:45:00.626 +0000
2621,3772,2025-03-03 22:13:51.719 +0000,2025-03-10 22:13:51.723 +0000
3200,1581,2025-03-03 22:45:02.437 +0000,2025-03-10 22:45:02.441 +0000
260,3709,2025-03-03 23:22:51.587 +0000,2025-03-10 23:22:51.591 +0000
3006,3598,2025-03-03 23:30:48.871 +0000,2025-03-10 23:30:48.877 +0000
3816,3749,2025-03-03 23:36:33.847 +0000,2025-03-10 23:36:33.852 +0000
2588,2617,2025-03-04 13:25:39.341 +0000,2025-03-11 13:25:39.346 +0000
3835,1262,2025-03-04 21:03:57.842 +0000,2025-03-11 21:03:57.849 +0000
3594,1536,2025-02-27 14:36:47.770 +0000,2025-03-06 14:36:47.775 +0000
11,3692,2025-03-01 13:04:27.320 +0000,2025-03-08 13:04:27.326 +0000
3201,3172,2025-02-28 17:46:46.496 +0000,2025-03-07 17:46:46.501 +0000
3692,362,2025-02-28 18:59:18.074 +0000,2025-03-07 18:59:18.078 +0000
3692,3423,2025-02-28 19:11:20.994 +0000,2025-03-07 19:11:40.843 +0000
3695,3506,2025-02-28 19:12:24.409 +0000,2025-03-07 19:12:24.414 +0000
3695,1163,2025-02-28 19:13:43.967 +0000,2025-03-07 19:13:43.972 +0000
3695,2342,2025-02-28 19:13:48.729 +0000,2025-03-07 19:13:48.733 +0000
3695,362,2025-02-28 19:14:36.589 +0000,2025-03-07 19:14:36.594 +0000
3628,3342,2025-02-27 01:16:42.694 +0000,2025-03-06 01:16:42.700 +0000
3628,1474,2025-02-27 01:17:23.768 +0000,2025-03-06 01:17:23.773 +0000
3056,2874,2025-02-27 01:50:44.253 +0000,2025-03-06 01:50:44.258 +0000
3698,2521,2025-02-28 21:39:33.612 +0000,2025-03-07 21:39:33.617 +0000
3656,388,2025-02-28 21:39:16.525 +0000,2025-03-07 21:39:36.853 +0000
3698,3146,2025-02-28 21:40:59.865 +0000,2025-03-07 21:40:59.870 +0000
3676,1034,2025-03-01 00:05:40.921 +0000,2025-03-08 00:05:40.926 +0000
3687,3552,2025-03-01 00:27:07.179 +0000,2025-03-08 00:27:07.189 +0000
2502,2694,2025-03-01 13:44:36.745 +0000,2025-03-08 13:44:36.751 +0000
3708,3584,2025-03-01 14:01:51.973 +0000,2025-03-08 14:01:51.978 +0000
3708,2020,2025-03-01 14:02:32.264 +0000,2025-03-08 14:02:32.268 +0000
3708,1028,2025-03-01 14:02:54.034 +0000,2025-03-08 14:03:43.078 +0000
2728,213,2025-03-01 16:09:44.819 +0000,2025-03-08 16:09:44.825 +0000
3713,3345,2025-03-01 16:20:56.915 +0000,2025-03-08 16:20:56.921 +0000
3787,2793,2025-03-03 21:27:15.299 +0000,2025-03-10 21:27:15.304 +0000
3276,3184,2025-03-01 22:08:08.758 +0000,2025-03-08 22:08:08.765 +0000
2371,3261,2025-03-01 22:09:44.676 +0000,2025-03-08 22:09:44.680 +0000
3682,2625,2025-03-01 23:09:14.301 +0000,2025-03-08 23:09:14.307 +0000
3682,3525,2025-03-01 23:09:26.341 +0000,2025-03-08 23:09:26.346 +0000
3460,1893,2025-03-01 14:01:25.289 +0000,2025-03-09 13:01:05.476 +0000
1330,3682,2025-03-02 20:50:48.764 +0000,2025-03-09 20:50:48.770 +0000
3747,2878,2025-03-02 20:54:03.966 +0000,2025-03-09 20:54:03.971 +0000
3747,2656,2025-03-02 21:22:52.968 +0000,2025-03-09 21:22:52.973 +0000
3747,3493,2025-03-02 21:29:50.439 +0000,2025-03-09 21:29:50.446 +0000
3747,2700,2025-03-02 21:30:18.573 +0000,2025-03-09 21:30:18.577 +0000
3747,1526,2025-03-02 21:31:35.789 +0000,2025-03-09 21:31:35.795 +0000
3739,3539,2025-03-02 22:21:31.772 +0000,2025-03-09 22:21:31.777 +0000
3739,2375,2025-03-02 22:35:03.640 +0000,2025-03-09 22:35:03.646 +0000
3743,3617,2025-03-02 23:19:24.566 +0000,2025-03-09 23:19:24.573 +0000
2208,3621,2025-03-02 23:29:07.480 +0000,2025-03-09 23:29:07.486 +0000
3787,1083,2025-03-03 21:27:52.737 +0000,2025-03-10 21:27:52.743 +0000
3788,2546,2025-03-03 21:34:33.401 +0000,2025-03-10 21:34:33.405 +0000
2209,1529,2025-02-25 13:00:21.977 +0000,2025-03-10 21:42:27.902 +0000
2209,2546,2025-02-25 13:00:22.007 +0000,2025-03-10 21:42:32.773 +0000
3793,436,2025-03-03 21:47:02.659 +0000,2025-03-10 21:47:02.664 +0000
3793,3172,2025-03-03 21:47:45.028 +0000,2025-03-10 21:47:45.033 +0000
3811,1570,2025-03-03 21:51:15.238 +0000,2025-03-10 21:51:15.243 +0000
3747,1083,2025-03-03 22:33:51.501 +0000,2025-03-10 22:33:51.507 +0000
3747,2503,2025-03-03 22:40:43.301 +0000,2025-03-10 22:40:43.306 +0000
3200,1546,2025-03-03 22:45:21.717 +0000,2025-03-10 22:45:21.723 +0000
260,2793,2025-03-03 23:23:21.250 +0000,2025-03-10 23:23:21.254 +0000
260,3692,2025-03-03 23:23:28.900 +0000,2025-03-10 23:23:28.904 +0000
260,3682,2025-03-03 23:24:05.090 +0000,2025-03-10 23:24:05.094 +0000
3816,2020,2025-03-03 23:38:48.254 +0000,2025-03-10 23:38:48.259 +0000
2479,3505,2025-03-04 14:04:32.888 +0000,2025-03-11 14:04:32.894 +0000
3833,3228,2025-03-04 14:26:33.692 +0000,2025-03-11 14:26:33.697 +0000
3833,2294,2025-03-04 14:27:06.124 +0000,2025-03-11 14:27:06.128 +0000
277,3507,2025-02-28 20:41:34.031 +0000,2025-03-11 21:22:56.250 +0000
3201,2161,2025-03-01 14:45:02.490 +0000,2025-03-12 13:40:51.094 +0000
3777,3816,2025-03-04 21:53:12.114 +0000,2025-03-12 15:35:39.034 +0000
3628,1572,2025-02-27 01:16:49.819 +0000,2025-03-06 01:16:49.824 +0000
3628,3602,2025-02-27 01:19:34.641 +0000,2025-03-06 01:19:34.647 +0000
3628,1,2025-02-27 01:21:18.717 +0000,2025-03-06 01:21:18.723 +0000
3594,791,2025-02-27 14:36:49.562 +0000,2025-03-06 14:36:49.566 +0000
260,1313,2025-02-27 14:37:01.941 +0000,2025-03-06 14:37:01.948 +0000
3693,241,2025-02-28 17:47:05.961 +0000,2025-03-07 17:47:05.967 +0000
3693,3581,2025-02-28 17:48:38.982 +0000,2025-03-07 17:48:38.989 +0000
3693,3354,2025-02-28 17:51:40.077 +0000,2025-03-07 17:51:40.082 +0000
3650,2694,2025-02-27 12:03:20.689 +0000,2025-03-06 12:03:20.695 +0000
260,1595,2025-02-27 14:37:06.642 +0000,2025-03-06 14:37:06.647 +0000
260,1713,2025-02-27 14:37:16.867 +0000,2025-03-06 14:37:16.872 +0000
260,1695,2025-02-27 14:37:31.052 +0000,2025-03-06 14:37:31.058 +0000
260,512,2025-02-27 14:39:57.003 +0000,2025-03-06 14:39:57.009 +0000
260,2654,2025-02-27 14:40:14.261 +0000,2025-03-06 14:40:14.267 +0000
3055,3525,2025-02-25 16:02:50.729 +0000,2025-03-06 14:41:40.642 +0000
3692,2793,2025-02-28 19:10:00.971 +0000,2025-03-07 19:10:00.977 +0000
3692,3146,2025-02-28 19:11:52.971 +0000,2025-03-07 19:11:52.977 +0000
277,1220,2025-02-28 20:39:36.950 +0000,2025-03-07 20:39:36.956 +0000
3656,1079,2025-02-28 21:25:42.041 +0000,2025-03-07 21:25:42.047 +0000
3656,3204,2025-02-28 21:28:11.009 +0000,2025-03-07 21:28:12.952 +0000
3656,2142,2025-02-28 21:29:56.238 +0000,2025-03-07 21:29:56.243 +0000
3656,3567,2025-02-28 21:39:11.615 +0000,2025-03-07 21:39:11.620 +0000
3656,3660,2025-02-28 21:39:35.055 +0000,2025-03-07 21:39:35.061 +0000
3656,2621,2025-02-28 21:40:01.215 +0000,2025-03-07 21:40:01.221 +0000
3699,2892,2025-02-28 22:10:55.535 +0000,2025-03-07 22:10:55.541 +0000
11,3110,2025-03-01 13:04:28.160 +0000,2025-03-08 13:04:28.166 +0000
11,1259,2025-03-01 13:05:40.319 +0000,2025-03-08 13:05:40.326 +0000
11,300,2025-03-01 13:05:47.713 +0000,2025-03-08 13:05:47.718 +0000
3036,3656,2025-03-01 13:28:20.665 +0000,2025-03-08 13:28:20.674 +0000
2502,1278,2025-03-01 13:44:59.014 +0000,2025-03-08 13:44:59.019 +0000
2020,3542,2025-03-01 13:58:53.589 +0000,2025-03-08 13:58:53.595 +0000
3708,419,2025-03-01 14:03:07.129 +0000,2025-03-08 14:03:46.960 +0000
3709,2171,2025-03-01 14:34:09.197 +0000,2025-03-08 14:34:09.203 +0000
3709,3602,2025-03-01 14:34:13.793 +0000,2025-03-08 14:34:13.799 +0000
2728,3564,2025-03-01 16:10:47.570 +0000,2025-03-08 16:10:47.575 +0000
3715,970,2025-03-01 17:57:27.328 +0000,2025-03-08 17:57:27.333 +0000
3693,2185,2025-03-01 22:02:26.693 +0000,2025-03-08 22:02:26.698 +0000
3682,2793,2025-03-01 23:08:59.724 +0000,2025-03-08 23:08:59.729 +0000
2502,3598,2025-03-02 00:02:25.757 +0000,2025-03-09 00:02:25.761 +0000
3725,2469,2025-03-02 00:20:33.414 +0000,2025-03-09 00:20:33.420 +0000
1330,2136,2025-03-02 20:50:55.917 +0000,2025-03-09 20:50:55.921 +0000
3747,3602,2025-03-02 20:56:07.965 +0000,2025-03-09 20:56:34.674 +0000
3747,2377,2025-03-02 20:56:45.488 +0000,2025-03-09 20:56:45.493 +0000
3747,3594,2025-03-02 21:22:58.070 +0000,2025-03-09 21:22:58.074 +0000
3832,2171,2025-03-04 14:20:33.027 +0000,2025-03-11 14:20:33.033 +0000
3832,3747,2025-03-04 14:21:37.560 +0000,2025-03-11 14:21:37.565 +0000
927,2742,2025-03-04 14:11:00.175 +0000,2025-03-11 14:45:03.958 +0000
3749,3679,2025-03-02 21:36:46.747 +0000,2025-03-09 21:36:46.753 +0000
3749,3228,2025-03-02 21:37:22.594 +0000,2025-03-09 21:37:22.601 +0000
3749,3071,2025-03-02 21:37:43.344 +0000,2025-03-09 21:37:43.351 +0000
3739,2878,2025-03-02 22:34:52.838 +0000,2025-03-09 22:34:52.844 +0000
3743,3713,2025-03-02 23:17:49.653 +0000,2025-03-09 23:17:49.658 +0000
3743,3581,2025-03-02 23:19:19.876 +0000,2025-03-09 23:19:19.881 +0000
2208,1077,2025-03-02 23:28:25.982 +0000,2025-03-09 23:28:25.986 +0000
2208,2980,2025-03-02 23:28:57.721 +0000,2025-03-09 23:28:57.726 +0000
3787,3628,2025-03-03 21:27:26.397 +0000,2025-03-10 21:27:26.402 +0000
3787,3602,2025-03-03 21:27:58.098 +0000,2025-03-10 21:27:58.104 +0000
2209,1546,2025-02-25 13:00:21.982 +0000,2025-03-10 21:42:35.568 +0000
3747,2749,2025-03-03 22:34:20.997 +0000,2025-03-10 22:34:21.002 +0000
3747,2941,2025-03-03 22:39:07.515 +0000,2025-03-10 22:39:07.519 +0000
3656,2936,2025-03-04 00:25:43.197 +0000,2025-03-11 00:25:43.202 +0000
3632,3775,2025-03-04 15:24:18.664 +0000,2025-03-11 15:24:18.669 +0000
3835,2040,2025-03-04 21:04:02.223 +0000,2025-03-11 21:04:02.228 +0000
3628,2223,2025-02-27 01:17:25.544 +0000,2025-03-06 01:17:25.548 +0000
3628,867,2025-02-27 01:18:17.240 +0000,2025-03-06 01:18:55.538 +0000
3628,2457,2025-02-27 01:18:04.007 +0000,2025-03-06 01:19:55.488 +0000
3628,3184,2025-02-27 01:21:16.326 +0000,2025-03-06 01:21:16.332 +0000
3056,2372,2025-02-27 01:49:07.452 +0000,2025-03-06 01:49:07.457 +0000
3056,2551,2025-02-27 01:50:13.694 +0000,2025-03-06 01:50:13.698 +0000
3056,2543,2025-02-27 01:51:24.875 +0000,2025-03-06 01:51:52.546 +0000
3693,3563,2025-02-28 17:51:50.486 +0000,2025-03-07 17:51:50.493 +0000
3594,468,2025-02-27 14:37:00.293 +0000,2025-03-06 14:37:00.298 +0000
3692,11,2025-02-28 18:59:28.762 +0000,2025-03-07 18:59:28.766 +0000
3650,2407,2025-02-27 12:05:01.821 +0000,2025-03-06 12:05:01.827 +0000
260,3187,2025-02-27 14:38:18.393 +0000,2025-03-06 14:38:18.397 +0000
260,3631,2025-02-27 14:39:58.097 +0000,2025-03-06 14:39:58.102 +0000
3650,2460,2025-02-27 12:06:11.347 +0000,2025-03-06 12:06:32.789 +0000
260,3196,2025-02-27 14:40:57.141 +0000,2025-03-06 14:40:57.147 +0000
3692,3184,2025-02-28 19:00:46.787 +0000,2025-03-07 19:10:21.471 +0000
867,633,2025-02-28 19:13:50.426 +0000,2025-03-07 19:13:50.432 +0000
1330,3049,2025-03-02 20:51:13.818 +0000,2025-03-11 08:06:38.572 +0000
3695,3682,2025-02-28 19:15:52.549 +0000,2025-03-07 19:15:52.554 +0000
3656,751,2025-02-28 21:38:38.283 +0000,2025-03-07 21:38:38.287 +0000
3698,241,2025-02-28 21:39:19.432 +0000,2025-03-07 21:39:19.436 +0000
3656,260,2025-02-28 21:39:45.156 +0000,2025-03-07 21:39:53.757 +0000
2621,3621,2025-02-28 23:00:07.919 +0000,2025-03-07 23:00:07.924 +0000
3676,3598,2025-03-01 00:04:14.048 +0000,2025-03-08 00:04:14.054 +0000
11,3066,2025-03-01 13:05:30.382 +0000,2025-03-08 13:05:30.388 +0000
11,228,2025-03-01 13:05:41.210 +0000,2025-03-08 13:05:41.215 +0000
3676,50,2025-03-01 00:04:28.912 +0000,2025-03-08 00:04:49.362 +0000
3676,3692,2025-03-01 00:05:44.071 +0000,2025-03-08 00:05:44.077 +0000
3692,3706,2025-03-01 13:07:24.677 +0000,2025-03-08 13:07:24.683 +0000
2869,2704,2025-03-01 13:11:56.736 +0000,2025-03-08 13:11:56.744 +0000
3696,3350,2025-03-01 13:39:57.616 +0000,2025-03-08 13:39:57.621 +0000
2502,2654,2025-03-01 13:42:56.459 +0000,2025-03-08 13:42:56.463 +0000
3709,3621,2025-03-01 14:32:20.812 +0000,2025-03-08 14:32:20.818 +0000
2728,3055,2025-03-01 16:09:28.580 +0000,2025-03-08 16:09:28.586 +0000
2728,538,2025-03-01 16:10:48.382 +0000,2025-03-08 16:10:48.386 +0000
3713,2425,2025-03-01 16:18:15.171 +0000,2025-03-08 16:18:15.176 +0000
3715,213,2025-03-01 17:56:04.157 +0000,2025-03-08 17:56:04.162 +0000
3715,254,2025-03-01 17:56:35.737 +0000,2025-03-08 17:56:35.742 +0000
3722,3047,2025-03-01 21:39:52.236 +0000,2025-03-08 21:39:52.242 +0000
3722,2020,2025-03-01 21:41:19.458 +0000,2025-03-08 21:41:19.464 +0000
3693,751,2025-03-01 22:04:03.027 +0000,2025-03-08 22:04:03.032 +0000
2371,2085,2025-03-01 22:09:21.580 +0000,2025-03-08 22:09:21.586 +0000
2371,2288,2025-03-01 22:10:11.581 +0000,2025-03-08 22:10:11.587 +0000
3723,1288,2025-03-01 22:36:26.295 +0000,2025-03-08 22:36:26.299 +0000
3725,3220,2025-03-02 00:21:11.652 +0000,2025-03-09 00:21:11.658 +0000
3747,2085,2025-03-02 20:56:44.496 +0000,2025-03-09 20:56:44.501 +0000
3747,3387,2025-03-02 20:57:36.011 +0000,2025-03-09 21:22:18.557 +0000
3747,3665,2025-03-02 21:29:46.533 +0000,2025-03-09 21:30:01.704 +0000
3751,3007,2025-03-02 23:04:42.664 +0000,2025-03-09 23:04:42.669 +0000
3751,3049,2025-03-02 23:05:15.636 +0000,2025-03-09 23:05:15.642 +0000
3752,3621,2025-03-02 23:21:52.898 +0000,2025-03-09 23:22:23.392 +0000
2208,3460,2025-03-02 23:29:01.490 +0000,2025-03-09 23:29:01.497 +0000
3787,2878,2025-03-03 21:27:41.327 +0000,2025-03-10 21:27:41.333 +0000
3789,3621,2025-03-03 21:32:47.969 +0000,2025-03-10 21:32:47.975 +0000
2209,1570,2025-02-25 13:00:21.990 +0000,2025-03-10 21:42:29.816 +0000
3793,3747,2025-03-03 21:44:33.157 +0000,2025-03-10 21:44:33.162 +0000
3793,2749,2025-03-03 21:44:51.036 +0000,2025-03-10 21:44:51.041 +0000
3417,3572,2025-03-03 21:45:52.423 +0000,2025-03-10 21:45:52.428 +0000
3793,1028,2025-03-03 21:46:38.749 +0000,2025-03-10 21:46:38.753 +0000
3793,468,2025-03-03 21:47:25.141 +0000,2025-03-10 21:47:25.147 +0000
3747,2136,2025-03-03 22:34:23.674 +0000,2025-03-10 22:34:23.680 +0000
3747,3219,2025-03-03 22:40:44.302 +0000,2025-03-10 22:40:44.308 +0000
3200,2546,2025-03-03 22:44:27.213 +0000,2025-03-10 22:44:27.218 +0000
260,2375,2025-03-03 23:22:41.561 +0000,2025-03-10 23:22:41.566 +0000
260,601,2025-03-03 23:24:03.074 +0000,2025-03-10 23:24:03.079 +0000
3006,3220,2025-03-03 23:30:51.383 +0000,2025-03-10 23:30:51.388 +0000
3816,419,2025-03-03 23:38:57.659 +0000,2025-03-10 23:38:57.664 +0000
2718,3103,2025-03-03 23:54:21.681 +0000,2025-03-10 23:54:21.688 +0000
1034,12,2025-02-25 13:00:47.995 +0000,2025-03-11 13:00:39.828 +0000
2040,3079,2025-03-04 15:07:35.544 +0000,2025-03-11 15:07:35.553 +0000
3341,970,2025-03-04 15:57:02.054 +0000,2025-03-11 15:57:02.060 +0000
2550,3520,2025-03-04 19:46:25.427 +0000,2025-03-11 19:46:25.432 +0000
876,3462,2025-03-04 14:14:31.321 +0000,2025-03-11 19:51:57.972 +0000
3835,1491,2025-03-04 21:03:18.609 +0000,2025-03-11 21:03:18.614 +0000
3835,3494,2025-03-04 21:03:49.024 +0000,2025-03-11 21:03:49.029 +0000
277,1900,2025-03-04 21:22:30.132 +0000,2025-03-11 21:22:30.138 +0000
1546,3788,2025-03-04 14:46:53.698 +0000,2025-03-12 11:56:54.160 +0000
3594,2374,2025-02-27 14:37:05.666 +0000,2025-03-06 14:37:05.671 +0000
260,3204,2025-02-27 14:40:02.182 +0000,2025-03-06 14:40:02.189 +0000
260,1356,2025-02-27 14:40:05.218 +0000,2025-03-06 14:40:05.222 +0000
3692,352,2025-02-28 19:09:43.581 +0000,2025-03-07 19:09:43.586 +0000
3628,2351,2025-02-27 01:20:28.387 +0000,2025-03-06 01:20:28.392 +0000
3695,3653,2025-02-28 19:12:34.178 +0000,2025-03-07 19:12:34.183 +0000
3695,867,2025-02-28 19:13:39.647 +0000,2025-03-07 19:13:39.654 +0000
277,2621,2025-02-28 20:39:29.211 +0000,2025-03-07 20:39:29.217 +0000
3650,3621,2025-02-27 12:03:43.110 +0000,2025-03-06 12:03:43.116 +0000
3650,816,2025-02-27 12:04:42.261 +0000,2025-03-06 12:04:42.267 +0000
3283,3229,2025-02-28 20:59:44.098 +0000,2025-03-07 20:59:44.102 +0000
3656,2952,2025-02-28 21:36:21.726 +0000,2025-03-07 21:38:28.851 +0000
3656,606,2025-02-28 21:38:34.588 +0000,2025-03-07 21:38:34.594 +0000
3698,3616,2025-02-28 21:39:22.756 +0000,2025-03-07 21:39:22.762 +0000
3699,2020,2025-02-28 22:12:20.956 +0000,2025-03-07 22:12:20.962 +0000
3687,2171,2025-03-01 00:27:16.106 +0000,2025-03-08 00:27:16.111 +0000
11,362,2025-03-01 13:05:33.627 +0000,2025-03-08 13:05:33.632 +0000
11,302,2025-03-01 13:05:50.627 +0000,2025-03-08 13:05:50.632 +0000
3692,3539,2025-03-01 13:06:58.091 +0000,2025-03-08 13:07:14.308 +0000
3036,1027,2025-03-01 13:30:36.914 +0000,2025-03-08 13:30:36.920 +0000
2502,3656,2025-03-01 13:41:03.703 +0000,2025-03-08 13:41:03.709 +0000
2502,2730,2025-03-01 13:45:28.668 +0000,2025-03-08 13:45:28.674 +0000
3708,3462,2025-03-01 14:02:00.128 +0000,2025-03-08 14:02:00.132 +0000
3228,3708,2025-03-01 14:17:27.762 +0000,2025-03-08 14:17:27.770 +0000
3709,3007,2025-03-01 14:31:56.028 +0000,2025-03-08 14:31:56.034 +0000
3709,3564,2025-03-01 14:34:08.525 +0000,2025-03-08 14:34:08.530 +0000
3079,462,2025-03-01 15:00:21.647 +0000,2025-03-08 15:00:21.651 +0000
3079,1882,2025-03-01 15:00:42.960 +0000,2025-03-08 15:00:42.967 +0000
3696,3229,2025-03-01 15:18:49.347 +0000,2025-03-08 15:18:49.353 +0000
2728,3184,2025-03-01 16:10:08.541 +0000,2025-03-08 16:10:08.550 +0000
3715,3421,2025-03-01 17:57:15.062 +0000,2025-03-08 17:57:15.067 +0000
3716,1080,2025-03-01 18:22:40.717 +0000,2025-03-08 18:22:40.721 +0000
3720,3127,2025-03-01 20:54:25.290 +0000,2025-03-08 20:54:25.297 +0000
2371,52,2025-03-01 22:09:39.448 +0000,2025-03-08 22:09:39.452 +0000
2371,2793,2025-03-01 22:09:44.007 +0000,2025-03-08 22:09:44.012 +0000
3724,3340,2025-03-01 23:08:58.306 +0000,2025-03-08 23:08:58.311 +0000
3676,3220,2025-03-01 23:32:05.341 +0000,2025-03-08 23:32:05.346 +0000
3747,3613,2025-03-02 20:55:32.137 +0000,2025-03-09 20:55:32.143 +0000
3747,3369,2025-03-02 20:56:17.157 +0000,2025-03-09 20:56:17.162 +0000
3739,3506,2025-03-02 22:21:26.412 +0000,2025-03-09 22:21:26.417 +0000
3739,3695,2025-03-02 22:31:12.025 +0000,2025-03-09 22:31:12.031 +0000
3739,3716,2025-03-02 22:35:23.045 +0000,2025-03-09 22:35:23.053 +0000
3751,970,2025-03-02 23:05:32.392 +0000,2025-03-09 23:05:32.397 +0000
2208,3656,2025-03-02 23:28:41.042 +0000,2025-03-09 23:28:41.048 +0000
3787,3205,2025-03-03 21:27:53.697 +0000,2025-03-10 21:27:53.701 +0000
2209,2037,2025-02-25 13:00:21.993 +0000,2025-03-10 21:41:31.154 +0000
2209,707,2025-02-25 13:00:21.940 +0000,2025-03-10 21:42:29.017 +0000
3417,3424,2025-03-03 21:45:15.474 +0000,2025-03-10 21:45:15.484 +0000
3777,3117,2025-03-03 21:46:50.621 +0000,2025-03-10 21:46:50.626 +0000
3793,3071,2025-03-03 21:47:23.714 +0000,2025-03-10 21:47:23.719 +0000
3747,3642,2025-03-03 22:40:06.106 +0000,2025-03-10 22:40:06.111 +0000
2941,3007,2025-03-03 22:40:30.145 +0000,2025-03-10 22:40:30.154 +0000
3200,3566,2025-03-03 22:40:55.698 +0000,2025-03-10 22:40:55.705 +0000
3200,2209,2025-03-03 22:45:28.556 +0000,2025-03-10 22:45:28.562 +0000
260,1083,2025-03-03 23:23:18.238 +0000,2025-03-10 23:23:18.244 +0000
260,3764,2025-03-03 23:23:57.927 +0000,2025-03-10 23:23:57.931 +0000
3656,3764,2025-03-04 00:25:25.342 +0000,2025-03-11 00:25:25.346 +0000
2456,940,2025-03-04 14:18:38.853 +0000,2025-03-11 14:20:03.996 +0000
3832,2371,2025-03-04 14:20:20.463 +0000,2025-03-11 14:20:20.469 +0000
3835,2294,2025-03-04 21:04:55.320 +0000,2025-03-11 21:04:55.324 +0000
3628,3594,2025-02-27 01:21:20.692 +0000,2025-03-06 01:21:20.697 +0000
3056,808,2025-02-27 01:48:58.083 +0000,2025-03-06 01:48:58.088 +0000
3056,3353,2025-02-27 01:50:55.923 +0000,2025-03-06 01:50:55.928 +0000
3695,1333,2025-02-28 19:11:38.069 +0000,2025-03-07 19:11:38.074 +0000
3628,1785,2025-02-27 01:21:35.305 +0000,2025-03-06 11:03:12.659 +0000
3650,2207,2025-02-27 12:05:48.352 +0000,2025-03-06 12:05:48.357 +0000
3695,735,2025-02-28 19:13:34.929 +0000,2025-03-07 19:13:34.935 +0000
2053,2207,2025-02-20 15:02:17.963 +0000,2025-03-06 13:35:31.797 +0000
2053,2,2025-02-20 15:02:17.963 +0000,2025-03-06 13:35:38.293 +0000
2053,2683,2025-02-20 15:02:17.963 +0000,2025-03-06 13:35:39.030 +0000
3594,1079,2025-02-27 14:37:32.703 +0000,2025-03-06 14:37:32.710 +0000
260,3653,2025-02-27 14:40:16.258 +0000,2025-03-06 14:40:16.263 +0000
3695,3435,2025-02-28 19:13:54.081 +0000,2025-03-07 19:13:54.087 +0000
3695,2375,2025-02-28 19:14:21.289 +0000,2025-03-07 19:14:21.295 +0000
3695,3602,2025-02-28 19:14:37.608 +0000,2025-03-07 19:14:37.614 +0000
3692,2375,2025-02-28 19:17:59.302 +0000,2025-03-07 19:17:59.306 +0000
3698,2360,2025-02-28 21:40:53.201 +0000,2025-03-07 21:40:53.206 +0000
3747,2053,2025-03-02 20:56:06.559 +0000,2025-03-09 20:56:06.566 +0000
3747,3693,2025-03-02 21:22:38.827 +0000,2025-03-09 21:22:38.832 +0000
3747,3716,2025-03-02 21:29:40.420 +0000,2025-03-09 21:29:40.424 +0000
3676,2175,2025-03-01 00:04:16.919 +0000,2025-03-08 00:04:43.681 +0000
11,1981,2025-03-01 13:05:39.357 +0000,2025-03-08 13:05:39.364 +0000
3692,3602,2025-03-01 13:07:32.739 +0000,2025-03-08 13:07:32.744 +0000
3692,970,2025-03-01 13:09:55.834 +0000,2025-03-08 13:09:55.839 +0000
2502,1486,2025-03-01 13:46:05.549 +0000,2025-03-08 13:46:05.554 +0000
3708,927,2025-03-01 14:03:38.553 +0000,2025-03-08 14:03:38.559 +0000
310,3523,2025-03-01 14:18:44.064 +0000,2025-03-08 14:18:44.070 +0000
3709,1526,2025-03-01 14:34:06.974 +0000,2025-03-08 14:34:06.981 +0000
2728,2440,2025-03-01 16:09:57.939 +0000,2025-03-08 16:09:57.943 +0000
2728,2876,2025-03-01 16:10:40.381 +0000,2025-03-08 16:10:40.385 +0000
3713,241,2025-03-01 16:17:04.912 +0000,2025-03-08 16:17:04.918 +0000
3716,3628,2025-03-01 18:22:49.088 +0000,2025-03-08 18:22:49.092 +0000
3693,3276,2025-03-01 22:07:22.039 +0000,2025-03-08 22:07:22.044 +0000
3749,3047,2025-03-02 21:37:27.375 +0000,2025-03-09 21:37:27.380 +0000
3749,419,2025-03-02 21:40:29.552 +0000,2025-03-09 21:40:29.558 +0000
3594,3709,2025-03-02 21:51:27.333 +0000,2025-03-09 21:51:27.338 +0000
3739,3709,2025-03-02 22:32:42.683 +0000,2025-03-09 22:32:42.688 +0000
3751,2175,2025-03-02 23:04:44.249 +0000,2025-03-09 23:04:44.254 +0000
2208,3054,2025-03-02 23:28:34.705 +0000,2025-03-09 23:28:34.710 +0000
2208,2749,2025-03-02 23:28:46.642 +0000,2025-03-09 23:28:46.649 +0000
3832,1163,2025-03-04 14:20:21.591 +0000,2025-03-11 14:20:21.597 +0000
3594,3710,2025-03-02 21:52:43.962 +0000,2025-03-10 14:16:10.077 +0000
3787,3678,2025-03-03 21:27:59.339 +0000,2025-03-10 21:27:59.344 +0000
2209,2466,2025-02-25 13:00:21.997 +0000,2025-03-10 21:42:30.732 +0000
2209,1286,2025-02-25 13:00:21.969 +0000,2025-03-10 21:42:34.654 +0000
3811,3465,2025-03-03 21:50:38.842 +0000,2025-03-10 21:50:38.847 +0000
3424,3504,2025-03-03 22:22:57.521 +0000,2025-03-10 22:22:57.527 +0000
3747,2457,2025-03-03 22:34:12.981 +0000,2025-03-10 22:34:12.987 +0000
3747,3591,2025-03-03 22:38:04.777 +0000,2025-03-10 22:38:04.783 +0000
260,2141,2025-03-03 23:22:23.701 +0000,2025-03-10 23:22:23.706 +0000
260,3661,2025-03-03 23:23:24.418 +0000,2025-03-10 23:23:24.423 +0000
260,1451,2025-03-03 23:23:47.108 +0000,2025-03-10 23:23:47.113 +0000
260,3772,2025-03-03 23:24:09.148 +0000,2025-03-10 23:24:09.154 +0000
3006,3747,2025-03-03 23:30:41.578 +0000,2025-03-10 23:30:41.583 +0000
2718,3134,2025-03-03 23:54:26.540 +0000,2025-03-10 23:54:26.546 +0000
3835,277,2025-03-04 21:04:17.426 +0000,2025-03-11 21:04:17.431 +0000
3594,48,2025-02-27 14:37:33.891 +0000,2025-03-06 14:37:33.896 +0000
3056,2134,2025-02-27 01:47:32.649 +0000,2025-03-06 01:47:32.654 +0000
3692,3683,2025-02-28 19:15:45.641 +0000,2025-03-07 19:15:45.646 +0000
260,1797,2025-02-27 14:37:53.757 +0000,2025-03-06 14:37:53.765 +0000
260,3656,2025-02-27 14:39:50.406 +0000,2025-03-06 14:39:50.411 +0000
260,2038,2025-02-27 14:40:28.698 +0000,2025-03-06 14:40:28.703 +0000
3656,3014,2025-02-28 21:25:38.513 +0000,2025-03-07 21:25:38.520 +0000
3698,3379,2025-02-28 21:39:54.861 +0000,2025-03-07 21:39:54.867 +0000
3699,3100,2025-02-28 22:12:23.504 +0000,2025-03-07 22:12:23.509 +0000
3676,751,2025-03-01 00:05:26.010 +0000,2025-03-08 00:05:26.015 +0000
3687,3523,2025-03-01 00:27:18.148 +0000,2025-03-08 00:27:18.155 +0000
3692,3628,2025-03-01 13:07:22.934 +0000,2025-03-08 13:07:22.938 +0000
3692,254,2025-03-01 13:09:41.549 +0000,2025-03-08 13:09:41.554 +0000
3692,3621,2025-03-01 13:10:34.878 +0000,2025-03-08 13:10:34.883 +0000
3708,3201,2025-03-01 14:02:13.136 +0000,2025-03-08 14:02:13.143 +0000
2728,1,2025-03-01 16:10:02.430 +0000,2025-03-08 16:10:02.436 +0000
3713,3146,2025-03-01 16:19:15.450 +0000,2025-03-08 16:19:15.456 +0000
3713,3703,2025-03-01 16:20:48.869 +0000,2025-03-08 16:20:48.875 +0000
3716,1330,2025-03-01 18:22:27.959 +0000,2025-03-08 18:22:27.964 +0000
3722,3645,2025-03-01 21:40:47.045 +0000,2025-03-08 21:40:47.050 +0000
3693,260,2025-03-01 22:09:09.132 +0000,2025-03-08 22:09:09.137 +0000
3682,3272,2025-03-01 23:09:12.173 +0000,2025-03-08 23:09:12.177 +0000
3682,1232,2025-03-01 23:09:27.160 +0000,2025-03-08 23:09:27.166 +0000
3724,3460,2025-03-01 23:12:26.236 +0000,2025-03-08 23:12:26.242 +0000
3747,388,2025-03-02 21:23:02.069 +0000,2025-03-09 21:25:13.824 +0000
3747,3460,2025-03-02 21:28:49.855 +0000,2025-03-09 21:28:49.861 +0000
3749,3201,2025-03-02 21:37:10.173 +0000,2025-03-09 21:37:10.178 +0000
3552,2980,2025-03-02 21:51:45.103 +0000,2025-03-09 21:51:45.108 +0000
3739,735,2025-03-02 22:32:38.712 +0000,2025-03-09 22:32:38.717 +0000
3751,2714,2025-03-02 23:04:45.213 +0000,2025-03-09 23:04:45.219 +0000
3787,2136,2025-03-03 21:28:01.757 +0000,2025-03-10 21:28:01.762 +0000
3747,751,2025-03-03 22:41:57.986 +0000,2025-03-10 22:41:57.991 +0000
3747,3016,2025-03-03 22:42:41.544 +0000,2025-03-10 22:42:41.548 +0000
3833,468,2025-03-04 14:26:22.317 +0000,2025-03-11 14:26:22.321 +0000
3743,3655,2025-03-04 20:34:02.156 +0000,2025-03-11 20:34:02.161 +0000
3835,2617,2025-03-04 21:04:04.838 +0000,2025-03-11 21:04:04.843 +0000
3835,3047,2025-03-04 21:04:42.620 +0000,2025-03-11 21:04:42.624 +0000
277,3054,2025-02-28 20:41:43.310 +0000,2025-03-11 21:22:54.547 +0000
277,481,2025-03-04 21:24:12.137 +0000,2025-03-11 21:24:12.143 +0000
260,978,2025-02-27 14:38:15.452 +0000,2025-03-06 14:38:15.458 +0000
2479,1163,2025-02-27 06:26:19.516 +0000,2025-03-06 20:37:57.654 +0000
3692,2457,2025-03-01 13:07:38.712 +0000,2025-03-08 13:07:38.716 +0000
3692,3523,2025-03-01 13:09:46.464 +0000,2025-03-08 13:09:46.471 +0000
3692,1325,2025-03-01 13:10:29.705 +0000,2025-03-08 13:10:29.710 +0000
2878,3054,2025-03-01 13:21:52.131 +0000,2025-03-08 13:21:52.136 +0000
2502,3620,2025-03-01 13:41:03.718 +0000,2025-03-08 13:41:03.723 +0000
2502,3187,2025-03-01 13:43:52.738 +0000,2025-03-08 13:43:52.742 +0000
2502,2683,2025-03-01 13:45:36.379 +0000,2025-03-08 13:45:36.385 +0000
3708,468,2025-03-01 14:03:24.081 +0000,2025-03-08 14:03:24.086 +0000
3709,3656,2025-03-01 14:32:07.207 +0000,2025-03-08 14:32:07.212 +0000
3709,3523,2025-03-01 14:33:45.907 +0000,2025-03-08 14:33:45.913 +0000
3628,1313,2025-02-27 11:03:53.451 +0000,2025-03-06 11:03:53.455 +0000
3650,453,2025-02-27 12:04:46.712 +0000,2025-03-06 12:04:46.716 +0000
3650,3598,2025-02-27 12:05:29.634 +0000,2025-03-06 12:05:29.639 +0000
3709,3205,2025-03-01 14:35:00.300 +0000,2025-03-08 14:35:00.306 +0000
2728,2656,2025-03-01 16:10:14.981 +0000,2025-03-08 16:10:14.988 +0000
3713,2521,2025-03-01 16:17:07.090 +0000,2025-03-08 16:17:07.096 +0000
3693,2656,2025-03-01 22:04:18.916 +0000,2025-03-08 22:04:18.922 +0000
3693,1325,2025-03-01 22:08:16.994 +0000,2025-03-08 22:08:16.998 +0000
3693,1328,2025-03-01 22:09:30.279 +0000,2025-03-08 22:09:30.284 +0000
2371,334,2025-03-01 22:10:18.985 +0000,2025-03-08 22:10:18.989 +0000
3682,3085,2025-03-01 23:09:18.926 +0000,2025-03-08 23:09:18.931 +0000
3747,1108,2025-03-02 21:27:02.448 +0000,2025-03-09 21:27:02.453 +0000
3747,2067,2025-03-02 21:29:59.618 +0000,2025-03-09 21:29:59.624 +0000
3749,927,2025-03-02 21:37:11.240 +0000,2025-03-09 21:37:11.246 +0000
3552,3670,2025-03-02 21:51:40.079 +0000,2025-03-09 21:51:40.083 +0000
3751,2692,2025-03-02 23:05:25.460 +0000,2025-03-09 23:05:25.465 +0000
2208,1325,2025-03-02 23:28:25.180 +0000,2025-03-09 23:28:25.185 +0000
3699,3749,2025-03-02 23:55:08.600 +0000,2025-03-09 23:55:08.605 +0000
3789,3391,2025-03-03 21:32:38.670 +0000,2025-03-10 21:32:38.676 +0000
3788,1546,2025-03-03 21:34:44.238 +0000,2025-03-10 21:34:44.242 +0000
3788,3159,2025-03-03 21:36:59.884 +0000,2025-03-10 21:36:59.890 +0000
3417,3127,2025-03-03 21:45:45.767 +0000,2025-03-10 21:45:45.773 +0000
3747,3508,2025-03-03 22:40:42.022 +0000,2025-03-10 22:40:42.027 +0000
260,1027,2025-03-03 23:22:24.702 +0000,2025-03-10 23:22:24.707 +0000
260,3695,2025-03-03 23:23:54.136 +0000,2025-03-10 23:23:54.141 +0000
1330,3564,2025-03-05 03:24:23.632 +0000,2025-03-12 03:24:23.637 +0000
1451,3682,2025-03-05 10:25:25.790 +0000,2025-03-12 10:25:25.795 +0000
3204,1180,2025-03-05 11:15:44.567 +0000,2025-03-12 11:15:44.573 +0000
3838,3739,2025-03-05 12:08:05.457 +0000,2025-03-12 12:08:05.462 +0000
3656,2300,2025-03-05 02:25:38.266 +0000,2025-03-12 15:09:01.445 +0000
260,2878,2025-03-03 23:23:16.061 +0000,2025-03-10 23:23:16.066 +0000
260,3220,2025-03-03 23:23:41.249 +0000,2025-03-10 23:23:41.255 +0000
3838,3220,2025-03-05 12:26:54.908 +0000,2025-03-12 12:44:39.773 +0000
260,1163,2025-03-03 23:24:00.306 +0000,2025-03-10 23:24:00.313 +0000
3816,3584,2025-03-03 23:36:57.393 +0000,2025-03-10 23:36:57.398 +0000
3816,3117,2025-03-03 23:37:39.729 +0000,2025-03-10 23:37:39.735 +0000
1330,2625,2025-03-05 03:24:20.693 +0000,2025-03-12 03:24:20.698 +0000
1603,3054,2025-03-05 12:01:13.126 +0000,2025-03-12 12:01:13.131 +0000
3838,3695,2025-03-05 12:08:08.950 +0000,2025-03-12 12:08:08.956 +0000
3650,2469,2025-02-27 12:03:41.624 +0000,2025-03-06 12:03:41.629 +0000
3650,3155,2025-02-27 12:04:43.452 +0000,2025-03-06 12:04:43.459 +0000
3055,1075,2025-02-27 14:41:39.003 +0000,2025-03-06 14:41:39.018 +0000
3055,3184,2025-02-27 14:42:19.178 +0000,2025-03-06 14:42:19.187 +0000
260,1179,2025-02-27 14:49:25.975 +0000,2025-03-06 14:49:25.980 +0000
3661,3602,2025-02-27 15:28:04.130 +0000,2025-03-06 15:28:04.134 +0000
3661,2457,2025-02-27 15:31:08.435 +0000,2025-03-06 15:31:08.440 +0000
3661,3628,2025-02-27 15:32:02.422 +0000,2025-03-06 15:32:02.427 +0000
2776,1590,2025-02-27 15:48:26.676 +0000,2025-03-06 15:48:26.681 +0000
3662,2714,2025-02-27 15:56:25.900 +0000,2025-03-06 15:56:25.907 +0000
1546,2037,2025-02-27 16:12:30.806 +0000,2025-03-06 16:12:30.811 +0000
213,3564,2025-02-27 16:47:47.846 +0000,2025-03-06 16:47:47.851 +0000
3038,1223,2025-02-27 18:15:26.607 +0000,2025-03-06 18:15:26.612 +0000
3038,816,2025-02-27 18:16:07.111 +0000,2025-03-06 18:16:07.117 +0000
3067,1861,2025-02-27 18:22:38.924 +0000,2025-03-06 18:22:38.928 +0000
3661,1526,2025-02-27 15:32:18.641 +0000,2025-03-06 20:33:23.771 +0000
3661,3508,2025-02-27 20:33:28.723 +0000,2025-03-06 20:33:28.728 +0000
3676,2371,2025-02-27 23:25:44.703 +0000,2025-03-06 23:25:44.708 +0000
1330,1163,2025-03-05 03:24:22.242 +0000,2025-03-12 03:24:22.248 +0000
3564,2300,2025-03-05 06:30:53.704 +0000,2025-03-12 06:30:53.708 +0000
1451,3642,2025-03-05 10:28:58.454 +0000,2025-03-12 10:28:58.458 +0000
2713,3592,2025-02-25 23:20:59.070 +0000,2025-03-07 14:15:21.493 +0000
3582,3655,2025-03-05 10:57:03.851 +0000,2025-03-12 10:57:03.858 +0000
1603,2315,2025-03-05 12:01:31.110 +0000,2025-03-12 12:01:31.115 +0000
3838,1330,2025-03-05 12:25:45.069 +0000,2025-03-12 12:25:45.074 +0000
3650,2704,2025-02-27 12:04:40.783 +0000,2025-03-06 12:04:40.788 +0000
3650,2566,2025-02-27 12:04:59.417 +0000,2025-03-06 12:04:59.423 +0000
3055,2460,2025-02-27 14:41:39.749 +0000,2025-03-06 14:41:39.755 +0000
1937,2527,2025-02-27 14:46:27.280 +0000,2025-03-06 14:46:27.285 +0000
260,1916,2025-02-27 14:49:43.257 +0000,2025-03-06 14:49:43.262 +0000
260,3085,2025-02-27 14:50:02.216 +0000,2025-03-06 14:50:02.220 +0000
213,3594,2025-02-27 15:00:44.177 +0000,2025-03-06 15:00:44.182 +0000
213,867,2025-02-27 15:01:18.733 +0000,2025-03-06 15:01:18.738 +0000
3661,2714,2025-02-27 15:31:31.105 +0000,2025-03-06 15:31:31.110 +0000
3660,2211,2025-02-27 15:45:44.060 +0000,2025-03-06 15:45:54.436 +0000
213,3656,2025-02-27 16:47:19.569 +0000,2025-03-06 16:47:19.574 +0000
978,2440,2025-02-27 17:56:48.888 +0000,2025-03-06 17:56:48.893 +0000
3661,2749,2025-02-27 20:33:42.947 +0000,2025-03-06 20:33:46.500 +0000
3665,3007,2025-02-27 22:49:57.738 +0000,2025-03-06 22:49:57.743 +0000
3665,2749,2025-02-27 22:50:56.913 +0000,2025-03-06 22:50:56.917 +0000
3672,3332,2025-02-27 21:53:46.635 +0000,2025-03-06 23:44:52.391 +0000
1330,3146,2025-03-05 03:24:38.184 +0000,2025-03-12 03:24:38.190 +0000
1451,1330,2025-03-05 10:28:04.214 +0000,2025-03-12 10:28:04.220 +0000
3204,1526,2025-03-05 11:16:06.984 +0000,2025-03-12 11:16:06.988 +0000
1603,1079,2025-03-05 12:02:14.301 +0000,2025-03-12 12:02:14.307 +0000
1451,352,2025-03-05 12:05:51.200 +0000,2025-03-12 12:07:54.533 +0000
260,3506,2025-02-27 14:41:43.285 +0000,2025-03-06 14:41:43.300 +0000
260,3137,2025-02-27 14:41:49.856 +0000,2025-03-06 14:41:49.861 +0000
260,1585,2025-02-27 14:41:51.333 +0000,2025-03-06 14:41:51.337 +0000
3055,2085,2025-02-27 14:42:12.660 +0000,2025-03-06 14:42:12.668 +0000
3055,1526,2025-02-27 14:42:26.654 +0000,2025-03-06 14:42:26.660 +0000
260,3308,2025-02-27 14:49:41.955 +0000,2025-03-06 14:49:41.961 +0000
260,2175,2025-02-27 14:49:47.815 +0000,2025-03-06 14:49:47.820 +0000
260,3621,2025-02-27 14:49:55.896 +0000,2025-03-06 14:49:55.901 +0000
260,3565,2025-02-27 14:50:07.255 +0000,2025-03-06 14:50:07.260 +0000
260,2692,2025-02-27 14:50:15.020 +0000,2025-03-06 14:50:15.024 +0000
260,2980,2025-02-27 14:50:34.061 +0000,2025-03-06 14:50:34.065 +0000
260,3598,2025-02-27 14:50:49.495 +0000,2025-03-06 14:50:49.500 +0000
213,1034,2025-02-27 15:00:40.748 +0000,2025-03-06 15:00:40.753 +0000
213,3094,2025-02-27 15:01:13.402 +0000,2025-03-06 15:01:13.408 +0000
3660,2617,2025-02-27 15:25:07.336 +0000,2025-03-06 15:25:07.341 +0000
3661,1330,2025-02-27 15:27:28.507 +0000,2025-03-06 15:27:28.514 +0000
3660,468,2025-02-27 15:27:53.045 +0000,2025-03-06 15:27:53.050 +0000
3661,2878,2025-02-27 15:28:28.549 +0000,2025-03-06 15:28:28.553 +0000
3661,3642,2025-02-27 15:30:55.985 +0000,2025-03-06 15:30:55.990 +0000
3661,3523,2025-02-27 15:32:06.741 +0000,2025-03-06 15:32:06.749 +0000
3660,2694,2025-02-27 15:36:09.159 +0000,2025-03-06 15:36:09.165 +0000
3660,50,2025-02-27 15:37:18.319 +0000,2025-03-06 15:37:18.324 +0000
3660,2941,2025-02-27 15:41:47.211 +0000,2025-03-06 15:41:54.972 +0000
3660,1079,2025-02-27 15:45:33.161 +0000,2025-03-06 15:45:33.166 +0000
3662,3621,2025-02-27 15:56:48.553 +0000,2025-03-06 15:57:06.062 +0000
3662,3204,2025-02-27 16:03:40.808 +0000,2025-03-06 16:03:44.324 +0000
3662,3049,2025-02-27 16:04:52.190 +0000,2025-03-06 16:04:52.195 +0000
213,3642,2025-02-27 16:45:57.459 +0000,2025-03-06 16:45:57.464 +0000
3594,3661,2025-02-27 17:06:40.109 +0000,2025-03-07 03:00:34.723 +0000
1330,3085,2025-03-05 03:24:39.874 +0000,2025-03-12 03:24:39.878 +0000
3836,2551,2025-03-05 05:19:31.966 +0000,2025-03-12 05:19:31.972 +0000
3595,3345,2025-03-05 10:38:28.225 +0000,2025-03-12 10:38:28.231 +0000
260,2223,2025-02-27 14:41:53.296 +0000,2025-03-06 14:41:53.303 +0000
260,2784,2025-02-27 14:49:35.947 +0000,2025-03-06 14:49:35.952 +0000
260,2714,2025-02-27 14:50:10.200 +0000,2025-03-06 14:50:10.206 +0000
978,213,2025-02-27 17:56:49.727 +0000,2025-03-06 17:56:49.733 +0000
2001,1265,2025-02-27 17:58:18.078 +0000,2025-03-06 17:58:23.967 +0000
3038,970,2025-02-27 18:16:08.285 +0000,2025-03-06 18:16:08.289 +0000
3676,260,2025-02-27 23:24:28.001 +0000,2025-03-06 23:24:47.317 +0000
1330,3594,2025-03-05 03:24:46.669 +0000,2025-03-12 03:24:46.674 +0000
3836,3283,2025-03-05 05:20:53.478 +0000,2025-03-12 05:20:53.483 +0000
1451,3692,2025-03-05 10:12:43.935 +0000,2025-03-12 10:12:43.941 +0000
1451,2963,2025-03-05 10:26:34.300 +0000,2025-03-12 10:26:34.306 +0000
3595,3504,2025-03-05 10:40:43.019 +0000,2025-03-12 10:40:43.026 +0000
1603,970,2025-03-05 12:01:07.193 +0000,2025-03-12 12:01:07.198 +0000
1603,1923,2025-03-05 12:01:18.799 +0000,2025-03-12 12:01:18.806 +0000
1451,2375,2025-03-05 12:04:38.949 +0000,2025-03-12 12:04:38.954 +0000
3838,3205,2025-03-05 12:25:44.178 +0000,2025-03-12 12:25:44.182 +0000
2981,3553,2025-02-25 13:15:38.455 +0000,2025-03-05 13:25:56.638 +0000
260,3536,2025-02-27 14:49:40.851 +0000,2025-03-06 14:49:40.857 +0000
3660,3209,2025-02-27 15:25:02.441 +0000,2025-03-06 15:25:02.448 +0000
3661,3182,2025-02-27 15:30:31.017 +0000,2025-03-06 15:30:31.023 +0000
3661,1083,2025-02-27 15:31:16.694 +0000,2025-03-06 15:31:16.698 +0000
3660,2218,2025-02-27 15:36:53.418 +0000,2025-03-06 15:36:53.424 +0000
213,2941,2025-02-27 16:49:42.472 +0000,2025-03-06 16:49:42.476 +0000
3836,3350,2025-03-05 05:21:23.859 +0000,2025-03-12 05:21:23.863 +0000
2693,2475,2025-03-05 09:42:52.039 +0000,2025-03-12 09:42:52.045 +0000
1330,3631,2025-03-05 03:24:52.365 +0000,2025-03-12 10:38:18.219 +0000
3204,2288,2025-03-05 11:16:01.557 +0000,2025-03-12 11:16:01.562 +0000
1603,2142,2025-03-05 12:00:59.916 +0000,2025-03-12 12:00:59.921 +0000
260,713,2025-02-27 14:50:08.674 +0000,2025-03-06 14:50:08.680 +0000
260,2396,2025-02-27 14:56:44.402 +0000,2025-03-06 14:56:44.408 +0000
213,2142,2025-02-27 15:00:53.850 +0000,2025-03-06 15:00:53.855 +0000
3661,1451,2025-02-27 15:28:42.637 +0000,2025-03-06 15:28:42.642 +0000
3660,2692,2025-02-27 15:36:27.738 +0000,2025-03-06 15:36:27.742 +0000
3067,921,2025-02-27 18:22:33.884 +0000,2025-03-06 18:22:33.889 +0000
3661,3506,2025-02-27 20:33:27.323 +0000,2025-03-06 20:33:27.331 +0000
2588,468,2025-02-27 17:57:20.758 +0000,2025-03-06 20:36:01.965 +0000
3127,3572,2025-02-27 21:33:38.428 +0000,2025-03-07 09:56:09.219 +0000
3836,3824,2025-03-05 05:15:27.254 +0000,2025-03-12 05:15:27.259 +0000
260,2694,2025-02-27 14:50:25.175 +0000,2025-03-06 14:50:25.180 +0000
2981,2532,2025-02-25 13:15:38.436 +0000,2025-03-05 13:26:10.128 +0000
260,3311,2025-02-27 14:50:44.097 +0000,2025-03-06 14:50:44.102 +0000
213,2033,2025-02-27 14:59:21.408 +0000,2025-03-06 14:59:21.414 +0000
213,3577,2025-02-27 15:00:54.985 +0000,2025-03-06 15:00:54.990 +0000
213,3539,2025-02-27 15:01:16.817 +0000,2025-03-06 15:01:16.826 +0000
3660,481,2025-02-27 15:27:11.953 +0000,2025-03-06 15:27:18.638 +0000
3661,3539,2025-02-27 15:28:45.337 +0000,2025-03-06 15:28:47.583 +0000
3661,735,2025-02-27 15:30:58.761 +0000,2025-03-06 15:31:19.716 +0000
3661,2342,2025-02-27 15:31:52.756 +0000,2025-03-06 15:31:52.761 +0000
3660,970,2025-02-27 15:36:30.004 +0000,2025-03-06 15:36:30.011 +0000
3660,1027,2025-02-27 15:43:10.204 +0000,2025-03-06 15:43:16.006 +0000
3662,713,2025-02-27 16:02:50.493 +0000,2025-03-06 16:02:50.499 +0000
978,3308,2025-02-27 17:56:47.948 +0000,2025-03-06 17:56:47.954 +0000
3038,791,2025-02-27 18:15:42.203 +0000,2025-03-06 18:15:42.207 +0000
3038,2142,2025-02-27 18:16:34.157 +0000,2025-03-06 18:16:34.162 +0000
3038,2683,2025-02-27 18:16:53.800 +0000,2025-03-06 18:17:24.359 +0000
3661,3621,2025-02-27 20:33:34.675 +0000,2025-03-06 20:33:34.680 +0000
3127,2582,2025-02-27 21:32:51.478 +0000,2025-03-06 21:32:51.482 +0000
3661,2171,2025-02-27 21:59:49.268 +0000,2025-03-06 22:00:10.461 +0000
2001,2783,2025-02-27 22:42:29.774 +0000,2025-03-06 22:42:29.779 +0000
3676,3423,2025-02-27 23:25:48.846 +0000,2025-03-06 23:25:48.851 +0000
3676,2952,2025-02-27 23:26:19.902 +0000,2025-03-06 23:26:19.908 +0000
3676,3390,2025-02-27 23:26:28.469 +0000,2025-03-07 09:46:49.596 +0000
3836,3056,2025-03-05 05:18:02.407 +0000,2025-03-12 05:18:02.412 +0000
1603,512,2025-03-05 12:01:55.010 +0000,2025-03-12 12:01:55.017 +0000
3838,3628,2025-03-05 12:08:46.708 +0000,2025-03-12 12:23:14.281 +0000
3617,2984,2025-02-25 22:46:43.589 +0000,2025-03-05 12:29:06.972 +0000
260,3049,2025-02-27 14:50:30.296 +0000,2025-03-06 14:50:30.302 +0000
213,3561,2025-02-27 15:00:37.602 +0000,2025-03-06 15:00:37.607 +0000
213,3628,2025-02-27 15:01:11.887 +0000,2025-03-06 15:01:11.892 +0000
3660,3507,2025-02-27 15:25:01.425 +0000,2025-03-06 15:25:01.430 +0000
3661,2085,2025-02-27 15:30:36.301 +0000,2025-03-06 15:30:36.306 +0000
3661,3184,2025-02-27 15:30:57.428 +0000,2025-03-06 15:30:57.435 +0000
3661,3094,2025-02-27 15:31:39.389 +0000,2025-03-06 15:31:39.396 +0000
3660,3007,2025-02-27 15:36:51.228 +0000,2025-03-06 15:36:51.233 +0000
3662,2175,2025-02-27 16:01:00.403 +0000,2025-03-06 16:01:31.115 +0000
3662,48,2025-02-27 16:02:46.615 +0000,2025-03-06 16:02:46.620 +0000
213,3523,2025-02-27 16:47:50.333 +0000,2025-03-06 16:47:50.338 +0000
2001,1897,2025-02-27 17:58:35.038 +0000,2025-03-06 17:58:35.043 +0000
3038,3007,2025-02-27 18:16:15.202 +0000,2025-03-06 18:16:15.207 +0000
3038,512,2025-02-27 18:16:56.370 +0000,2025-03-06 18:16:56.376 +0000
3127,2222,2025-02-27 21:33:17.634 +0000,2025-03-06 21:33:17.639 +0000
2001,2738,2025-02-27 22:42:28.643 +0000,2025-03-06 22:42:28.649 +0000
3676,1526,2025-02-27 23:24:01.345 +0000,2025-03-06 23:24:01.351 +0000
3676,2085,2025-02-27 23:25:46.775 +0000,2025-03-06 23:25:46.781 +0000
3836,3684,2025-03-05 05:20:38.367 +0000,2025-03-12 05:20:38.373 +0000
1451,3695,2025-03-05 10:28:58.424 +0000,2025-03-12 10:28:58.431 +0000
3387,3630,2025-02-27 21:56:18.331 +0000,2025-03-08 01:08:15.760 +0000
260,3520,2025-02-27 14:56:49.936 +0000,2025-03-10 23:21:56.741 +0000
1546,3834,2025-03-05 11:57:18.389 +0000,2025-03-12 11:57:18.395 +0000
1732,1434,2025-03-05 12:12:08.053 +0000,2025-03-12 12:12:08.059 +0000
3838,2878,2025-03-05 12:26:32.125 +0000,2025-03-12 12:26:32.131 +0000
213,2952,2025-02-27 15:00:18.715 +0000,2025-03-06 15:00:18.720 +0000
3660,3286,2025-02-27 15:25:10.302 +0000,2025-03-06 15:25:21.155 +0000
3660,2741,2025-02-27 15:27:54.602 +0000,2025-03-06 15:27:54.607 +0000
3661,260,2025-02-27 15:31:40.721 +0000,2025-03-06 15:31:57.551 +0000
3661,2936,2025-02-27 15:32:09.678 +0000,2025-03-06 15:32:09.683 +0000
3660,3204,2025-02-27 15:46:16.468 +0000,2025-03-06 15:46:38.837 +0000
3662,3311,2025-02-27 16:02:52.064 +0000,2025-03-06 16:03:11.458 +0000
3662,50,2025-02-27 16:04:45.553 +0000,2025-03-06 16:04:45.559 +0000
2001,1915,2025-02-27 17:58:03.058 +0000,2025-03-06 17:58:03.067 +0000
3067,1028,2025-02-27 18:22:35.468 +0000,2025-03-06 18:22:35.472 +0000
3661,2692,2025-02-27 21:59:34.868 +0000,2025-03-06 21:59:34.872 +0000
3836,3229,2025-03-05 05:25:12.345 +0000,2025-03-12 05:25:12.351 +0000
1451,3049,2025-03-05 12:02:09.960 +0000,2025-03-12 12:02:09.965 +0000
2502,1450,2025-02-24 17:23:43.890 +0000,2025-03-08 00:05:48.668 +0000
2502,2993,2025-02-24 17:23:43.873 +0000,2025-03-08 00:06:14.142 +0000
1451,2136,2025-03-05 12:05:07.708 +0000,2025-03-12 12:05:07.713 +0000
3296,2207,2025-02-24 20:25:34.894 +0000,2025-03-08 01:49:30.659 +0000
3204,2541,2025-03-05 11:16:14.830 +0000,2025-03-12 15:32:05.215 +0000
213,1451,2025-02-27 15:00:48.773 +0000,2025-03-06 15:00:48.779 +0000
3661,2375,2025-02-27 15:30:54.487 +0000,2025-03-06 15:30:54.492 +0000
3660,3536,2025-02-27 15:44:02.283 +0000,2025-03-06 15:44:02.287 +0000
3660,2142,2025-02-27 15:45:28.767 +0000,2025-03-06 15:45:28.772 +0000
3662,3656,2025-02-27 16:04:48.938 +0000,2025-03-06 16:04:48.942 +0000
3038,3656,2025-02-27 18:16:50.871 +0000,2025-03-06 18:17:03.984 +0000
3038,2207,2025-02-27 18:17:22.597 +0000,2025-03-06 18:17:26.299 +0000
3670,3014,2025-02-27 20:44:57.795 +0000,2025-03-06 20:45:06.779 +0000
3127,194,2025-02-27 21:33:06.343 +0000,2025-03-06 21:33:06.350 +0000
3661,970,2025-02-27 20:34:05.620 +0000,2025-03-06 21:59:28.781 +0000
1451,601,2025-03-05 10:25:49.610 +0000,2025-03-12 10:25:49.615 +0000
1451,2878,2025-03-05 10:28:29.801 +0000,2025-03-12 10:28:29.807 +0000
2502,2142,2025-02-24 17:23:43.847 +0000,2025-03-08 00:05:46.172 +0000
2502,512,2025-02-24 17:23:43.880 +0000,2025-03-08 00:06:11.477 +0000
3296,2704,2025-02-24 20:25:34.883 +0000,2025-03-08 01:49:42.692 +0000
1546,2546,2025-02-27 16:12:36.678 +0000,2025-03-10 13:00:36.354 +0000
3204,1998,2025-03-05 11:15:34.014 +0000,2025-03-12 11:15:34.020 +0000
3838,735,2025-03-05 12:26:31.257 +0000,2025-03-12 12:26:31.262 +0000
213,3602,2025-02-27 15:00:49.827 +0000,2025-03-06 15:00:49.832 +0000
3661,3435,2025-02-27 15:27:43.277 +0000,2025-03-06 15:27:43.282 +0000
3660,3656,2025-02-27 15:44:29.912 +0000,2025-03-06 15:45:02.901 +0000
3038,2456,2025-02-27 18:16:01.297 +0000,2025-03-06 18:16:01.303 +0000
3038,2460,2025-02-27 18:16:16.444 +0000,2025-03-06 18:16:16.451 +0000
3661,12,2025-02-27 20:33:19.421 +0000,2025-03-06 20:33:19.426 +0000
3127,2706,2025-02-27 21:33:32.239 +0000,2025-03-06 21:33:32.244 +0000
3676,2876,2025-02-27 23:25:47.742 +0000,2025-03-06 23:25:47.746 +0000
3676,596,2025-02-27 23:26:18.066 +0000,2025-03-06 23:26:18.073 +0000
213,2136,2025-02-27 16:49:45.302 +0000,2025-03-07 04:45:40.918 +0000
1573,1042,2025-02-27 15:37:00.659 +0000,2025-03-07 20:52:59.172 +0000
2502,818,2025-02-24 17:23:43.887 +0000,2025-03-08 00:04:42.275 +0000
2502,1057,2025-02-24 17:23:43.869 +0000,2025-03-08 00:05:51.223 +0000
1028,419,2025-02-24 18:59:39.915 +0000,2025-03-09 14:46:00.783 +0000
1451,3539,2025-03-05 10:27:53.350 +0000,2025-03-12 10:27:53.356 +0000
3204,3621,2025-03-05 11:15:31.236 +0000,2025-03-12 11:15:31.241 +0000
1451,3683,2025-03-05 12:02:41.414 +0000,2025-03-12 12:02:41.420 +0000
213,2878,2025-02-27 15:00:52.159 +0000,2025-03-06 15:00:52.164 +0000
3659,3621,2025-02-27 15:04:40.108 +0000,2025-03-06 15:04:40.113 +0000
3661,213,2025-02-27 15:28:15.497 +0000,2025-03-06 15:28:15.503 +0000
3660,1028,2025-02-27 15:27:59.182 +0000,2025-03-06 15:28:29.815 +0000
3661,352,2025-02-27 15:28:35.369 +0000,2025-03-06 15:28:35.375 +0000
3661,2136,2025-02-27 15:31:21.718 +0000,2025-03-06 15:31:21.723 +0000
3661,2371,2025-02-27 15:32:01.080 +0000,2025-03-06 15:32:01.085 +0000
3660,3621,2025-02-27 15:36:46.088 +0000,2025-03-06 15:36:46.093 +0000
3660,3598,2025-02-27 15:37:16.390 +0000,2025-03-06 15:37:16.394 +0000
3660,48,2025-02-27 15:44:29.022 +0000,2025-03-06 15:44:29.027 +0000
3662,2980,2025-02-27 16:02:48.645 +0000,2025-03-06 16:02:48.650 +0000
3662,3007,2025-02-27 16:04:54.163 +0000,2025-03-06 16:04:54.168 +0000
3038,2359,2025-02-27 18:16:20.961 +0000,2025-03-06 18:16:20.966 +0000
3661,3594,2025-02-27 15:32:11.094 +0000,2025-03-06 20:33:21.606 +0000
2502,1621,2025-02-24 17:23:43.893 +0000,2025-03-08 00:04:52.044 +0000
2502,2460,2025-02-24 17:23:43.877 +0000,2025-03-08 00:06:03.928 +0000
1451,1083,2025-03-05 10:28:24.087 +0000,2025-03-12 10:28:24.091 +0000
1451,1080,2025-03-05 10:29:30.994 +0000,2025-03-12 12:01:11.673 +0000
1603,2207,2025-03-05 12:01:43.208 +0000,2025-03-12 12:01:43.213 +0000
3660,1574,2025-02-27 15:27:11.142 +0000,2025-03-06 15:27:11.148 +0000
3661,1080,2025-02-27 15:31:11.336 +0000,2025-03-06 15:31:11.342 +0000
3661,553,2025-02-27 15:32:04.434 +0000,2025-03-06 15:32:04.441 +0000
3067,468,2025-02-27 18:22:36.767 +0000,2025-03-06 18:22:36.772 +0000
3676,3272,2025-02-27 23:25:45.751 +0000,2025-03-06 23:25:45.756 +0000
1451,2457,2025-03-05 10:28:42.357 +0000,2025-03-12 10:28:42.362 +0000
3595,3720,2025-03-05 10:39:38.666 +0000,2025-03-12 10:39:38.671 +0000
3204,1259,2025-03-05 11:15:47.332 +0000,2025-03-12 11:15:47.337 +0000
1603,816,2025-03-05 12:01:14.645 +0000,2025-03-12 12:01:14.650 +0000
3838,1083,2025-03-05 12:08:12.580 +0000,2025-03-12 12:08:12.585 +0000
1732,1027,2025-03-05 12:12:10.020 +0000,2025-03-12 12:13:11.602 +0000
3661,2963,2025-02-27 15:31:18.230 +0000,2025-03-06 15:31:18.235 +0000
3661,3049,2025-02-27 15:32:08.207 +0000,2025-03-06 15:32:08.212 +0000
3662,2692,2025-02-27 16:00:56.215 +0000,2025-03-06 16:02:18.378 +0000
3067,876,2025-02-27 18:22:38.116 +0000,2025-03-06 18:22:38.121 +0000
3676,2936,2025-02-27 23:26:21.327 +0000,2025-03-06 23:26:21.332 +0000
1232,1897,2025-02-24 14:55:30.769 +0000,2025-03-09 13:00:59.710 +0000
3595,3352,2025-03-05 10:38:17.931 +0000,2025-03-12 10:38:17.936 +0000
1603,48,2025-03-05 12:02:14.273 +0000,2025-03-12 12:02:14.278 +0000
1732,1269,2025-03-05 12:11:54.917 +0000,2025-03-12 12:11:54.925 +0000
3660,713,2025-02-27 15:44:15.193 +0000,2025-03-06 15:44:15.200 +0000
3662,3598,2025-02-27 16:02:44.905 +0000,2025-03-06 16:02:44.910 +0000
1546,2209,2025-02-27 16:12:13.734 +0000,2025-03-06 16:12:13.740 +0000
3661,538,2025-02-27 20:33:30.202 +0000,2025-03-06 20:33:30.208 +0000
3661,2218,2025-02-27 20:34:04.419 +0000,2025-03-06 20:34:04.424 +0000
3676,213,2025-02-27 23:25:02.647 +0000,2025-03-06 23:25:02.653 +0000
3204,3487,2025-03-05 11:15:20.836 +0000,2025-03-12 11:15:20.841 +0000
3204,2975,2025-03-05 11:16:04.961 +0000,2025-03-12 11:16:04.966 +0000
2776,464,2025-02-27 15:48:23.821 +0000,2025-03-06 15:48:23.826 +0000
2001,621,2025-02-27 17:58:12.313 +0000,2025-03-06 17:58:12.318 +0000
2001,2363,2025-02-27 18:07:50.618 +0000,2025-03-06 18:07:50.623 +0000
3038,1077,2025-02-27 18:15:45.844 +0000,2025-03-06 18:15:45.849 +0000
3661,2175,2025-02-27 20:33:37.590 +0000,2025-03-06 20:33:37.595 +0000
3673,3615,2025-02-27 22:30:40.379 +0000,2025-03-06 22:36:35.264 +0000
2001,1670,2025-02-27 22:42:23.923 +0000,2025-03-06 22:42:23.928 +0000
3676,3561,2025-02-27 23:24:56.335 +0000,2025-03-06 23:24:56.342 +0000
3676,1490,2025-02-27 23:25:54.015 +0000,2025-03-06 23:25:54.020 +0000
1546,3200,2025-03-05 11:57:16.658 +0000,2025-03-12 11:57:16.663 +0000
1451,3709,2025-03-05 12:01:47.023 +0000,2025-03-12 12:01:47.028 +0000
1451,1163,2025-03-05 12:04:09.701 +0000,2025-03-12 12:04:09.707 +0000
3838,2963,2025-03-05 12:06:44.615 +0000,2025-03-12 12:06:44.621 +0000
3838,1163,2025-03-05 12:08:01.862 +0000,2025-03-12 12:08:01.867 +0000
3838,867,2025-03-05 12:25:53.547 +0000,2025-03-12 12:25:53.552 +0000
2502,2315,2025-02-24 17:23:43.863 +0000,2025-03-08 00:05:43.724 +0000
1451,3661,2025-03-05 12:01:41.437 +0000,2025-03-12 12:01:41.442 +0000
1451,2300,2025-03-05 12:03:51.695 +0000,2025-03-12 12:03:51.700 +0000
3838,2136,2025-03-05 12:07:58.434 +0000,2025-03-12 12:07:58.438 +0000
2001,2436,2025-02-27 17:58:08.706 +0000,2025-03-06 17:58:08.711 +0000
3038,1027,2025-02-27 18:15:59.786 +0000,2025-03-06 18:15:59.793 +0000
3673,3367,2025-02-27 22:30:17.177 +0000,2025-03-06 22:30:17.182 +0000
538,2250,2025-02-23 13:01:39.537 +0000,2025-03-06 13:04:00.512 +0000
3127,488,2025-02-27 21:32:55.489 +0000,2025-03-06 21:32:55.495 +0000
3661,3272,2025-02-27 21:59:36.568 +0000,2025-03-06 21:59:36.574 +0000
3676,538,2025-02-27 23:26:22.548 +0000,2025-03-07 09:46:47.681 +0000
2963,2457,2025-02-23 13:05:14.932 +0000,2025-03-12 14:06:09.240 +0000
751,506,2025-02-28 00:29:53.383 +0000,2025-03-07 00:29:53.388 +0000
2040,417,2025-02-28 01:38:27.321 +0000,2025-03-07 01:38:33.786 +0000
3055,751,2025-02-28 02:01:39.189 +0000,2025-03-07 02:01:39.194 +0000
3055,2171,2025-02-28 02:02:41.292 +0000,2025-03-07 02:02:41.301 +0000
213,883,2025-02-28 04:51:40.910 +0000,2025-03-07 04:51:40.915 +0000
1526,2952,2025-02-28 06:45:41.688 +0000,2025-03-07 06:45:41.693 +0000
3681,3538,2025-02-28 10:10:51.181 +0000,2025-03-07 10:10:51.186 +0000
3682,12,2025-02-28 10:31:09.476 +0000,2025-03-07 10:44:36.567 +0000
2347,3286,2025-02-28 01:29:10.741 +0000,2025-03-07 01:29:10.749 +0000
2347,3502,2025-02-28 01:32:40.906 +0000,2025-03-07 01:32:40.911 +0000
2040,3645,2025-02-28 01:37:52.303 +0000,2025-03-07 01:37:52.309 +0000
1526,2638,2025-02-28 06:43:06.408 +0000,2025-03-07 06:43:06.413 +0000
2040,3047,2025-02-28 01:38:39.775 +0000,2025-03-07 01:39:05.756 +0000
1526,2530,2025-02-28 06:43:59.450 +0000,2025-03-07 06:43:59.454 +0000
2347,468,2025-02-28 01:29:40.358 +0000,2025-03-07 01:29:40.365 +0000
2347,876,2025-02-28 01:31:02.107 +0000,2025-03-07 01:31:02.111 +0000
3055,553,2025-02-28 01:56:41.210 +0000,2025-03-07 01:56:41.216 +0000
3594,3137,2025-02-28 03:03:00.378 +0000,2025-03-07 03:03:00.383 +0000
3594,3219,2025-02-28 03:03:14.951 +0000,2025-03-07 03:03:14.956 +0000
3678,260,2025-02-28 04:57:52.690 +0000,2025-03-07 04:57:52.696 +0000
1526,1475,2025-02-28 06:44:35.948 +0000,2025-03-07 06:45:01.593 +0000
1526,551,2025-02-28 06:45:57.048 +0000,2025-03-07 06:45:57.056 +0000
3676,2211,2025-02-28 09:47:06.848 +0000,2025-03-07 09:47:06.853 +0000
2347,3491,2025-02-28 01:29:53.981 +0000,2025-03-07 01:29:53.987 +0000
1526,2085,2025-02-28 06:43:43.053 +0000,2025-03-07 06:43:43.059 +0000
3676,3508,2025-02-28 09:47:11.193 +0000,2025-03-07 09:47:11.198 +0000
3676,2941,2025-02-28 09:54:26.090 +0000,2025-03-07 09:54:26.095 +0000
3683,1451,2025-02-28 10:48:28.946 +0000,2025-03-07 10:48:28.951 +0000
2347,1900,2025-02-28 01:30:29.941 +0000,2025-03-07 01:30:29.946 +0000
3678,1163,2025-02-28 04:57:20.782 +0000,2025-03-07 04:57:20.788 +0000
3678,3564,2025-02-28 04:57:54.671 +0000,2025-03-07 04:58:04.359 +0000
1526,606,2025-02-28 06:45:55.228 +0000,2025-03-07 06:45:55.232 +0000
1526,3184,2025-02-28 06:46:10.779 +0000,2025-03-07 06:46:11.735 +0000
3676,3055,2025-02-28 09:46:45.548 +0000,2025-03-07 09:46:45.552 +0000
876,2892,2025-02-28 09:58:35.279 +0000,2025-03-07 09:58:35.284 +0000
3683,2963,2025-02-28 10:46:40.853 +0000,2025-03-07 10:46:40.859 +0000
3683,1330,2025-02-28 10:48:04.829 +0000,2025-03-07 10:48:04.835 +0000
2347,1272,2025-02-28 01:31:07.644 +0000,2025-03-07 01:31:07.649 +0000
1526,592,2025-02-28 06:43:34.489 +0000,2025-03-07 06:43:34.493 +0000
1526,3594,2025-02-28 06:45:43.178 +0000,2025-03-07 06:45:43.182 +0000
1232,1531,2025-02-24 14:55:30.762 +0000,2025-03-09 13:01:15.814 +0000
3228,927,2025-02-28 01:32:08.964 +0000,2025-03-07 01:32:15.597 +0000
1526,3517,2025-02-28 06:42:59.008 +0000,2025-03-07 06:42:59.012 +0000
1526,2007,2025-02-28 06:46:02.088 +0000,2025-03-07 06:46:02.093 +0000
3676,1079,2025-02-28 09:54:14.174 +0000,2025-03-07 09:54:14.179 +0000
3682,27,2025-02-28 10:44:39.193 +0000,2025-03-07 10:44:39.197 +0000
3683,36,2025-02-28 10:48:08.746 +0000,2025-03-07 10:48:08.750 +0000
3228,3584,2025-02-28 01:32:10.662 +0000,2025-03-07 01:32:47.520 +0000
3594,2710,2025-02-28 03:03:00.988 +0000,2025-03-07 03:03:00.994 +0000
883,1265,2025-02-23 23:40:09.333 +0000,2025-03-07 07:37:59.626 +0000
3676,2171,2025-02-28 09:46:53.609 +0000,2025-03-07 09:46:53.613 +0000
3676,3204,2025-02-28 09:54:27.461 +0000,2025-03-07 09:54:27.466 +0000
3683,2793,2025-02-28 10:48:15.876 +0000,2025-03-07 10:48:15.881 +0000
5,1223,2025-02-28 11:48:13.986 +0000,2025-03-07 11:48:13.991 +0000
3682,2457,2025-02-28 10:46:45.222 +0000,2025-03-07 13:36:30.555 +0000
2347,3368,2025-02-28 01:32:14.649 +0000,2025-03-07 01:32:14.655 +0000
2347,481,2025-02-28 01:32:53.317 +0000,2025-03-07 01:33:58.419 +0000
2040,1462,2025-02-28 01:38:13.205 +0000,2025-03-07 01:38:13.212 +0000
3594,2656,2025-02-28 03:02:42.893 +0000,2025-03-07 03:02:42.899 +0000
3678,1330,2025-02-28 04:57:31.543 +0000,2025-03-07 04:57:31.550 +0000
3678,970,2025-02-28 04:57:50.021 +0000,2025-03-07 04:58:00.223 +0000
3683,2936,2025-02-28 10:47:27.296 +0000,2025-03-07 10:47:27.303 +0000
3014,135,2025-02-24 18:32:12.441 +0000,2025-03-07 15:12:17.018 +0000
3014,1510,2025-02-24 18:32:12.449 +0000,2025-03-07 15:11:51.570 +0000
3508,1283,2025-02-23 16:33:39.013 +0000,2025-03-08 23:04:30.514 +0000
3421,891,2025-02-22 15:32:28.000 +0000,2025-03-06 13:10:00.626 +0000
3014,2793,2025-02-24 18:32:12.429 +0000,2025-03-06 14:19:49.561 +0000
2040,3209,2025-02-28 01:35:24.939 +0000,2025-03-07 01:35:24.945 +0000
2347,3507,2025-02-28 01:33:20.112 +0000,2025-03-07 22:20:05.019 +0000
3055,1328,2025-02-28 02:01:52.197 +0000,2025-03-07 02:01:52.201 +0000
3594,3390,2025-02-28 03:03:02.078 +0000,2025-03-07 03:03:02.083 +0000
3594,1027,2025-02-28 03:03:27.714 +0000,2025-03-07 03:03:27.719 +0000
213,3186,2025-02-28 04:51:44.584 +0000,2025-03-07 04:51:46.097 +0000
1526,2708,2025-02-28 06:43:16.008 +0000,2025-03-07 06:43:16.013 +0000
1526,1201,2025-02-28 06:45:08.668 +0000,2025-03-07 06:45:08.673 +0000
1526,1785,2025-02-28 06:45:59.653 +0000,2025-03-07 06:45:59.661 +0000
3682,2963,2025-02-28 10:31:17.423 +0000,2025-03-07 10:44:37.151 +0000
2040,2617,2025-02-28 01:35:26.750 +0000,2025-03-07 01:35:26.756 +0000
2040,3172,2025-02-28 01:38:21.086 +0000,2025-03-07 01:38:21.092 +0000
3055,2956,2025-02-28 01:56:55.203 +0000,2025-03-07 01:56:55.207 +0000
3594,3421,2025-02-28 03:03:01.454 +0000,2025-03-07 03:03:01.459 +0000
3678,3539,2025-02-28 04:57:33.775 +0000,2025-03-07 04:57:33.782 +0000
1526,1233,2025-02-28 06:44:42.588 +0000,2025-03-07 06:44:42.593 +0000
1526,905,2025-02-28 06:45:31.788 +0000,2025-03-07 06:45:31.793 +0000
3683,3435,2025-02-28 10:52:43.533 +0000,2025-03-07 10:52:43.537 +0000
3055,1490,2025-02-28 01:56:35.374 +0000,2025-03-07 01:56:35.379 +0000
3055,2656,2025-02-28 02:02:19.021 +0000,2025-03-07 02:02:19.026 +0000
3594,1490,2025-02-28 03:03:03.265 +0000,2025-03-07 03:03:03.271 +0000
3594,3370,2025-02-28 03:03:05.720 +0000,2025-03-07 03:03:17.087 +0000
3678,2878,2025-02-28 04:57:29.048 +0000,2025-03-07 04:57:29.054 +0000
1526,868,2025-02-28 06:45:07.269 +0000,2025-03-07 06:45:07.273 +0000
3678,2171,2025-02-28 04:58:01.114 +0000,2025-03-07 04:58:06.430 +0000
3676,3656,2025-02-28 09:54:24.354 +0000,2025-03-07 09:54:24.360 +0000
3683,1083,2025-02-28 10:48:07.008 +0000,2025-03-07 10:48:07.012 +0000
3682,3642,2025-02-28 10:44:56.758 +0000,2025-03-07 13:36:31.538 +0000
1506,2886,2025-02-21 17:01:02.837 +0000,2025-03-07 22:51:45.422 +0000
3055,2936,2025-02-28 01:56:48.405 +0000,2025-03-07 01:56:48.411 +0000
1526,1340,2025-02-28 06:44:06.468 +0000,2025-03-07 06:44:06.473 +0000
3682,3384,2025-02-28 10:30:55.566 +0000,2025-03-07 10:30:55.570 +0000
3683,1080,2025-02-28 10:47:36.955 +0000,2025-03-07 10:47:36.960 +0000
3055,3676,2025-02-28 02:02:08.038 +0000,2025-03-07 02:02:08.044 +0000
3678,3184,2025-02-28 04:57:37.152 +0000,2025-03-07 04:57:37.157 +0000
3678,2714,2025-02-28 04:57:46.498 +0000,2025-03-07 04:57:46.506 +0000
1526,2209,2025-02-28 06:44:59.888 +0000,2025-03-07 06:44:59.893 +0000
3676,2956,2025-02-28 09:47:20.626 +0000,2025-03-07 09:47:20.632 +0000
3681,3458,2025-02-28 10:11:05.053 +0000,2025-03-07 10:11:05.058 +0000
3682,3423,2025-02-28 10:47:02.186 +0000,2025-03-07 13:36:33.392 +0000
3678,553,2025-02-28 04:57:41.532 +0000,2025-03-07 04:57:41.538 +0000
1526,976,2025-02-28 06:44:07.629 +0000,2025-03-07 06:44:16.054 +0000
1526,934,2025-02-28 06:44:47.948 +0000,2025-03-07 06:44:47.953 +0000
3676,2728,2025-02-28 09:46:38.353 +0000,2025-03-07 09:46:38.357 +0000
3681,3271,2025-02-28 10:10:41.778 +0000,2025-03-07 10:10:41.783 +0000
3682,2371,2025-02-28 10:44:49.966 +0000,2025-03-07 10:44:49.972 +0000
3683,2371,2025-02-28 10:52:47.874 +0000,2025-03-07 10:52:52.145 +0000
2617,3596,2025-02-28 12:15:14.534 +0000,2025-03-07 12:15:15.718 +0000
3682,2878,2025-02-28 10:47:03.708 +0000,2025-03-07 13:36:34.407 +0000
3594,2956,2025-02-28 03:02:50.482 +0000,2025-03-07 03:02:50.487 +0000
3594,3676,2025-02-28 03:03:05.718 +0000,2025-03-07 03:03:05.723 +0000
3678,352,2025-02-28 04:57:30.275 +0000,2025-03-07 04:57:30.281 +0000
3594,1328,2025-02-28 03:02:59.940 +0000,2025-03-07 03:02:59.944 +0000
3594,3020,2025-02-28 03:03:43.213 +0000,2025-03-07 03:03:43.218 +0000
1526,1875,2025-02-28 06:44:53.554 +0000,2025-03-07 06:44:53.559 +0000
3676,3184,2025-02-28 09:46:51.468 +0000,2025-03-07 09:46:51.474 +0000
3682,1526,2025-02-28 10:46:59.022 +0000,2025-03-07 13:36:32.467 +0000
876,1272,2025-02-28 09:58:45.320 +0000,2025-03-07 09:59:01.503 +0000
3682,352,2025-02-28 10:31:04.923 +0000,2025-03-07 10:44:28.123 +0000
3682,3539,2025-02-28 10:44:52.901 +0000,2025-03-07 10:44:52.907 +0000
3667,3593,2025-02-28 11:46:55.470 +0000,2025-03-07 11:46:55.475 +0000
3523,3508,2025-02-23 19:55:56.289 +0000,2025-03-09 13:00:33.310 +0000
3594,596,2025-02-28 03:03:02.615 +0000,2025-03-07 03:03:02.621 +0000
3594,3520,2025-02-28 03:03:37.761 +0000,2025-03-07 03:03:37.767 +0000
3678,2963,2025-02-28 04:57:11.136 +0000,2025-03-07 04:57:11.142 +0000
3678,2371,2025-02-28 04:58:13.647 +0000,2025-03-07 04:58:15.737 +0000
1526,3361,2025-02-28 06:43:54.128 +0000,2025-03-07 06:43:54.132 +0000
1526,1204,2025-02-28 06:44:19.528 +0000,2025-03-07 06:44:19.533 +0000
3683,2375,2025-02-28 10:48:00.166 +0000,2025-03-07 10:48:00.171 +0000
3678,3523,2025-02-28 04:57:43.146 +0000,2025-03-07 04:57:43.153 +0000
1526,2288,2025-02-28 06:43:18.699 +0000,2025-03-07 06:43:18.704 +0000
1526,1876,2025-02-28 06:45:45.548 +0000,2025-03-07 06:45:45.553 +0000
2684,3200,2025-02-21 19:38:33.696 +0000,2025-03-07 22:45:06.378 +0000
1526,3508,2025-02-28 06:43:48.108 +0000,2025-03-07 06:43:48.112 +0000
1526,1325,2025-02-28 06:45:23.428 +0000,2025-03-07 06:45:37.393 +0000
3683,3602,2025-02-28 10:48:28.969 +0000,2025-03-07 10:50:33.295 +0000
1526,36,2025-02-28 06:45:10.148 +0000,2025-03-07 06:45:10.153 +0000
3683,213,2025-02-28 10:48:02.616 +0000,2025-03-07 10:48:02.622 +0000
2684,2566,2025-02-21 19:38:33.700 +0000,2025-03-07 21:28:40.733 +0000
3676,553,2025-02-28 09:47:08.765 +0000,2025-03-07 09:47:08.772 +0000
3676,3007,2025-02-28 09:51:53.867 +0000,2025-03-07 09:51:55.991 +0000
3681,3579,2025-02-28 10:10:26.573 +0000,2025-03-07 10:10:26.578 +0000
3682,1330,2025-02-28 10:31:19.644 +0000,2025-03-07 10:44:37.982 +0000
2793,1011,2025-02-23 00:42:17.622 +0000,2025-03-07 13:26:06.349 +0000
2793,1335,2025-02-23 00:42:33.678 +0000,2025-03-07 13:26:11.674 +0000
3683,48,2025-02-28 10:50:44.308 +0000,2025-03-07 10:52:24.119 +0000
2793,2237,2025-02-23 00:42:33.654 +0000,2025-03-07 13:26:14.347 +0000
3682,3184,2025-02-28 10:46:30.873 +0000,2025-03-07 13:36:26.986 +0000
3682,213,2025-02-28 10:46:41.482 +0000,2025-03-07 13:36:27.761 +0000
3682,1080,2025-02-28 10:46:43.822 +0000,2025-03-07 13:36:29.493 +0000
3676,2142,2025-02-28 09:54:29.474 +0000,2025-03-07 09:54:29.478 +0000
3682,66,2025-02-28 10:44:45.827 +0000,2025-03-07 10:44:45.832 +0000
3683,2878,2025-02-28 10:48:13.950 +0000,2025-03-07 10:48:13.955 +0000
3350,1699,2025-02-21 21:32:50.622 +0000,2025-03-07 13:02:20.243 +0000
3350,3304,2025-02-21 21:32:50.588 +0000,2025-03-07 13:02:23.524 +0000
2793,1374,2025-02-23 00:42:33.674 +0000,2025-03-07 13:26:15.525 +0000
2793,2300,2025-02-23 00:42:33.649 +0000,2025-03-07 13:26:17.746 +0000
2793,1201,2025-02-23 00:42:33.659 +0000,2025-03-07 13:26:09.231 +0000
3228,3505,2025-02-23 15:15:41.560 +0000,2025-03-07 01:32:07.352 +0000
2793,1001,2025-02-23 00:42:33.665 +0000,2025-03-07 13:26:13.154 +0000
2784,1206,2025-02-21 20:40:31.186 +0000,2025-03-07 18:06:27.823 +0000
3023,1998,2025-02-23 09:06:27.882 +0000,2025-03-06 07:24:06.939 +0000
3023,383,2025-02-23 09:06:27.859 +0000,2025-03-06 07:25:23.922 +0000
3350,3120,2025-02-21 21:32:50.607 +0000,2025-03-07 13:02:26.178 +0000
3023,1411,2025-02-23 09:06:27.874 +0000,2025-03-06 07:24:17.801 +0000
3023,2943,2025-02-23 09:06:27.850 +0000,2025-03-06 07:24:31.961 +0000
3023,1977,2025-02-23 09:06:27.854 +0000,2025-03-06 07:25:17.388 +0000
3023,744,2025-02-23 09:06:27.878 +0000,2025-03-06 07:25:21.743 +0000
3023,1470,2025-02-23 09:06:27.869 +0000,2025-03-06 07:24:45.874 +0000
3023,2171,2025-02-23 09:06:27.845 +0000,2025-03-06 07:25:19.600 +0000
3023,2349,2025-02-23 09:06:27.827 +0000,2025-03-06 07:24:15.874 +0000
538,3423,2025-02-23 13:01:39.540 +0000,2025-03-06 13:04:06.877 +0000
538,1920,2025-02-23 13:01:39.521 +0000,2025-03-06 13:04:01.328 +0000
3379,2521,2025-02-22 01:04:38.241 +0000,2025-03-07 17:50:42.041 +0000
