"id","created_at","uuid","address_line_1","address_line_2","city","postcode","display_address","description","short_description","bedroom_count","bathroom_count","reception_count","property_type","available_at","cost","contract_length","is_bills_included","nearest_stations","latitude","longitude","source"
549,2025-02-25 15:37:27.964 +0000,f159e450-b5fd-4f2c-a073-4aa512fa26b7,Pan Peninsula Square,,London,E14 9HL,"Pan Peninsula Square, London, E14 9HL","An exceptional 2 / 3 bedroom premier apartment with a 260sq ft terrace on the 34th floor of the West Tower of Pan Peninsula. The apartment provides outstanding Canary Wharf & views of the Thames, O2 Centre & Thames Barrier in the distance, commanding the North / East corner of the building. Featuring fixtures & fittings of the highest calibre throughout & exceptional on-site facilities including: 24hr concierge, gym, swimming pool, jacuzzi pool, & sauna; residents' cinema & 48th floor cocktail bar. Valet parking for 1 vehicle is included. EPC rating C","An exceptional 3 bedroom premier apartment with large terrace on the 34th floor of the of Pan Peninsula. The apartment provides outstanding  views of Canary Wharf & the Thames, O2 & the development boasts state of the art facilities. EPC rating C.",3,3,1,FLAT,IMMEDIATELY,5000,LT_SIX_MONTHS,false,"null",51.500035,-0.017863,CHESTERTONS
550,2025-02-25 15:37:29.350 +0000,"0b793a89-64bb-4260-bdfc-5cb3270a6282","Legacy Building, 1 Viaduct Gardens",,London,SW11 7AY,"Legacy Building, 1 Viaduct Gardens, London, SW11 7AY","Spacious two bedroom, two bathroom apartment on the fifth floor of Embassy Gardens with a private balcony facing the communal gardens.<br/><br/>The apartment features a bright and spacious open plan reception and living which leads out to a large balcony overlooking the shared garden. The apartment further benefits two double bedrooms and two large bathrooms (one is en-suite). <br/><br/>Embassy Gardens offers exclusive residents-only amenities like no other in London – including two state-of-the-art gyms, luxurious spa facilities, indoor pool, 24-hour concierge and the world-famous SkyPool. <br/><br/>Apartments that embody the best in new British design. The Modern at Embassy Gardens offers a fresh, luxurious and highly contemporary take on apartment living in London right now. The Modern features 21 floors of light-filled, and contemporary apartments in a building positioned to maximise views over the river, the city and the greenery of Embassy Gardens and the Linear Park.  <br/><br/>Embassy Gardens provides easy access into central London with both Nine Elms and Battersea Power Station tube stops just a short walk away.","Spacious two bedroom, two bathroom apartment on the fifth floor of Embassy Gardens with a private balcony facing the communal gardens.",2,2,1,FLAT,IMMEDIATELY,5000,TWELVE_MONTHS,false,"null",51.481964,-0.130297,CHESTERTONS
551,2025-02-25 15:37:30.802 +0000,"94c579ee-e9b4-43ff-ad3c-d793fc48a019","Durward House, 31 Kensington Court",,London,W8 5BH,"Durward House, 31 Kensington Court, London, W8 5BH","A delightful 3 bedroom apartment in this sought after portered mansion block situated in the heart of Kensington. <br/><br/>Comprising three bedrooms, two bathrooms, reception room, separate fitted kitchen. The property is spacious and benefits from high ceilings and beautiful large windows allowing a lot of natural light in the living room. Further benefiting from ample storage all throughout the property.<br/><br/>A short distance to Kensington High Street tube and Kensington Palace Gardens.",A delightful 3 bedroom apartment in this sought after portered mansion block situated in the heart of Kensington.,3,2,1,FLAT,IMMEDIATELY,5000,SIX_MONTHS,false,"null",51.501514,-0.186807,CHESTERTONS
555,2025-02-25 15:37:41.662 +0000,c527a9a8-dc54-4ea4-a9b5-a74e2b2a8d21,Kensington Court,,London,W8 5DN,"Kensington Court, London, W8 5DN","A beautifully presented duplex apartment, featuring two bedrooms, situated on the ground and lower ground floors of a stunning mansion building in Kensington Court.<br/><br/>The apartment boasts an open-plan kitchen and reception area, elegantly furnished with stylish touches and wooden floors throughout. It includes a spacious balcony, two double bedrooms with ample storage, two contemporary bathrooms (one en-suite), and an additional outside patio. The apartment is offered furnished.<br/><br/>Kensington Court is enviably located within easy reach of the restaurants, amenities, and transport links Kensington High Street has to offer. The property provides easy access to the independent shops and cafes on nearby Thackeray Street, while the green open spaces of Kensington Gardens and Hyde Park are nearby.","A beautifully presented duplex apartment, featuring two bedrooms, situated on the ground and lower ground floors of a stunning mansion building in Kensington Court.",2,2,0,FLAT,"2025-03-10",4766,LT_SIX_MONTHS,false,"null",51.501162,-0.186871,CHESTERTONS
557,2025-02-25 15:37:42.432 +0000,f266db38-b6ff-4846-8272-5574fd76d701,"Princes Square, Bayswater",,London,W2 4NP,"Princes Square, Bayswater, London, W2 4NP","Chestertons are delighted to present this brand new refurbished apartment on the second floor of this stunning period Victorian building. <br/><br/>This charming two bedroom, one bathroom apartment has been completely refurbished from the ground up and now includes a brand new fully integrated kitchen, modern bathroom with LED lighting and low energy consuming bulbs, correctly placed modem radiators all with correct BVT placement ensuring maximum heat coverage within each room and efficiency is obtained along with all new wiring and plumbing.<br/><br/>Within the communal areas of the building, all fire regulations and precautions have been implemented including FD30 fire doors within each apartment, emergency communal lighting and automatic PIR motion sensors lighting per floor.<br/><br/>CCTV cameras have been installed throughout the communal areas of the buildings and also on the exterior of the buildings proving comfort and security for its residents. <br/><br/>WIFI has also been installed into each apartment already making it an easy process for a tenant to move in and be online immediately.<br/><br/>Further amenities include access to the communal gardens square and housekeeping service provided by the hotel next door to both No.2 and No.3 Princes Square, where tenants will be able to make use of this service along with the hotel taking in packages for the residents.<br/><br/>Transport links and amenities of Westbourne Grove, Bayswater and Notting Hill Gate are all nearby.","A charming completely refurbished two bedroom apartment set on the second floor of this impressive Victorian conversion, with access to communal gardens",2,1,1,FLAT,IMMEDIATELY,4766,TWELVE_MONTHS,false,"null",51.512787,-0.192631,CHESTERTONS
558,2025-02-25 15:37:43.339 +0000,"1f1dece3-1a68-442c-9bae-4ed8326abb70","Gable House, 30 Woodborough Road",,London,SW15 6PZ,"Gable House, 30 Woodborough Road, London, SW15 6PZ","SHORT LET Discover the perfect blend of comfort and style in this modern, spacious flat. The home has a trendy new style, laid out in a fantastic space.<br/>Discover the perfect blend of comfort and style in this modern, spacious flat. The home has a trendy new style, laid out in a fantastic space that is equal parts spacious and cosy. The home is currently for sale so there could be viewings during your stay. We will send our housekeeping team to clean and tidy the home before the viewing takes place, which is completely free of charge.<br/><br/>This two-bed has been fantastically renovated with a modern minimalist style. Bright, airy, functional - it's the perfect spot for both tourists as well as professionals looking to get access to all the best London has to offer. The open plan living room and kitchen has been stylishly decorated with choice pieces of decor, and includes a sofa and armchair for you to cosy up on, as well as a flatscreen TV for you to kick back in front of. The room also benefits from a dining table which can easily seat up to four guests. The kitchen is equipped with high-spec amenities and is ready for you to cook up a storm. This modern, spacious flat offers a comfortable retreat with two inviting bedrooms, each furnished with a large bed to ensure a restful night’s sleep. With two bathrooms, one of these is an en-suite in the master bedroom, you'll enjoy the added convenience and privacy whether you're travelling with family or friends. Step out onto the balcony to enjoy a morning coffee or unwind after a day of exploring the vibrant neighbourhood. The home maintains an inviting vibe, and you'll feel completely at home whether you are kicking back on the sofa after a long day out or winding down on the balcony.<br/><br/>The apartment is currently for sale because of this, it must be prepared for viewings. Once a viewing is confirmed, we will send our housekeeping team to clean and tidy the home on the same day before the viewing takes place, which is completely free of charge. We’ll always let you know when a viewing is booked. Viewings typically last around 10 minutes. The nightly rate of the apartment is discounted as thanks for being accommodating.<br/><br/>You’ll have access to the home at all times. Because the home comes with self check-in, you’ll be able to check in any time after 3pm, but please be mindful of noise after 9pm. *KeyNest is 13-minute walk away from the property.<br/><br/>Please reach out through this listing if you have any questions, as I am always on call and available to my guests if needed.<br/><br/>Nestled in a positive, friendly neighbourhood, you'll find everything you need within easy reach. Local shops, charming cafes, and beautiful parks are just a short walk away, making it easy to immerse yourself in the local culture.<br/><br/>London is well connected by train stations, as well as buses, and the property is in a very pedestrian friendly area with multiple parks in easy reach. It is well connected to public transport and main roads. In addition, you’ll also be able to catch a bus or hail a London taxi or use Uber to get around.<br/><br/>The home is located on the upper level and guests who have difficulties with stairs may find it hard to access the apartment.<br/><br/>Please note the 10am tidy is an essential part of staying in this apartment. If you’re looking to get up bright and early to make the most of the city, you will find this apartment and the tidy, perfect for your stay. We’ll always let you know when a viewing from the estate agent is taking place. Typically viewings last around 10 minutes. There are no viewings on Saturdays after 4pm or on Sundays, so your relaxing time won't be interrupted. The tidy is free of charge, and what’s more, if there’s a viewing during your stay that leads to an offer, we will refund you the full cost of one night as a thank you! The home has lots of natural light and is beautifully bright throughout.<br/><br/>Note: Parking is available on a first come, first serve basis.<br/><br/>Please, no parties or smoking. Please be respectful of the neighbours and keep noise to a minimum after 9pm. If these rules are violated we will charge guests to cover the security call out fee and any additional expenses to cover their misbehaviour. By staying in this home you are agreeing to the clean and tidy service, and accommodating viewings as requested. We can't wait for you to enjoy home","(SHORT LET) Discover the perfect blend of comfort and style in this modern, spacious flat. The home has a trendy new style, laid out in a fantastic space.",2,2,1,FLAT,IMMEDIATELY,4766,LT_SIX_MONTHS,false,"null",51.461268,-0.234461,CHESTERTONS
563,2025-02-25 15:37:48.842 +0000,fcf35a3d-02f1-4c93-8198-bf7e88f42c60,"Somerset Court, 79-81 Lexham Gardens",,London,W8 6JN,"Somerset Court, 79-81 Lexham Gardens, London, W8 6JN","Stunning second floor apartment (with lift) offering two double bedrooms, one bathroom, guest cloakroom, fully integrated kitchen and separate utility area. <br/> <br/>The property benefits from high ceilings and access to a balcony from the master bedroom.   The property has also been newly decorated to a high standard and is carpeted throughout.","Stunning second floor apartment (with lift) offering two double bedrooms, one bathroom, guest cloakroom, fully integrated kitchen and separate utility area.",2,1,1,FLAT,IMMEDIATELY,4766,SIX_MONTHS,false,"null",51.495486,-0.194467,CHESTERTONS
554,2025-02-25 15:37:39.454 +0000,"1d276a40-bc68-4502-8979-98886dc36b00","Burney Avenue, Surbiton",,Surrey,KT5 8DF,"Burney Avenue, Surbiton, Surrey, KT5 8DF","This recently refurbished 6-bedroom property in Kingston is the ideal rental for a large group or family. The house comes fully furnished with modern finishes, offering a comfortable and convenient living space for all. Each of the six generously sized bedrooms is fully equipped with essential furnishings, providing ample space for residents. The property also features three well-appointed bathrooms, ensuring convenience and privacy for everyone.<br/><br/>Outside, you’ll find a private garden, a perfect spot for relaxing or entertaining guests and a driveway which provides off-street parking. With an HMO (House in Multiple Occupation) license, the property is suitable for shared living, offering flexibility for groups of tenants.<br/><br/>Situated in a highly desirable location, this home is close to transport links, local amenities, and Kingston's bustling town center, providing everything you need just moments away. Whether you're a group of professionals, students, or a large family, this property offers both comfort and convenience.",This recently refurbished 6-bedroom property in Kingston is the ideal rental for a large group or family. The house comes fully furnished with modern finishes.,6,3,0,FLAT,IMMEDIATELY,4995,LT_SIX_MONTHS,false,"null",51.396906,-0.293185,CHESTERTONS
556,2025-02-25 15:37:41.844 +0000,"9f925b4b-f16d-473e-a30e-02857db0b628","Jack Freedman House, 15 Coverdale Road",,London,NW2 4BE,"Jack Freedman House, 15 Coverdale Road, London, NW2 4BE","Step into modern comfort and convenience with this spacious two-bedroom, two-bathroom apartment. Whether you're a solo traveler, a couple seeking a romantic getaway, or a small family exploring the city, this cozy retreat offers the perfect blend of style and functionality. As you enter, you'll be greeted by a contemporary design that exudes warmth and relaxation. Sink into the plush sofas in the living area, where natural light floods through the windows, creating an inviting atmosphere for unwinding after a day of exploring the city. Unleash your inner chef in our fully-equipped kitchen. From morning coffees to home-cooked dinners, this space is designed to make mealtime a delight. Step into a world of relaxation in our two thoughtfully furnished bedrooms. The bedrooms provide a serene sanctuary for a restful night's sleep, each thoughtfully appointed with cozy bedding and ample storage space for your belongings. With two bathrooms, morning routines are a breeze, whether you're getting ready for a day of sightseeing or preparing for a night out on the town. Need some fresh air? Step out onto the balcony and soak in the urban landscape while sipping your morning coffee or enjoying a glass of wine under the stars. This home maintains an inviting vibe, and you'll feel completely at home whether you are kicking back on the sofa after a long day out or enjoying some fresh breakfast in the kitchen.  The property also benefits from off street parking.","* SHORT LET* Step into modern comfort and convenience with this spacious two-bedroom, two-bathroom apartment.",2,2,0,FLAT,IMMEDIATELY,4983,LT_SIX_MONTHS,false,"null",51.545362,-0.213352,CHESTERTONS
559,2025-02-25 15:37:44.762 +0000,"1a3a62b4-b2c6-4f54-b5ec-2b4b6f2332a5","Princes Square, Bayswater",,London,W2 4NP,"Princes Square, Bayswater, London, W2 4NP","Chestertons are delighted to present this brand new refurbished apartment on the raised ground floor of this stunning period Victorian building. <br/><br/>This charming two bedroom, one bathroom apartment has been completely refurbished from the ground up and now includes a brand new fully integrated kitchen, modern bathroom with LED lighting and low energy consuming bulbs, correctly placed modem radiators all with correct BVT placement ensuring maximum heat coverage within each room and efficiency is obtained along with all new wiring and plumbing. Being on the raised ground floor, the apartment benefits from large floor to ceiling windows over looking a communal gardens square. <br/><br/>Within the communal areas of the building, all fire regulations and precautions have been implemented including FD30 fire doors within each apartment, emergency communal lighting and automatic PIR motion sensors lighting per floor.<br/><br/>CCTV cameras have been installed throughout the communal areas of the buildings and also on the exterior of the buildings proving comfort and security for its residents. <br/><br/>WIFI has also been installed into each apartment already making it an easy process for a tenant to move in and be online immediately.<br/><br/>Further amenities include access to the communal gardens square and housekeeping service provided by the hotel next door to both No.2 and No.3 Princes Square, where tenants will be able to make use of this service along with the hotel taking in packages for the residents.<br/><br/>Transport links and amenities of Westbourne Grove, Bayswater and Notting Hill Gate are all nearby.",A charming completely refurbished two bedroom apartment set on the first floor of this impressive Victorian conversion with balcony and communal gardens.,2,2,1,FLAT,IMMEDIATELY,4983,TWELVE_MONTHS,false,"null",51.512787,-0.192631,CHESTERTONS
560,2025-02-25 15:37:45.771 +0000,"40985350-89dc-4814-ad60-94159cadd0a7","St John's Wood Court, St John's Wood Road, St John's Wood",,London,NW8 8QT,"St John's Wood Court, St John's Wood Road, St John's Wood, London, NW8 8QT","A fourth floor (with lift) apartment set in this 24 hour portered purpose built block,which offers excellent family living, located a few minutes from St John's Wood High Street and tube station. <br/><br/>The property, which benefits from a lift, entry phone and wooden floors throughout, comprises three bedrooms, two bathrooms (one en suite), reception room, dining hall and fully fitted eat-in kitchen.","Spacious lateral three bedroom apartment with large reception and wood flooring, set in a portered building close to St Johns Wood High Street and transport links.",3,2,1,FLAT,IMMEDIATELY,4983,SIX_MONTHS,false,"null",51.527533,-0.173392,CHESTERTONS
561,2025-02-25 15:37:46.690 +0000,"0348bd99-7cc2-46ac-9d74-6d3c8d72fc94","Palace Court, Notting Hill",,London,W2 4JA,"Palace Court, Notting Hill, London, W2 4JA","A spacious two to three bedroom, two bathroom flat, with its own front door, plenty of storage, porter and private outside space in Saxon Hall, Palace Court, Notting Hill.<br/><br/>The property measures circa 1,100 square feet and has it's own front door which is entered via a secluded and pretty front garden. It consists of a large kitchen with a professional Falcon cooker, plenty of cupboard space and serving hatch to the reception room where it would be easy to create a breakfast bar. The reception has plenty of space for sofas, dining area, raised snug area and good light, facing south and west, on to the private patio garden. <br/><br/>The two double bedrooms with built-in wardrobes have en-suites and there is also a separate WC for guests. Furthermore there is a third single bedroom that would also work well as a home office.<br/><br/>Saxon Hall is a popular portered building on Palace Court which leads down to the Bayswater Road and the green open space of Kensington Gardens. It is well located for the many shops and restaurants of Westbourne Grove, Queensway and Notting Hill Gate. Notting Hill Gate underground station (Central, District, & Circle lines) is 0.3 miles away.<br/><br/>Available from 3rd February 2025","A spacious 1,100 square feet, 2 bedroom, 2 bathroom flat, with it's own front door, plenty of storage, porter and private outside space in Saxon Hall, Palace Court, Notting Hill.",2,2,1,FLAT,IMMEDIATELY,4766,LT_SIX_MONTHS,false,"null",51.510802,-0.191643,CHESTERTONS
668,2025-02-25 15:39:44.671 +0000,"8471040e-86a4-430b-aab0-3c78f9674e61","Bickenhall Mansions, Bickenhall Street",,London,W1U 6BW,"Bickenhall Mansions, Bickenhall Street, London, W1U 6BW","","Situated in red brick portered building, this two bedroom property offers convenient lift access. The layout includes a luminous open-plan reception room seamlessly integrated with a fully equipped kitchen and dining area.",2,2,1,FLAT,IMMEDIATELY,3995,TWELVE_MONTHS,false,"null",51.521042,-0.158419,CHESTERTONS
528,2025-02-25 15:37:10.304 +0000,"8152aed2-ecd1-401a-a64b-d149bd6bc92f","Consort Rise House, 203 Buckingham Palace Road",,London,SW1W 9TB,"Consort Rise House, 203 Buckingham Palace Road, London, SW1W 9TB","Immaculate third floor flat with wooden floors throughout in this portered  building with gym, meeting room and  underground parking within easy reach of Victoria Station. Two double bedrooms, en-suite shower room, bathroom, reception room with dining area for four and a fully integrated kitchen.<br/><br/><strong>Bedroom</strong>  <em></em> <br/> fitted cupboards
en-suite<br/><br/><strong>Bedroom</strong>  <em></em> <br/> fitted cupboards<br/><br/><strong>Bathroom</strong>  <em></em> <br/> en-suite shower room<br/><br/><strong>Bathroom</strong>  <em></em> <br/> x<br/><br/><strong>Reception</strong>  <em></em> <br/> dining for four<br/><br/><strong>Kitchen</strong>  <em></em> <br/> fully integrated","(SHORT LET) Newly painted and furnished portered building with gym and a meeting room. Two double bedrooms, en-suite shower room, bathroom, reception room with dining area for four and a fully integrated kitchen and underground parking. All bills inc",2,2,1,FLAT,IMMEDIATELY,5000,LT_SIX_MONTHS,true,"null",51.490902,-0.148971,CHESTERTONS
529,2025-02-25 15:37:11.466 +0000,c4770d83-9afa-4c35-9538-dc883677df80,Stockwell Road,,London,SW9 9FX,"Stockwell Road, London, SW9 9FX","A stunning three-bedroom, three-bathroom apartment in a sought-after development in the heart of Brixton. Spanning over 1,550 sq. ft, this beautifully designed home boasts high-end finishes, a private balcony, and a rooftop terrace with breathtaking views across London.<br/><br/>The apartment features a bright and spacious open-plan living area with a modern kitchen and integrated appliances, seamlessly leading to a private balcony. Each of the three double bedrooms enjoys excellent natural light, built-in storage, and direct balcony access. Additional highlights include a dedicated study and a separate utility room for added convenience.<br/><br/>Residents benefit from secure bike storage, 24-hour CCTV, two expansive communal terraces, and the option to rent underground parking. The development is impeccably maintained, with stylish communal areas and lift access to all floors.","A beautiful three double bedroom, three bathroom apartment in a highly desirable development in the centre of Brixton. With over 1550 sq. ft finished to exacting standards throughout with a private balcony offering views across London.",3,4,0,FLAT,IMMEDIATELY,5000,TWELVE_MONTHS,false,"null",51.466512,-0.116646,CHESTERTONS
531,2025-02-25 15:37:12.673 +0000,"9316d75c-9290-4a3a-b538-6798f0709a46","Clifton Court, Northwick Terrace, St John's Wood",,London,NW8 8HS,"Clifton Court, Northwick Terrace, St John's Wood, London, NW8 8HS","**SHORT LET**  A spacious and modern top floor apartment in a sought after portered block, within close proximity to the amenities of Little Venice and Warwick Avenue Underground Station (Bakerloo Line).<br/><br/>The property comprises large living room, two double bedrooms, modern bathroom, fitted kitchen.<br/><br/>The property also benefits from a porter.","**SHORT LET**  A spacious and modern top floor apartment in a sought after portered block, within close proximity to the amenities of Little Venice and Warwick Avenue Underground Station (Bakerloo Line).",2,1,1,FLAT,"2025-03-17",5000,LT_SIX_MONTHS,false,"null",51.525994,-0.177234,CHESTERTONS
533,2025-02-25 15:37:13.969 +0000,d6a18a59-ddaf-4efd-8373-1eab4e143874,Radnor Walk,,London,SW3 4BP,"Radnor Walk, London, SW3 4BP","A beautiful split level maisonette set across 2 floors in a wonderful period building in the heart of Chelsea, newly refurbished with 2 bedrooms and 2 bathrooms.<br/><br/>Radnor walk is a beautiful residential street in the heart of Chelsea, just off the King's Rd. A short walk to the Royal Hospital, the Thames riverside. Shops, amenities and transport are all close by.","A beautiful split level maisonette set across 2 floors in a wonderful period building in the heart of Chelsea, newly refurbished with 2 bedrooms and 2 bathrooms.",2,2,1,FLAT,"2025-04-17",5000,TWELVE_MONTHS,false,"null",51.488069,-0.164963,CHESTERTONS
534,2025-02-25 15:37:15.165 +0000,c697ddf6-ad24-41ae-a8e0-76f5f9707e96,"Elvaston Place, South Kensington",,London,SW7 5QG,"Elvaston Place, South Kensington, London, SW7 5QG","Short Let - Newly refurbished two bedroom one bathroom apartment on the third floor of this converted period building in South Kensington. <br/><br/>*£180 per night - minimum stay one month*<br/><br/>Featuring very high ceiling, stylish decoration, wooden floors all throughout, this property benefits as well from two bedrooms, one bathrooms, spacious reception room and separate kitchen.  <br/><br/>Fantastically located in South Kensington, minutes away from Gloucester Road tube station, restaurants, cafes and all amenities.",Short Let - Newly refurbished two bedroom one bathroom apartment on the third floor of this converted period building in South Kensington.,2,1,1,FLAT,IMMEDIATELY,5000,LT_SIX_MONTHS,false,"null",51.498046,-0.182048,CHESTERTONS
536,2025-02-25 15:37:16.717 +0000,b4bb3ef2-2dc8-45f5-b468-eb48d9591049,"Courtfield Gardens, Earls Court",,London,SW5 0PH,"Courtfield Gardens, Earls Court, London, SW5 0PH","A modern and contemporary lower ground floor apartment located in this very popular Period building with onsite porter. <br/><br/>The property is composed of a large reception room, 2 double bedrooms with fitted wardrobes, 2 en-suite bathrooms as well as guest wc, separate kitchen and a private patio.<br/><br/>The property further benefits from professional porterage, modern interior design, wood flooring, Air-Conditioning throughout, built in wardrobes and high quality bathrooms with underfloor heating. Access to communal gardens can be arranged through separate negotiation.<br/><br/>Amazingly located in South Kensington, it is a very short walk to Gloucester Road tube station and great amenities, restaurants and coffee shops.","The property is composed of a large reception room, 2 double bedrooms with fitted wardrobes, 2 en-suite bathrooms as well as guest wc, separate kitchen and a private patio.",2,2,1,FLAT,IMMEDIATELY,5000,TWELVE_MONTHS,false,"null",51.493231,-0.189836,CHESTERTONS
538,2025-02-25 15:37:18.403 +0000,bf16fd52-a25c-4268-965f-2bac7b1f2180,"Abbey Court, Abbey Road, St John's Wood",,London,NW8 0AU,"Abbey Court, Abbey Road, St John's Wood, London, NW8 0AU","This modern apartment comprises two double bedrooms with fitted in wardrobes, two bathrooms (one en-suite), one study/bedroom double reception room, and a separate fully equipped kitchen.<br/><br/>The building is located on the Famous Abbey Road, a short walk to the amenities on St. John's Wood High Street and St. John's Wood Underground Station (Jubilee Line).",A modern apartment located on the first floor (lift access) in this red brick mansions building situated moments from St John's Wood High Street.,3,2,1,FLAT,"2025-03-06",5000,SIX_MONTHS,false,"null",51.535065,-0.181237,CHESTERTONS
539,2025-02-25 15:37:19.391 +0000,f34048bb-b2f3-40cb-bd46-6c809344aa6a,"Bartonway, 27-32 Queens Terrace, St John's Wood",,London,NW8 6DY,"Bartonway, 27-32 Queens Terrace, St John's Wood, London, NW8 6DY","**SHORT LET** A spacious and modern ground floor apartment within close proximity to St John's Wood High Street and Underground Station situated in a purpose built block.<br/><br/>The property comprises two double bedrooms, fitted kitchen, bathroom and reception room with double doors that lead to the communal garden.<br/><br/>Additional benefits include wooden flooring and pets being considered at the landlords discretion.",**SHORT LET** A spacious and modern ground floor apartment within close proximity to St John's Wood High Street and Underground Station situated in a purpose built block.,2,1,1,FLAT,"2025-04-26",5000,LT_SIX_MONTHS,false,"null",51.536028,-0.174984,CHESTERTONS
530,2025-02-25 15:37:11.863 +0000,"5e2a2183-e59b-400a-b294-604b1067fc46",Charlwood Street,,London,SW1V 2DU,"Charlwood Street, London, SW1V 2DU","A unique period conversion situated on the popular Pimlico Grid. The main body of the property comprises two double bedrooms, large reception room, separate kitchen, utility room and WC. The property further benefits from private patio, an external guest bedroom with en-suite bathroom and additional vault currently used as an office. The property is offered with no onward chain.<br/><br/>Charlwood Street is conveniently located for the shops, cafes and restaurants of Pimlico and there are excellent transport links at nearby Victoria station (Victoria, Circle and District lines, mainline station and Gatwick Express).","A unique period conversion situated on the popular Pimlico Grid, comprising two double bedrooms, reception room, separate kitchen and utility room. The property further benefits from an additional bedroom with en-suite bathroom, offered chain free.",2,2,1,FLAT,IMMEDIATELY,5000,LT_SIX_MONTHS,false,"null",51.490099,-0.138932,CHESTERTONS
532,2025-02-25 15:37:13.662 +0000,d3c6a988-9305-4ecd-ac4f-66b9c7383404,"Ascot Court, Grove End Road, St John's Wood",,London,NW8 9RY,"Ascot Court, Grove End Road, St John's Wood, London, NW8 9RY","**SHORT LET** A large (980 sq ft) raised ground floor two bedroom apartment set in a secure portered block, within close proximity to St John's Wood High Street and Station.<br/><br/>The property comprises two large double bedrooms with fitted wardrobes, two bathrooms, and open plan kitchen/reception room with wood floors.<br/><br/>** There is an additional compulsory cleaning charge of £100 per month.","**SHORT LET**  A large (980sq.ft) raised ground floor two bedroom apartment set in a secure portered block, within close proximity to St John's Wood High Street and Station.",2,2,1,FLAT,"2025-04-15",5000,LT_SIX_MONTHS,false,"null",51.528919,-0.176224,CHESTERTONS
535,2025-02-25 15:37:16.172 +0000,"9f18f606-3d20-4882-8634-a119b57af09f","Nottingham Terrace, Marylebone",,London,NW1 4QB,"Nottingham Terrace, Marylebone, London, NW1 4QB","This luxurious two bedroom apartment has been modernised to the very highest standards, and benefits from porterage, parking  and access to a secret garden in Regent's Park. <br/><br/>The property is set opposite Regent's Park moments away from Baker Street Underground Station and Marylebone High Street.<br/><br/>Additional benefits include air con and 24hr porterage.","Newly redecorated apartment located in a portered block on a private road in Marylebone, close to Baker Street Underground. The property benefits from 24 hour porterage and air con.",2,2,1,FLAT,IMMEDIATELY,5000,SIX_MONTHS,false,"null",51.523195,-0.153615,CHESTERTONS
537,2025-02-25 15:37:17.827 +0000,"3ff6359e-f119-4b44-9f26-c28e4d39a8cc",Maidenstone Hill,,London,SE10 8SX,"Maidenstone Hill, London, SE10 8SX","This is unique opportunity to rent a period property on Maidenstone Hill<br/><br/>Spread over five levels, the property comprises one reception and dining room.  The upper two floors offer two double bedrooms including main bedroom with en-suite as well as an additional bathroom.  The lower two floors offer a large family kitchen and breakfast room with shaker style kitchen and a separate dining room as well as an additional study / bedroom with bathroom. <br/><br/>The property also benefits from a landscaped rear garden offering breath-taking views across London and the City.  Maidenstone Hill is ideally situated for access to Greenwich Station and DLR and offers easy access to Blackheath.",An impressive 4/5 bedroom period home located between Historic Greenwich and Blackheath. The property also benefits from a landscaped rear garden offering breath-taking views across London and the City.,4,3,2,FLAT,IMMEDIATELY,5000,LT_SIX_MONTHS,false,"null",51.474292,-0.010627,CHESTERTONS
540,2025-02-25 15:37:19.656 +0000,"6a18c67c-a610-4e35-acdc-c3d99e5ae4ac","Pennyford Court, Henderson Drive",,London,NW8 8UF,"Pennyford Court, Henderson Drive, London, NW8 8UF","A modern two bedroom, two bathroom apartment in secure purpose built block near Little Venice and St John's Wood. <br/><br/>The property comprises two bedrooms, two bathrooms, separate WC, and large open plan kitchen/reception.","**SHORT LET**  A modern two bedroom, two bathroom apartment in secure purpose built block near Little Venice and St John's Wood.",2,2,1,FLAT,"2025-03-13",5000,LT_SIX_MONTHS,false,"null",51.527167,-0.174675,CHESTERTONS
541,2025-02-25 15:37:20.076 +0000,"1bbaf8f0-51ad-4afc-a2e4-b3edcbd17b25","Ledbury Road, Notting Hill",,London,W11 2AH,"Ledbury Road, Notting Hill, London, W11 2AH","SHORT LET. Exclusive to Chestertons, is this stunning two bedroom apartment, located on the raised ground floor is brand newly refurbished throughout to an exemplary standard. <br/><br/>Part of a brand newly refurbished building on Ledbury Road, boasts high ceilings, cornicing and a brand new kitchen and bathroom. The apartment comprises an entrance hallway, open plan kitchen and living room, with parquet flooring and biofuel fireplace, two double bedrooms with built in storage and two bathrooms. <br/><br/>Perfectly situated in the heart of Notting Hill on the desirable Ledbury Road, 0.1 miles from Westbourne Grove for an abundance of cafes and conveniences and 0.6 miles from Notting Hill Gate for the central line.","SHORT LET : A stunning two bedroom apartment, located on the raised ground floor of this brand newly refurbished building. Offering an exemplary specification throughout and located 0.1 miles from Westbourne Grove.",2,2,1,FLAT,IMMEDIATELY,5000,LT_SIX_MONTHS,false,"null",51.51607,-0.199556,CHESTERTONS
544,2025-02-25 15:37:21.982 +0000,e60411c2-08ae-4420-aa61-11c8e54e0ed3,"The Old Baths, Clifden Road, Brentford",,Middlesex,TW8 0PF,"The Old Baths, Clifden Road, Brentford, Middlesex, TW8 0PF","SHORT LET: A stunning and unique 3 bedroom apartment to let on Clifden Road comprising 3 double bedrooms, 3 bathrooms, open plan kitchen and reception and a private terrace.<br/><br/>The property is available to let on a short term basis for a minimum of 1 month",SHORT LET: A stunning and unique 3 bedroom apartment to let on Clifden Road.,3,3,0,FLAT,IMMEDIATELY,5000,LT_SIX_MONTHS,false,"null",51.487158,-0.305841,CHESTERTONS
547,2025-02-25 15:37:23.855 +0000,"2c0e564d-6f59-4382-a120-382fd2686e29",New Tannery Way,,London,SE1 5EB,"New Tannery Way, London, SE1 5EB","SHORT LET* Situated on the 4th floor, this spacious two double bedroom apartment is offered fully furnished. The accommodation comprises a large open plan reception/ kitchen, large balcony with views over the London Skyline, an en-suite to the main bedroom, further luxury bathroom and excellent storage space.<br/><br/>Bermondsey is popular and vibrant area located the South bank of the River Thames Bermondsey Street, Maltby Street & Borough markets. The underground station in close walking distance is on the Jubilee line providing easy access to Canary Wharf and West London. The area also has a weekly antiques market on a Friday and is a short walk to Shad Thames & Bermondsey Street which are home to an array of artisan stores, bars and restaurants.","SHORT LET* An amazing two bedroom, two bathroom apartment located in The Pickle Factory. All bills included.",2,2,1,FLAT,IMMEDIATELY,5000,LT_SIX_MONTHS,true,"null",51.494764,-0.07876,CHESTERTONS
548,2025-02-25 15:37:26.152 +0000,eae6331a-b36c-4984-9970-d6b9ae27b08c,"Dorset House, Gloucester Place, Marylebone",,London,NW1 5AF,"Dorset House, Gloucester Place, Marylebone, London, NW1 5AF","A modern three bedroom apartment in a sought after portered block just moments from Baker Street and Marylebone Village.<br/><br/>The property comprises three bedrooms, two bathrooms, balconies, fitted kitchen, and large reception room.",A modern three bedroom apartment in a sought after portered block just moments from Baker Street and Marylebone Village.,3,2,1,FLAT,IMMEDIATELY,5000,SIX_MONTHS,false,"null",51.522142,-0.159153,CHESTERTONS
542,2025-02-25 15:37:20.309 +0000,"80a33099-e2a6-4bf0-a7a6-43692bb54ffa",Second Avenue,,London,SW14 8QF,"Second Avenue, Mortlake, SW14 8QF","A wonderful opportunity to rent this beautifully presented four double bedroom family home. This extended property in a highly sought after location comprises; entrance hallway, spacious bay fronted through lounge with feature fireplaces, bespoke fitted storage  and wooden flooring which leads to a bright modern fitted kitchen with doors to the garden. In addition is a downstairs WC and under stairs storage.<br/><br/>The first floor continues to impress with a large bedroom to the front with fitted wardrobes, a further double bedroom also with a fitted wardrobe, a contemporary family bathroom and further double bedroom to the rear.<br/>On the top floor is an impressive main bedroom with fitted wardrobes, eaves storage and a stunning luxury en- suite bathroom.<br/><br/>Externally is a paved front garden and to the rear is a low maintenance garden with artificial grass and a gate to a shared secure alleyway.<br/><br/>Second Avenue is a quiet tree lined residential road close to sought after primary schools, both Barnes Bridge and Mortlake stations with their direct route to London Waterloo. The River Thames and White Hart Lane, with a number of popular restaurants and pubs, are also very close by.","A beautiful 4 bedroom period house in excellent condition throughout.  The property is finished to a high standard and is equipped with a lovely open plan kitchen, great living space and a superb master bedroom with a luxury bathroom.",4,2,1,FLAT,"2025-04-02",5000,SIX_MONTHS,false,"null",51.468996,-0.256388,CHESTERTONS
543,2025-02-25 15:37:21.284 +0000,d6227dbf-c685-42c9-96c2-dccf9cb08cbe,"Viceroy Court, 58-74 Prince Albert Road, St John's Wood",,London,NW8 7PP,"Viceroy Court, 58-74 Prince Albert Road, St John's Wood, London, NW8 7PP","**SHORT LET** A modern two bedroom, two bathroom apartment situated in a majestic portered block overlooking Regent's Park. <br/><br/>The property comprises; double reception with both dining and living space, fully fitted kitchen, master bedroom with en-suite, further double bedroom with en-suite bathroom and guest WC. <br/><br/>The property further benefits from a communal roof terrace with incredible views of the London skyline, 24 hour porterage and allocated parking space.","**SHORT LET** A modern two bedroom, two bathroom apartment situated in a majestic portered block overlooking Regent's Park with communal roof terrace and views of the London Skyline.",2,2,1,FLAT,"2025-03-20",5000,LT_SIX_MONTHS,false,"null",51.534472,-0.165155,CHESTERTONS
545,2025-02-25 15:37:22.433 +0000,"6c43eac7-ad67-4c15-b0cf-37c8c16e1a05","Campden Grove, Kensington",,London,W8 4JG,"Campden Grove, Kensington, London, W8 4JG","Short Let: This property comprises a fully fitted open-plan kitchen, a south facing dining/reception room, a stylish bathroom, two double bedrooms both facing the private paved garden, separate utility room/cloak room. Fantastically located moments away from the vibrant Kensington Church Street and the shops and restaurants of the Kensington High Street and Notting Hill Gate.","The property comprises a fully fitted open-plan kitchen, a south facing dining/reception room, a stylish bathroom, two double bedrooms both facing the private paved garden, separate utility room/cloak room.",2,1,1,FLAT,IMMEDIATELY,5000,LT_SIX_MONTHS,false,"null",51.50426,-0.194798,CHESTERTONS
546,2025-02-25 15:37:23.094 +0000,b27b7cc4-014a-4cb1-88f5-8bd6f37d1862,"Walsingham, St. Johns Wood Park, St John's Wood",,London,NW8 6RL,"Walsingham, St. Johns Wood Park, St John's Wood, London, NW8 6RL","A modern three bedroom apartment set on the seventh floor of a purpose build block, in a secure and sought after development on the North side of St John's Wood, close to the High Street and Underground Station.<br/><br/>The property comprises three double bedrooms, two bathrooms (one en-suite) plus extra WC, fitted kitchen with integrated appliances and a large reception room.<br/><br/>It further benefits from a south west facing balcony with views of the city skyline, 24hr porter and off street parking.","A modern three bedroom apartment set on the seventh floor of a purpose build block, in a secure and sought after development on the North side of St John's Wood, close to the High Street and Underground Station.",3,2,1,FLAT,IMMEDIATELY,5000,SIX_MONTHS,false,"null",51.53874,-0.173394,CHESTERTONS
552,2025-02-25 15:37:35.004 +0000,f7a1b5da-7aa2-4fbf-99e4-ad475c788b42,"Isledon Road, Islington",,London,N7 7LD,"Isledon Road, Islington, London, N7 7LD","Spacious Seven-Bedroom Property<br/>This impressive three-storey residence boasts seven  bedrooms, offering a comfortable and practical living environment, ideal for sharers or students.<br/>Designed for both functionality and convenience, the property features two well-appointed kitchens, ensuring ample cooking and dining space. The six bathrooms provide excellent facilities for multiple occupants.<br/>A standout feature of the home is the open-plan kitchen and dining area, thoughtfully designed to foster a sense of community. Additionally, the property benefits from a private garden, as well as ample storage space to accommodate all essentials.<br/>Located in an area with excellent transport links, this home provides easy access to key destinations, making it a highly desirable choice for those seeking both space and convenience.","This impressive three-storey residence boasts seven bedrooms, offering a comfortable and practical living environment, ideal for sharers or students.",7,6,2,FLAT,IMMEDIATELY,4999,TWELVE_MONTHS,false,"null",51.559593,-0.110943,CHESTERTONS
553,2025-02-25 15:37:37.373 +0000,cda77afb-93b0-4f68-a798-d669f3157acb,"Fitzjohns Avenue, Hampstead",,London,NW3 5JY,"Fitzjohns Avenue, Hampstead, London, NW3 5JY","A magnificent 3 bedroom duplex apartment on the 2nd and 3rd floors of this period building with a heated outdoor swimming pool and  boasting wood floors, a west facing roof terrace, Bang & Olufson TV and sound system, Poggenpohl kitchen, plenty of storage and off street parking for 1 car.  The property is situated in this excellent location in Hampstead, walking distance to Swiss Cottage (Jubilee Line). Accommodation comprises 2nd floor: double reception room, fully fitted kitchen with breakfast bar  mezzanine: roof terrace  3rd floor:  master bedroom with dressing area and en-suite shower room, loft storage, double bedroom with fitted wardrobes, further double bedroom, family bathroom.","A magnificent 3 bedroom duplex apartment on the 2nd and 3rd floors with a heated outdoor swimming pool and  boasting wood floors, a west facing roof terrace and off street parking in Hampstead.",3,2,1,FLAT,IMMEDIATELY,4996,GT_TWELVE_MONTHS,false,"null",51.547901,-0.176297,CHESTERTONS
562,2025-02-25 15:37:47.642 +0000,"16434a5f-c11b-4ced-80e2-82033147bc56","Ridge Road, Childs Hill",,London,NW2 2QT,"Ridge Road, Childs Hill, London, NW2 2QT","A spacious 4 bedroom detached family house over 3 floors boasting a conservatory, small roof terrace, patio garden and off street parking for 2 cars and ample storage. The house is situated within half a mile radius of Hampstead Heath and easy access to the transport facilities of Finchley Road, Golders Green, Hampstead and West Hampstead. Accommodation comprises ground: spacious reception room, open plan fully fitted eat in kitchen leading to the conservatory, garden  1st floor: 2 double bedrooms both with en-suite bathrooms, further double bedroom, shower room  2nd floor: double bedroom with access to the roof terrace.","A spacious 4 bedroom detached family house over 3 floors boasting a conservatory, small roof terrace, patio garden and off street parking for 2 cars and ample storage situated within half a mile radius of Hampstead Heath.",4,3,1,FLAT,IMMEDIATELY,4983,TWELVE_MONTHS,false,"null",51.562122,-0.198076,CHESTERTONS
564,2025-02-25 15:37:48.956 +0000,"8d1ef9e3-582f-4fd4-b25f-1eed4b2bb31d","Lancaster Grove, Belsize Park",,London,NW3 4EX,"Lancaster Grove, Belsize Park, London, NW3 4EX","A highly refurbished 2 double bedroom 1st floor apartment boasting wood floors situated in this excellent location in Belsize Park within walking distance to the shops and amenities. Accommodation comprises reception room, open plan fully fitted eat in kitchen, master bedroom with fitted wardrobes and en-suite shower room, further double bedroom, family bathroom. Sole Agent.",A highly refurbished 2 double bedroom 1st floor apartment boasting wood floors situated in this excellent location in Belsize Park.   Sole Agent.,2,2,1,FLAT,"2025-04-15",4950,TWELVE_MONTHS,false,"null",51.549999,-0.17,CHESTERTONS
566,2025-02-25 15:37:50.703 +0000,"4af29482-6d4c-4fb2-9b52-123f49ff884c",Fullerton Road,,London,SW18 1BX,"Fullerton Road, London, SW18 1BX","SHORT LET STAY-  CLEANER INCLUDED! Immaculately presented throughout, this two double bedroom Victorian house would be perfect for the Christmas break! The property has been renovated to an extremely high standard and offers an abundance of natural light, storage and gorgeous features throughout. <br/><br/>On the ground floor the property comprises a spacious reception room with fitted cinema and open plan, well fitted kitchen and bi-folding doors that lead into a charming private garden. There is also a downstairs WC along with useful storage space. Upstairs the property benefits from two double bedrooms and two modern bathrooms, one ensuite. Additional storage is available in both bedrooms. The property is available on a fully furnished basis and all bills are included. <br/><br/>Fullerton Road is a sought after road, perfectly located for the shops and local amenities of Old York Road and Wandsworth Town.","SHORT LET- Immaculately presented throughout, this two double bedroom Victorian house would be perfect for the Christmas break! The property has been renovated to an extremely high standard and offers an abundance of natural light.",2,2,1,FLAT,IMMEDIATELY,4950,LT_SIX_MONTHS,false,"null",51.458111,-0.186759,CHESTERTONS
568,2025-02-25 15:37:52.070 +0000,"307cde49-0184-45c3-b338-62822dd5606d",Southwark Street,,London,SE1 1RQ,"Southwark Street, London, SE1 1RQ","Stunning penthouse two bedroom apartment. The property comprises two bedrooms, two bathrooms, open plan kitchen/reception room and balcony with with great views of The Shard.","A stunning two-bedroom penthouse apartment. The property comprises of two bedrooms, two bathrooms, open plan kitchen/reception room and balcony with great views of The Shard.",2,2,1,FLAT,IMMEDIATELY,4850,TWELVE_MONTHS,false,"null",51.504557,-0.091417,CHESTERTONS
571,2025-02-25 15:37:54.262 +0000,"26864380-9afc-440d-b5a3-a5f9d0211294",De Vere Gardens,,London,W8 5AR,"De Vere Gardens, London, W8 5AR","","This beautifully maintained property offers a perfect blend of classic charm and modern convenience, ideal for those seeking refined living in one of London's most sought-after locations.",3,3,1,FLAT,IMMEDIATELY,4800,TWELVE_MONTHS,false,"null",51.501288,-0.18459,CHESTERTONS
565,2025-02-25 15:37:49.607 +0000,"5b80bb67-7d27-41ee-aa95-f5b5a7630175","Ashley Mansions, 254 Vauxhall Bridge Road",,London,SW1V 1BS,"Ashley Mansions, 254 Vauxhall Bridge Road, London, SW1V 1BS","A fourth floor property in a red brick mansion block with a lift, located very close to Victoria Main Line and Underground Station. Two large double bedrooms, a spacious bathroom, reception and a separate kitchen. high ceilings throughout.  No Chain. <br/><br/>Ashley Mansions is a sought after mansion block situated on Vauxhall Bridge Road. With Victoria station (Victoria, District and Circle lines, mainline station and Gatwick Express) only moments away. The property is in close proximity to some of London's most famous landmarks as well as a wide range of shops, bars, restaurants, theatres and the beautiful St. James's Park.","A fourth floor property in a red brick mansion block with lift, located very close to Victoria Main Line and Underground Station. Two large double bedrooms, a tiled bathroom, reception with a gas fire and a separate kitchen.",2,2,1,FLAT,IMMEDIATELY,4750,LT_SIX_MONTHS,false,"null",51.494522,-0.140757,CHESTERTONS
567,2025-02-25 15:37:50.999 +0000,"354fdb47-fb25-4cab-9165-4a71cf7d16e3",Redcliffe Gardens,,London,SW10 9HD,"Redcliffe Gardens, London, SW10 9HD","This is a rare opportunity to rent a bespoke contemporary designer flat, completely refurbished to a very high standard. <br/><br/>The flat is highly energy-efficient, with an EPC rating of B, and features excellent insulation. Located in a Victorian building with very high ceilings and bay windows. You will be the first to live in this newly renovated space, situated in the prime location of Kensington, between South Kensington and Chelsea. <br/><br/>Just a 10-minute walk to Earls Court Station, it offers excellent transport links and is within a short walk of Hollywood Road and Fulham Road, where you’ll find various amenities. The flat is designed with high-end finishes throughout, including tastefully designed bathrooms and built-in wardrobes in every bedroom for ample storage. <br/><br/>Additional features include modern kitchen appliances, such as a dishwasher, oven, and microwave, as well as sound insulation between floors, ensuring a comfortable living experience.","This is a rare opportunity to rent a bespoke contemporary designer flat, completely refurbished to a very high standard.",3,2,0,FLAT,IMMEDIATELY,4750,TWELVE_MONTHS,false,"null",51.486325,-0.187613,CHESTERTONS
569,2025-02-25 15:37:52.181 +0000,a69d6879-c59e-4b14-8882-3fdca5fe7964,Queens Gate,,London,SW7 5HR,"Queens Gate, London, SW7 5HR","An impressive two double bedroom, two bathroom apartment on the raised ground floor of this beautiful mid terraced, white stucco, period building. <br/><br/>The property is presented in an excellent condition throughout having been recently refurbished to a very high standards. <br/><br/>Boasting incredibly high ceilings, large windows and period features the apartment comprises a spacious reception room opening on to a modern eat-in kitchen which has been finished to the highest standards. First spacious bedroom benefits of a mezzanine study/dressing area with ample built-in wardrobe space and en-suite bathroom. A further double bedroom offers access to a private terrace and benefits of a large study area and built in storage as well as en-suite shower room. <br/><br/>Queen’s Gate is a prestigious South Kensington address close to Kensington High Street and the beautiful expanse of Hyde Park. The nearest Underground Station is Gloucester Road (Piccadilly, District and Circle Lines) for links to the City and Heathrow Airport.","A stunning 2 bedroom apartment finished to exceptionally high standards located in the prestigious South Kensington. Boasting spacious reception room, modern kitchen, large bedrooms, stylish bathrooms and terrace.",2,2,1,FLAT,"2025-04-03",4750,LT_SIX_MONTHS,false,"null",51.497613,-0.179705,CHESTERTONS
570,2025-02-25 15:37:54.144 +0000,"398c09c5-abb0-4464-bb00-35f56aa52bbc",Kenyon Street,,London,SW6 6LB,"Kenyon Street, London, SW6 6LB","A stunning four bedroom family house located moments from Bishops Park. This house further benefits from two reception rooms, two bathrooms and a fully fitted kitchen which leads out to a large private garden.<br/><br/>Kenyon street is situated in the popular 'Alphabet streets' which are a pocket of wide spaced out roads offering large houses and quiet tree lined streets. The nearby Fulham Palace Road offers quick access to Hammersmith District and Piccadilly underground services.","A stunning four bedroom family house located moments from Bishops Park. This house further benefits from two reception rooms, two bathrooms and a fully fitted kitchen which leads out to a large private garden.",4,2,1,FLAT,"2025-04-03",4750,LT_SIX_MONTHS,false,"null",51.478154,-0.221237,CHESTERTONS
572,2025-02-25 15:37:55.617 +0000,"0b503c12-7d9d-4194-9b33-64c5f6d6c921","Mackenzie House, 363 Lillie Road",,London,SW6 7PD,"Mackenzie House, 363 Lillie Road, London, SW6 7PD","A wonderfully bright & well proportioned 3 bedroom, 2 bathroom lateral apartment set within this grand and luxurious newly built apartment block with the option secure underground parking and located on this quiet cul-de-sac overlooking Fulham recreation ground.<br/><br/>Furthermore, residents benefit from having lift access, use of a fabulous communal terrace and underground parking with bike storage area.<br/><br/>The property is conveniently located with access to a number of transport links including Hammersmith, Barons Court, West Brompton and Parsons Green underground station whilst also proving easy access out of London towards Heathrow.","SHORT LET ALL BILLS INCLUSIVE. This modern three double bedroom apartment offers modern open plan kitchen with built-in appliances and a bright reception room, leading onto a balcony overlooking Lillie Road.",3,2,1,FLAT,IMMEDIATELY,4750,LT_SIX_MONTHS,true,"null",51.483112,-0.216142,CHESTERTONS
573,2025-02-25 15:37:56.937 +0000,"4dcada6c-b6c9-4534-b489-c376c8179d5a",Lexham Gardens,,London,W8 6JN,"Lexham Gardens, London, W8 6JN","This elegant two-bedroom, two-bathroom flat, spanning just over 850 sq ft, is situated on the raised ground floor of a charming residential building. The flat offers direct access to a shared communal garden at the rear, which is exclusively shared with Flat 1. With an EPC rating of C, this property is both stylish and energy-efficient.<br/><br/>Positioned on the west side of Lexham Gardens, divided by Marloes Road, this beautiful stucco-fronted period building enjoys a prime location. It is conveniently located near the diverse and extensive amenities of High Street Kensington, South Kensington, and Earls Court.<br/><br/>The flat features a welcoming reception room, a well-equipped kitchen, a main bedroom with an en-suite shower room, a second bedroom, and an additional bathroom. Offered fully furnished, this property combines comfort and convenience with the added benefit of direct access to a peaceful communal garden.","This modern two-bedroom apartment has been newly refurbished to an exceptional standard, offering a stylish and comfortable living space. The property is fully furnished and features a balcony off the living room.",2,2,1,FLAT,IMMEDIATELY,4750,TWELVE_MONTHS,false,"null",51.495513,-0.194342,CHESTERTONS
574,2025-02-25 15:37:58.357 +0000,"0adc60d0-673d-4e88-9dbc-948d555e832d",Keppel Row,,London,SE1 0FB,"Keppel Row, London, SE1 0FB","Set on the 5th and 6th floors, this 3 bedroom duplex boasts stylish interiors including a large open-plan reception room, a modern kitchen and 3 delightful private balconies.<br/><br/>The property is ideally located on the doorstep to Borough boasting an exceptional range of vibrant shops, bars and restaurants.","Set on the 5th and 6th floors, this 3 bedroom duplex boasts stylish interiors including a large open-plan reception room, a modern kitchen and 3 delightful private balconies.",3,3,1,FLAT,IMMEDIATELY,4750,TWELVE_MONTHS,false,"null",51.504522,-0.096012,CHESTERTONS
575,2025-02-25 15:38:02.323 +0000,"81a53bd9-c4b7-4a16-9b71-f17e03b9ff22","Lincoln House, Basil Street, Knightsbridge",,London,SW3 1AN,"Lincoln House, Basil Street, Knightsbridge, London, SW3 1AN","Beautifully presented garden apartment of circa 820 sq ft situated in a prestigious mansion development with a lift and porter. The property benefits from a high quality contemporary finish throughout with wood flooring in the reception and dining area and good storage. <br/><br/>The accommodation includes two double bedrooms, one family bathroom, a W/C, an open plan reception room and a modern kitchen with breakfast bar. The apartment also benefits from direct access to the garden. <br/><br/>Set on Basil Street in the heart of Knightsbridge moments from the tube. Lincoln House is conveniently located for the many shops and restaurants on Brompton Road and Sloane Street including the world famous Harrods store.",Beautifully presented garden apartment of circa 820 sq ft situated in a prestigious mansion development with lift and porter. The property benefits from a high quality contemporary finish throughout with wood flooring in the reception.,2,1,1,FLAT,IMMEDIATELY,4745,TWELVE_MONTHS,false,"null",51.500674,-0.161383,CHESTERTONS
576,2025-02-25 15:38:04.254 +0000,b2a6f646-b6b3-4478-98ab-53151d606c48,"Riverpark Court, 22-23 Embankment Gardens",,London,SW3 4LW,"Riverpark Court, 22-23 Embankment Gardens, London, SW3 4LW",A beautiful two bedroom two bathroom furnished apartment situated on Chelsea Embankment benefiting from direct views of River Thames from the living room. Circa 858sqft.,A beautiful two bedroom two bathroom furnished apartment situated on Chelsea Embankment benefiting from direct views of River Thames from the living room. Circa 858sqft.,2,2,1,FLAT,"2025-03-10",4745,TWELVE_MONTHS,false,"null",51.484761,-0.156853,CHESTERTONS
577,2025-02-25 15:38:05.200 +0000,"4b4a3dc1-69e0-4009-b941-bc3500b6d432","Palace Wharf, Rainville Road",,London,W6 9UF,"Palace Wharf, Rainville Road, London, W6 9UF","**SHORT LET**  A stunning brand new interior designed, two bedroom, two bathroom ground floor apartment facing the courtyard set within this newly converted, warehouse style, gated development on the River Thames.<br/><br/>The apartment boasts a bright open plan kitchen and living area, two bedrooms with en suite bathrooms and separate WC. The fully fitted Metris Kitchen is complete with Miele appliances including an integrated dishwasher, washer/dryer, full height fridge freezer, oven, hob, and integrated extractor fan as well as a wine cooler. The bathrooms comprise of full bathroom suites with underfloor heating whilst the bedrooms boast bespoke mirrored wardrobes and automatic lighting. Further benefits of the apartment include a Crestron audio-visual system, a digital video door entry system, and pre-wiring for Sky + TV.<br/>With its riverside location.<br/><br/>Palace Wharf is also conveniently close to a number of transport links including Hammersmith Overground and Underground Station, Barons Court, Putney Bridge, and Fulham Broadway Underground Stations, along with several regular and varied bus services which further improve accessibility.","A stunning brand new interior designed, two bedroom, two bathroom ground floor apartment facing the courtyard set within this newly converted, warehouse style, gated development on the River Thames.",2,2,1,FLAT,IMMEDIATELY,4680,SIX_MONTHS,false,"null",51.483895,-0.223975,CHESTERTONS
578,2025-02-25 15:38:06.359 +0000,ddf8d158-f46f-4081-b379-dc09633a89ff,Cunnington Street,,London,W4 5EW,"Cunnington Street, London, W4 5EW","This stunning four bedroom, two bathroom house has recently been beautifully renovated throughout and is moments away from the open spaces of Acton Green and many shops, bars and restaurants in Chiswick. The nearest underground station is Chiswick Park. Offering a superb kitchen extension with folding doors opening to a pretty garden.","This stunning four bedroom, two bathroom house has recently been beautifully renovated throughout and is moments away from the open spaces of Acton Green and many shops, bars and restaurants in Chiswick.",4,2,2,FLAT,IMMEDIATELY,4600,TWELVE_MONTHS,false,"null",51.497421,-0.268486,CHESTERTONS
579,2025-02-25 15:38:08.706 +0000,"45999aa2-5af3-4cfc-9a11-b2d437273114","St Pauls Crescent, Camden",,London,NW1 9TN,"St Pauls Crescent, Camden, London, NW1 9TN","SHORT LET This stunning three bedroom, two bathroom split level apartment is situated within this stunning Mock-Period conversion. The property comprises; spacious open plan reception room, three bedrooms and two bathrooms. <br/><br/>The apartment further benefits; wooden flooring, newly fitted kitchen, balcony and is situated within a gated development. The property is offered furnished and available April.<br/><br/>The excellent shopping and transport facilities of both Camden Town and Kings Cross are in close proximity, and it is also in the catchment area for Camden School for Girls.","SHORT LET This stunning three bedroom, two bathroom split level apartment is situated within this stunning Mock-Period conversion. The property comprises; spacious open plan reception room, three bedrooms and two bathrooms.",3,2,1,FLAT,IMMEDIATELY,4600,LT_SIX_MONTHS,false,"null",51.542648,-0.129379,CHESTERTONS
581,2025-02-25 15:38:10.637 +0000,"97ffae2d-5ae6-40a9-8feb-860d130be35e","Fulham Road, Chelsea",,London,SW3 6SN,"Fulham Road, Chelsea, London, SW3 6SN",A superb interior designed two bedroom apartment within a portered building within easy access to all local amenities.,A superb interior designed two bedroom apartment within a portered building within easy access to all local amenities.,2,1,1,FLAT,IMMEDIATELY,4550,TWELVE_MONTHS,false,"null",51.491972,-0.171257,CHESTERTONS
582,2025-02-25 15:38:11.481 +0000,"7a6986c1-3720-4ffb-a4d1-a71c6521c603","Cornwall Mansions, Cremorne Road, Chelsea",,London,SW10 0PE,"Cornwall Mansions, Cremorne Road, Chelsea, London, SW10 0PE","SHORT LET - A tastefully decorated lateral apartment on the 4th floor of an attractive red brick mansions block. <br/><br/>*** ALL BILLS AND WIFI INCLUDED IN THE RENT ***<br/><br/>This beautiful apartment is spread over 1,100 square feet and boasts a generous reception room, specious kitchen dining area, 3 double bedrooms with fitted wardrobe, 2 bathrooms (1 en-suite) and private balcony which can be access via both the kitchen and reception room. <br/><br/>The property is located within a short walk of the Kings Road as well as Fulham Road.","SHORT LET - This beautiful apartment is spread over 1,100 square feet and boasts a generous reception room, specious kitchen dining area, 3 double bedrooms with fitted wardrobe, 2 bathrooms (1 en-suite) and private balcony which can be access.",3,2,2,FLAT,IMMEDIATELY,4550,LT_SIX_MONTHS,false,"null",51.480376,-0.180893,CHESTERTONS
584,2025-02-25 15:38:12.636 +0000,"69c0bcf4-c750-44bc-ac95-88bc8bb7703c","Harcourt Tower, 67 Marsh Wall",,London,E14 9GS,"Harcourt Tower, 67 Marsh Wall, London, E14 9GS","A beautifully presented two bedroom, two bathroom property on the 9th floor of the brand new Harcourt Tower. The property benefits from tons of natural light, sleek modern specification and offered on a furnished basis. 5 star amenities included and 24/7 concierge. Conveniently located opposite South Quay DLR and within walking distance to central Canary Wharf.","A beautifully presented two bedroom, two bathroom property on the 9th floor of the brand new Harcourt Tower. The property benefits from tons of natural light, sleek modern specification and offered on a furnished basis. 5 star amenities included.",2,2,0,FLAT,IMMEDIATELY,4500,SIX_MONTHS,false,"null",51.500681,-0.018067,CHESTERTONS
580,2025-02-25 15:38:10.095 +0000,"603d0d2e-dabf-4a4b-a233-2ba01604c48e","Onslow Gardens, South Kensington",,London,SW7 3QB,"Onslow Gardens, South Kensington, London, SW7 3QB","A stunning third floor two bedroom apartment over looking communal gardens. The property has been finished the a high quality throughout with views over the communal gardens. <br/><br/>The property benefits from wooden floors in the reception room, two double bedrooms, two bathrooms and a semi-open plan kitchen reception room. <br/><br/>Onslow Gardens is one of the most desirable locations in South Kensington. The apartment is located within equal walking distance to both South Kensington and Gloucester Road tube stations with excellent access to the local amenities.",A stunning second floor two bedroom apartment over looking communal gardens. The property has been finished the a high quality throughout.,2,2,1,FLAT,"2025-04-10",4500,TWELVE_MONTHS,false,"null",51.4911,-0.17832,CHESTERTONS
583,2025-02-25 15:38:11.961 +0000,"9aabfc49-ea92-479a-b709-ff942bdb540e","Burlington House, Kings Road, Richmond",,Surrey,TW10 6NW,"Burlington House, Kings Road, Richmond, Surrey, TW10 6NW","A stunning three bedroom apartment offering spacious reception, separate kitchen, modern bathroom and period features throughout including high ceilings and a feature fire place. <br/><br/>Further benefits include a communal garden and easy access to Richmond station.",A three bedroom modern apartment located on Richmond Hill.,3,1,1,FLAT,IMMEDIATELY,4500,TWELVE_MONTHS,false,"null",51.45665,-0.294936,CHESTERTONS
585,2025-02-25 15:38:12.994 +0000,b3594f58-eb44-47bc-9a5b-a3f923d576a8,"Keybridge Tower, 1 Exchange Gardens",,London,SW8 1BN,"Keybridge Tower, 1 Exchange Gardens, London, SW8 1BN","Located on the 33rd floor  in the heart of Vauxhall’s regeneration area, Keybridge House is perfectly located with exceptional transport links into the city and beyond. This development will consist of 470 studio, 1, 2 and 3 bedroom apartments and penthouses.<br/><br/>Standing at 37 storeys high, Keybridge House will be the tallest residential brick tower in the UK. When completed residents will benefit from landscaped gardens, a private gym, swimming pool, and health spa (facilities expected to complete by 2020). Keybridge club lounge and a 24-hour concierge service.<br/><br/>Keybridge House is situated within a short walking distance of Vauxhall Station (Zone 1) and its Underground and National Rail links. Residents will be able to enjoy Vauxhall’s varied nightlife, including live performances, club nights and cabaret as well as the shops, bars, and cafes in the local area.<br/><br/>Open spaces such as Vauxhall Park, Vauxhall City Farm and Battersea Park are close by and popular shopping and entertainment hubs such as Oxford Circus and Leicester Square can be reached in under 15 minutes.",A beautifully designed two bedroom two bathroom apartment located in the hugely anticipated Keybridge House Development in Vauxhall. This eagerly anticipated property offers luxury living in the heart of Vauxhall.,2,2,1,FLAT,"2025-03-21",4500,TWELVE_MONTHS,false,"null",51.482411,-0.125074,CHESTERTONS
587,2025-02-25 15:38:14.882 +0000,"99a0377f-e3d6-4193-9883-c51468a71701","Acqua House, 41 Melliss Avenue",,Richmond,TW9 4BY,"Acqua House, 41 Melliss Avenue, Richmond, TW9 4BY","A spacious property comprising of two double bedrooms (master with en-suite bathroom), family bathroom, open plan fully fitted kitchen leading to reception & dining area with doors to a spacious balcony. The property further benefits from a designated parking space for one car as well as the use of onsite leisure facilities and concierge service. EPC rating C<br/><br/>*ALSO AVAILABLE FOR LONG LET*","A spacious property comprising of two double bedrooms (master with en-suite bathroom), family bathroom, open plan fully fitted kitchen leading to reception & dining area with doors to a spacious balcony. EPC rating C",2,2,1,FLAT,IMMEDIATELY,4500,LT_SIX_MONTHS,false,"null",51.479703,-0.276651,CHESTERTONS
589,2025-02-25 15:38:16.229 +0000,d56bf02e-92c5-4f60-93a1-6b02b95f454c,"Walsingham, St. Johns Wood Park",,London,NW8 6RH,"Walsingham, St. Johns Wood Park, London, NW8 6RH","A spacious 3 bedroom apartment in an attractive development in St Johns Wood, comprising three double bedrooms, two bathrooms (one en-suite), large modern kitchen, L shaped reception and balcony with views of the city. <br/><br/>The  property benefits from porterage and the rent includes heating and hot water.","A spacious apartment in an attractive development in St Johns Wood, benefiting from a porter and communal heating and hot water.",3,2,1,FLAT,"2025-03-13",4500,SIX_MONTHS,false,"null",51.538738,-0.173419,CHESTERTONS
590,2025-02-25 15:38:17.558 +0000,"59af0539-0ac3-4b70-9790-5f2f13debb66",Denton Road,,London,TW1 2HQ,"Denton Road, Twickenham, TW1 2HQ","A superb, split-level conversion apartment extending to over 1000 sq ft and situated on this quiet road in East Twickenham. Located minutes' walk to Richmond Bridge and many local amenities. The apartment has been stylishly refurbished throughout and briefly comprises; large reception / dining room with bay window and feature fireplace, recently refurbished kitchen with all appliances, large principal bedroom with built in wardrobes and en suite WC,  further two bedrooms, one with ensuite shower and a modern family bathroom. The property further benefits from a stunning roof terrace to the rear, which is fully decked with planters. Denton Road is both convenient for Richmond Town Centre with its excellent transport links and the picturesque Thames Path. Available immediately. EPC=D","A superb, split-level, three bedroom apartment extending to over 1000 sq ft with a large decked roof terrace and situated on this quiet road in East Twickenham.",3,2,1,HOUSE,IMMEDIATELY,4500,LT_SIX_MONTHS,false,"null",51.45359,-0.308228,CHESTERTONS
593,2025-02-25 15:38:18.991 +0000,"7b1c0bf1-a89a-4de3-b2c1-ece22f428f51","Windham Road, Richmond",,Surrey,TW9 2HP,"Windham Road, Richmond, Surrey, TW9 2HP","Stunning three bedroom terraced house to let in Kew, comprising 3 bedrooms, 2 bathrooms, reception room and separate eat-in kitchen. Private garden and driveway included.","A beautifully presented three bedroom and two bathroom terraced house, located conveniently to both Richmond and Kew Gardens stations, and the local shopping amenities. The property also includes a private garden and private driveway.",3,2,1,FLAT,"2025-03-19",4500,TWELVE_MONTHS,false,"null",51.468599,-0.289063,CHESTERTONS
594,2025-02-25 15:38:20.395 +0000,"8d116f80-b09b-45dd-8e20-91d9c33e6e68","Cosway Mansions, Shroton Street",,London,NW1 6UE,"Cosway Mansions, Shroton Street, London, NW1 6UE","**SHORT LET** A well presented first floor apartment set within a mansion block in Marylebone, with wood floors throughout and close to Marylebone Train Station and the amenities of Baker Street.<br/><br/>The property comprises two double bedrooms, an open plan living room/kitchen and shower room.<br/><br/>Additional benefits include wooden floors throughout and entry phone system.","**SHORT LET** A well presented two bedroom apartment set within a mansion block in Marylebone, with wood floors throughout and close to Marylebone Train Station and the amenities of Baker Street.",2,1,1,FLAT,"2025-04-04",4500,LT_SIX_MONTHS,false,"null",51.522421,-0.166104,CHESTERTONS
669,2025-02-25 15:39:46.256 +0000,"07ec6517-9739-4142-9d93-389e6c817825",Hertsmere Road,,London,E14 4EG,"Hertsmere Road, London, E14 4EG","A luxury two bedroom two bathroom apartment, set within an award winning development, No.1 West India Quay, boasting 24hr concierge & room service from the Marriott. This apartment is set on the corner of the building and offers views over the Olympic Park and 02 Arena.","A luxury two bedroom two bathroom apartment, set within an award winning development, No.1 West India Quay, boasting 24hr concierge & room service from the Marriott. Photos for illustrations purposes.",2,2,1,FLAT,IMMEDIATELY,3965,LT_SIX_MONTHS,false,"null",51.509998,-0.02,CHESTERTONS
586,2025-02-25 15:38:14.723 +0000,"62a52f44-7085-4eaa-a71f-bdad4ddc0e45",Redcliffe Gardens,,London,SW10 9HD,"Redcliffe Gardens, London, SW10 9HD","This is a rare opportunity to rent a bespoke contemporary designer flat, completely refurbished to a very high standard. <br/><br/>The flat is highly energy-efficient, with an EPC rating of B, and features excellent insulation. Located in a Victorian building with very high ceilings and bay windows, it is furnished and offers two spacious bedrooms, including one en-suite, and two modern bathrooms. You will be the first to live in this newly renovated space, situated in the prime location of Kensington, between South Kensington and Chelsea. <br/><br/>Just a 10-minute walk to Earls Court Station, it offers excellent transport links and is within a short walk of Hollywood Road and Fulham Road, where you’ll find various amenities. The flat is designed with high-end finishes throughout, including tastefully designed bathrooms and built-in wardrobes in every bedroom for ample storage. <br/><br/>Additional features include modern kitchen appliances, such as a dishwasher, oven, and microwave, as well as sound insulation between floors, ensuring a comfortable living experience.","This is a rare opportunity to rent a bespoke contemporary designer flat, completely refurbished to a very high standard.",2,2,0,FLAT,IMMEDIATELY,4500,TWELVE_MONTHS,false,"null",51.486325,-0.187613,CHESTERTONS
588,2025-02-25 15:38:15.565 +0000,"65f9b6a8-6649-4115-a77e-506c86ab5436","Upper Montagu Street, Marylebone",,London,W1H 1SJ,"Upper Montagu Street, Marylebone, London, W1H 1SJ","A well presented 2 bedroom flat over the ground and lower ground floor of a well maintained period building. The property features a fully fitted kitchen, patio garden, hard wood floors and modern bathroom. Located on Upper Montagu Street the property has great access to Baker Street and Marylebone Stations, Marylebone High Street and Oxford Street.<br/><br/><strong>bedroom 1</strong>  <em></em> <br/> bedroom 1<br/><br/><strong>bedroom 2</strong>  <em></em> <br/> bedroom 2<br/><br/><strong>bathroom</strong>  <em></em> <br/> shared bathroom<br/><br/><strong>reception room</strong>  <em></em> <br/> reception room","A well presented 2 bedroom flat over the ground and lower ground floor of a well maintained period building. The property features a fully fitted kitchen, patio garden, hard wood floors and modern bathroom.",2,1,1,HOUSE,"2025-03-28",4500,LT_SIX_MONTHS,false,"null",51.520569,-0.160481,CHESTERTONS
591,2025-02-25 15:38:17.613 +0000,"4327bb98-09f4-4797-b764-5e69a3b49757","Warwick Way, Pimlico",,London,SW1V 1SB,"Warwick Way, Pimlico, London, SW1V 1SB","Virtual Viewings Available: A spacious duplex with period features throughout and wooden flooring.  Comprising of a large reception with through kitchen with dining area, 3 double bedrooms, 2 bathrooms (1 en-suite) and a patio garden. <br/>Located conveniently for Victoria station, the delights of Pimlico and the Embankment.<br/>Available now furnished",Virtual Viewings Available: A spacious duplex with period features  throughout and wooden flooring this bright 3 bedroom apartment is available now furnished.  Benefiting from 3 good size bedrooms and 2 bathrooms.,3,2,1,FLAT,IMMEDIATELY,4500,TWELVE_MONTHS,false,"null",51.491215,-0.142634,CHESTERTONS
592,2025-02-25 15:38:18.779 +0000,"381c8a79-cf8d-4721-a5d5-ee3fb13d6d80","Old School House, Bridge Lane, The Lanterns",,London,SW11 3AD,"Old School House, Bridge Lane, The Lanterns, London, SW11 3AD","SHORT LET. A beautifully presented loft-style, split level apartment within a Victorian school conversion moments from Battersea Park. Situated on the ground floor, the deep sash windows provide wonderful natural light. Off street parking included.<br/><br/>The Lanterns are located just off the Battersea Bridge Road. On the Battersea bridge road you can get buses to Victoria, South Kensington and Sloane Square. This property is located 0.8 from Clapham junction taking you to Victoria and Waterloo as well as Battersea Park (1 mile) from the property which takes you also into Victoria station. Just a short walk away from the property is the vast open space of Battersea Park, which offers cafes, athletics sports centre, sports pitches, children's zoo and beautiful walks.","SHORT LET. A beautifully presented loft-style, split level apartment within a Victorian school conversion moments from Battersea Park. Situated on the ground floor, the deep sash windows provide wonderful natural light. Off street parking included.",2,2,0,FLAT,"2025-03-24",4500,LT_SIX_MONTHS,false,"null",51.474233,-0.16694,CHESTERTONS
599,2025-02-25 15:38:28.273 +0000,c48e7a43-fc4d-47ee-81be-04e9ad181b31,Banyard Road,,London,SE16 2YA,"Banyard Road, London, SE16 2YA","SHORT LET* An immaculate period terraced cottage set within the heart of Bermondsey. The future resident of this property can enjoy the manicured garden which extends to the rear of the property with the additional benefit of all the garden maintenance being included within the monthly rental payment. The property comprises reception, two double bedrooms, a large dining room, and a substantial family bathroom.",SHORT LET* An immaculate period terraced cottage set within the heart of Bermondsey.,2,1,1,FLAT,IMMEDIATELY,4500,TWELVE_MONTHS,false,"null",51.494316,-0.059186,CHESTERTONS
600,2025-02-25 15:38:31.399 +0000,"2769170a-7772-4756-b52d-2dedf65b80d4","New Broadway, Hampton Hill, Hampton",,Middlesex,TW12 1JG,"New Broadway, Hampton Hill, Hampton, Middlesex, TW12 1JG","This stunning apartment has just been completely redecorated throughout with brand new appliances. It offers an abundance of natural light, and ample storage. <br/><br/>The property offers three double bedrooms, one of which has an en-suite, and a further family bathroom. There is secure bike storage available.<br/><br/>Situated in the heart of Hampton Hill, the flat offers proximity to local shops and restaurants. This property is offered fully furnished on a short term basis.",Stunning three bedroom property which has been completely refurbished throughout. This property offers two bathrooms and an abundance of natural light and storage. Offered fully furnished on a short term basis.,3,2,0,FLAT,IMMEDIATELY,4498,LT_SIX_MONTHS,false,"null",51.428811,-0.353565,CHESTERTONS
601,2025-02-25 15:38:32.457 +0000,"94619a7c-11dd-46ff-a179-c031fad175d5","Fitzjohns Avenue, Hampstead",,London,NW3 5NA,"Fitzjohns Avenue, Hampstead, London, NW3 5NA","A highly refurbished 2 double bedroom duplex apartment set on the 2nd and 3rd floors of this beautiful Victorian building in an excellent location close proximity to Swiss Cottage (Jubilee Line) and walking distance to the fashionable shops and restaurants of Hampstead Village (Northern Line).  The property has the benefit of wood floors in the entrance hall and reception room and offers parking under separate negotiation.  Accommodation comprises large reception room, fully fitted eat in kitchen, master bedroom with en-suite shower room, 2nd double bedroom with en-suite bathroom and walk-in wardrobe, guest cloakroom.  Sole Agent.",A highly refurbished 2 double bedroom duplex apartment on the 2nd and 3rd floors of this beautiful Victorian building close to Swiss Cottage (Jubilee Line) and walking distance to Belsize Park (Northern Line). Sole Agent.,2,2,1,FLAT,"2025-04-15",4350,TWELVE_MONTHS,false,"null",51.547673,-0.175456,CHESTERTONS
674,2025-02-25 15:39:56.875 +0000,"76097eb4-ab03-4906-86b5-74ef9838a92a","Bruton Street, Mayfair",,London,W1J 6QF,"Bruton Street, Mayfair, London, W1J 6QF",Duplex two bedroom flat situated in the heart of Mayfair perfectly located just off Berkeley Square and moments from Bond Street.,Duplex two bedroom flat situated in the heart of Mayfair perfectly located just off Berkeley Square and moments from Bond Street.,2,1,1,FLAT,IMMEDIATELY,3900,TWELVE_MONTHS,false,"null",51.510339,-0.145331,CHESTERTONS
595,2025-02-25 15:38:21.532 +0000,f01919fa-3f61-47ee-94aa-d388572d7dd7,"Sandwell Mansions, West End Lane",,London,NW6 1XL,"Sandwell Mansions, West End Lane, London, NW6 1XL","*VIDEO TOUR AVAILABLE* A refurbished 4 bedroom ground floor apartment with high ceilings and wood floors in this Victorian purpose built mansion block situated in the heart of West Hampstead, short walk to the shops and amenities of West End Lane and within walking distance to the Underground/Overground links into the City.  Accommodation comprises spacious reception room, fully fitted eat in kitchen with breakfast bar master bedroom with en-suite shower room, 3 further double bedrooms, family bathroom.",A refurbished 4 bedroom ground floor apartment with high ceilings and wood floors in this purpose built mansion block in West Hampstead.,4,2,1,FLAT,"2025-03-08",4500,TWELVE_MONTHS,false,"null",51.549309,-0.191732,CHESTERTONS
596,2025-02-25 15:38:23.251 +0000,f29b887a-c2ec-4f5c-a0d9-8960ffaead5f,"Kings Cross Road, Kings Cross",,London,WC1X 9BJ,"Kings Cross Road, Kings Cross, London, WC1X 9BJ","SHORT LET<br/><br/>A large, well appointed top floor duplex that offers an East/West orientation that has been recently refurbished to provide an exceptional Central London home. This bright apartment offers large open plan reception and kitchen on the upper floor, which has direct access to a large decked terrace. There is a master bedroom with ensuite shower room, a second double bedroom currently being used as an office, guest bathroom and further terrace. <br/><br/>Situated a short walk to the excellent transport links that King's Cross offers including Eurostar, Tube, Thameslink and British Rail. A range of trendy bars, restaurants and shops are close by to the property, with easy access to Bloomsbury, Angel and Clerkenwell.<br/><br/>BILLS INCLUDED","SHORT LET!  A large, top floor duplex that offers an East/West orientation refurbished to an exceptional Central London home. Moments from excellent transport links that King's Cross offers including Eurostar, Tube, Thameslink and British Rail.",2,2,2,FLAT,"2025-03-31",4500,LT_SIX_MONTHS,true,"null",51.529523,-0.11609,CHESTERTONS
597,2025-02-25 15:38:25.422 +0000,a7c6865c-c043-4846-8983-84f55ec4be10,Olive Road,,London,NW2 6UU,"Olive Road, NW2 6UU","A rare opportunity to live in a stunning ground floor apartment in a period conversion, boasting two bedrooms and one bathroom. This charming and well-maintained property is offered fully furnished, providing a comfortable and homely atmosphere. The spacious interior is beautifully styled, creating a welcoming living space that is perfect for modern living. Situated in a desirable location, this property offers the convenience of town amenities while also enjoying the tranquillity of a private garden. With permits available for residents, this serviced apartment presents an ideal opportunity for those seeking a stylish and convenient living arrangement.","SHORT LET *ALL BILLS INCLUDED, WITH PARKING PERMIT, INTERNET & BI-WEEKLY CLEANING* Charming 2-bed furnished ground floor apartment with garden. Stylish period conversion, well-maintained and homely.",2,1,0,FLAT,"2025-04-01",4500,LT_SIX_MONTHS,true,"null",51.556902,-0.225941,CHESTERTONS
598,2025-02-25 15:38:27.500 +0000,f5305475-b7ba-4479-8c8e-3f0b81fab650,"Marlborough Hill, St John's Wood",,London,NW8 0NG,"Marlborough Hill, St John's Wood, London, NW8 0NG","This bright apartment comprise two double bedrooms with fitted in wardrobes, two bathrooms (one en-suite), large reception area, separate fully equipped kitchen and plenty of storage.<br/><br/>The property is located moments from the amenities on St. John's Wood High Street and St. John's Wood Underground (Jubilee Line).",A bright and spacious apartment located on the second floor (with lift) in a modern development in the heart of St. John's Wood.,2,2,1,FLAT,IMMEDIATELY,4500,SIX_MONTHS,false,"null",51.533874,-0.18153,CHESTERTONS
604,2025-02-25 15:38:36.820 +0000,bf574ca6-7c8d-492a-b447-0b74e058491d,"St. Pauls Road, Islington",,London,N1 2LL,"St. Pauls Road, Islington, London, N1 2LL","Short Let <br/>A beautifully presented three double bedroom maisonette, featuring its own private entrance and rear garden.<br/><br/>The flat is bright and well balanced, comprising; a double bedroom housed at the front on the lower level, which could be utilised as an additional/formal reception space. <br/>There are two double bedrooms on the raised ground floor, which enjoy impressive ceiling height and are cleverly designed to include a “Jack & Jill” family bathroom in between.<br/><br/>The property has been refurbished throughout by the current owners and fully re-wired with SMART technology. <br/><br/>Transport can be found via a very short walk to Canonbury Station (London Overground) or Highbury and Islington (Victoria Line and National Rail), with a number of bus routes running on Green Lanes and from Newington Green.","SHORT LET! A beautifully presented three double bedroom maisonette, benefitting from rear garden, ideally set in Canonbury and within easy reach of Highbury & Islington and Upper Street.",3,1,2,FLAT,"2025-04-12",4300,LT_SIX_MONTHS,false,"null",51.547337,-0.097011,CHESTERTONS
605,2025-02-25 15:38:38.612 +0000,"2a238d17-76b8-4dfb-a000-1956399dea53","Palace Wharf, Rainville Road",,London,W6 9UF,"Palace Wharf, Rainville Road, London, W6 9UF","A strikingly brand-new interior designed two-bedroom, two-bathroom first floor apartment set within this newly converted, warehouse style, gated development on the River Thames.<br/><br/>The apartment boasts a bright open plan kitchen and living area, master bedroom with en suite shower room and an additional guest bathroom. The fully fitted Metris Kitchen is complete with Miele appliances including an integrated dishwasher, washer/dryer, full height fridge freezer, oven, hob and integrated extractor fan as well as a Caple wine cooler.<br/><br/>The bathrooms comprise of full bathroom suites with underfloor heating whilst the bedrooms boast bespoke mirrored wardrobes and automatic lights which are sure to impress. Further benefits of the apartment include a Crestron audio visual system, a digital video door entry system and pre-wiring for Sky + TV.<br/><br/>With its riverside location, Palace Wharf is also conveniently close to several transport links including Hammersmith Overground and Underground Station, Barons Court, Putney Bridge and Fulham Broadway Underground Stations, along with several regular and varied bus services which further improve accessibility.","A strikingly brand-new interior designed two-bedroom, two-bathroom first floor apartment set within this newly converted, warehouse style, gated development on the River Thames.",2,2,1,FLAT,IMMEDIATELY,4290,SIX_MONTHS,false,"null",51.49114,-0.226141,CHESTERTONS
614,2025-02-25 15:38:45.414 +0000,"390b1098-662c-4a67-b69c-f8ebfa5301f7","Clive Court, 75 Maida Vale, Little Venice",,London,W9 1SE,"Clive Court, 75 Maida Vale, Little Venice, London, W9 1SE","A fantastic  bright and spacious ground floor apartment, spanning approximately 1100 square feet, in this prestigious purpose built block in the heart of Maida Vale.<br/><br/>Clive Court is superbly located just moments from the array of shops and cafe's on Clifton Gardens and Warwick Avenue Underground Station (Bakerloo Line).","A fantastic  bright and spacious ground floor apartment, spanning approximately 1100 square feet, in this prestigious purpose built block in the heart of Maida Vale.",3,2,0,FLAT,IMMEDIATELY,4312,TWELVE_MONTHS,false,"null",51.526638,-0.179933,CHESTERTONS
710,2025-02-25 15:40:36.511 +0000,"518f7778-f3e3-4684-9818-ea11b3d070d6","Coronation Court, Brewster Gardens",,London,W10 6AL,"Coronation Court, Brewster Gardens, London, W10 6AL","","An impressive two bedroom, two bathroom penthouse apartment with air conditioning and private balcony, available to long let on a furnished basis.",2,2,1,FLAT,IMMEDIATELY,3748,TWELVE_MONTHS,false,"null",51.520524,-0.22577,CHESTERTONS
602,2025-02-25 15:38:34.678 +0000,"3b5003bf-cd98-4b55-acb6-48e4170c899b","Palace Wharf, Rainville Road",,London,W6 9UF,"Palace Wharf, Rainville Road, London, W6 9UF","A stunning brand-new interior designed, 2 bedroom, 2 bathroom first-floor apartment facing the courtyard set within this newly converted warehouse, gated development on the River Thames.<br/><br/>The apartment boasts a bright open-plan kitchen and reception room, master bedroom with en-suite shower room and an additional guest bathroom. The fully fitted Metris Kitchen is complete with Miele appliances including an integrated dishwasher, washer/dryer, full height fridge freezer, oven, hob and integrated extractor fan as well as a Miele wine cooler. The full bathroom suites come with underfloor heating whilst the bedrooms boast bespoke mirrored wardrobes and automatic lighting. Further benefits of the apartment include a Smart Home visual system, a digital video door entry system and pre-wiring for Sky + TV.<br/><br/>With its riverside location, Palace Wharf is also conveniently close to several transport links including Hammersmith Overground and Underground Station, Barons Court, Putney Bridge and Fulham Broadway Underground Stations, along with several regular and varied bus services which further improve accessibility.","A stunning brand-new interior designed, 2 bedroom, 2 bathroom first-floor apartment facing the courtyard set within this newly converted warehouse, gated development on the River Thames.",2,2,1,FLAT,IMMEDIATELY,4350,SIX_MONTHS,false,"null",51.482532,-0.223203,CHESTERTONS
603,2025-02-25 15:38:35.922 +0000,"4add4826-598e-4ba8-8be3-eaf1619a883b",Newfoundland Place,,London,E14 4BJ,"Newfoundland Place, London, E14 4BJ","Imagine lazy mornings in your waterside apartment, carefree coffees on your sun-soaked terrace. Shared spaces, where you bond with neighbours. Events made for your tastes, in the company of world cultures. Enjoy unmissable moments with those who really get you.<br/><br/>We're all different, and that's something to celebrate. Find your perfect fit among three distinctive buildings. Welcome home to Newfoundland.<br/><br/>Bold design and buzzy energy define life in this Thames-side tower in Newfoundland. Wake up London's striking skyline and winding waterways.<br/><br/>There's so much more to renting. Enjoy extensive amenity spaces and a programme of curated events hosted in these spaces. With the Vertus+ app our residents also benefit from access to partner perks by neighbourhood brands in Canary Wharf. Fancy a 20% skincare discount, or a drink on us? We have you covered.<br/><br/>AMENITY SPACES<br/><br/>- South-west facing terrace with BBQ<br/>- Gym and Fitness studios<br/>- Private dining room<br/>- Residents' lounge and games area<br/>- ""Kidult"" area and outdoor children's play area<br/>- Self-service bar with coffee machine and wine dispenser<br/><br/>PERKS<br/><br/>- Monthly exclusives on the residents' app<br/>- Free Fiit membership - the #1 Rated Fitness App with hundreds of killer on-demand workouts with world-class trainers.<br/>- Dry cleaning and laundry services<br/>- Guest suites - fully-furnished suites for residents to book as an extension of their home when hosting more family and friends<br/><br/>BUILDING<br/><br/>- Free high-speed Wi-Fi throughout the apartments and building - easy to WFH, game, or stream your favourite show without glitches.<br/>- We have a dedicated team on-site (engineers, concierge, building managers) here to help with any questions you have to make your move as stress-free as possible<br/>- Pantree honesty market - so you can pick up essential without leaving your building<br/>- Bring me boxes<br/>- Apartments furnished by David Phillips<br/><br/>NEIGHBOURHOOD<br/><br/>- Feel safe and secure on a private Estate - Canary Wharf.<br/>- Convenient transport connections -Canary Wharf London Underground Station (Jubilee Line) / 3 mins travel*, Heron Quay station (DLR) / 4 mins travel*, South Quay station (DLR) / 8 mins travel*, Canary Wharf Crossrail Place (Elizabeth Line) / 10 minutes travel* (*approximate travel to stations).<br/>- Immerse yourself in convenience and culture with 300 shops, bars and restaurants, 100 cultural events per year, and the UK's largest free-to-visit collection of outdoor public art. The Wharf also benefits from over 16 acres of landscaped parks, boardwalks and squares.<br/><br/><br/>*Please note that all images, floorplans and particulars included are for illustrative and indicative purposes only. Individual features and layout may vary.<br/><br/><br/>Chestertons is collaborating with the developer on this project. Your enquiry (including your name and your contact details will be shared with them. We adhere to all data protection regulations and our policy can be found here: https://www.chestertons.co.uk/privacy. Vertus will contact you directly to arrange a viewing and will be responsible for adhering to their data protection requirements. Their policy can be found here:  https://thisisvertus.com/privacy-policy/","Chestertons are pleased to offer the opportunity to rent a beautifully finished, two bedroom apartment in the Vertus development Newfoundland, Canary Wharf. The property is offered fully furnished, with 24/7 concierge and amenities.",2,1,1,FLAT,IMMEDIATELY,4348,TWELVE_MONTHS,false,"null",51.504087,-0.025038,CHESTERTONS
606,2025-02-25 15:38:38.625 +0000,b41c5a72-5a28-4835-8d48-c2fb425fc3ec,Merino Gardens,,London,E1W 2DR,"Merino Gardens, London, E1W 2DR","This fabulously designed apartment in London Dock offers open plan kitchen/living/dining with direct access to the private balcony, two double bedrooms and two bathrooms.","This fabulously designed apartment in London Dock offers open plan kitchen/living/dining with direct access to the private balcony, two double bedrooms and two bathrooms.",2,2,1,FLAT,IMMEDIATELY,4333,LT_SIX_MONTHS,false,"null",51.505796,-0.057199,CHESTERTONS
608,2025-02-25 15:38:41.282 +0000,"3935659c-3e9d-47df-8b6a-8dacdea9da52","Charter House, Crown Court",,London,WC2B 5EX,"Charter House, Crown Court, London, WC2B 5EX","Discover the Modern Charm of Charter House<br/><br/>Located on Crown Court, a tranquil pedestrianised street that connects Bow Street and Drury Lane, lies the modern purpose-built residential block, Charter House. This cozy fifth-floor lateral apartment boasts an abundance of natural light and comprises a spacious reception room with dual-aspect windows, a fully-equipped kitchen, two double bedrooms, and a family bathroom. The apartment is presented in good condition with neutral decor and timber flooring to the main living areas. The bright and quiet apartment is perfect for those seeking a rental investment or a central pied-a-terre. The apartment also comes with a weekday concierge.<br/><br/>Charter House is situated opposite the Royal Opera House in the heart of Theatreland, with Covent Garden's Piazza just moments away, offering a wide range of retail and culinary options. The nearby Drury Lane is experiencing a renaissance with the recent opening of Caravan's first West End restaurant, and many other exciting new openings planned. To the east, the open space of Lincoln's Inn Fields is just a short walk away, with the main campuses of both Kings College London and London School of Economics nearby.<br/><br/>This central and well-connected neighbourhood offers easy access to Covent Garden, Leicester Square, and Holborn underground stations, as well as riverboat services to The City & Canary Wharf from nearby Embankment Pier. Charter House is the ideal location for those looking to be at the heart of the action in one of London's most vibrant neighbourhoods.","(SHORT LET) Chestertons is proud to offer this short let opportunity in the heart of Covent Garden, comprising of 2 bedrooms, 1 bathroom within a Portered Building.",2,1,0,FLAT,"2025-03-31",4333,LT_SIX_MONTHS,false,"null",51.513698,-0.121157,CHESTERTONS
611,2025-02-25 15:38:42.706 +0000,"54da1904-960d-4886-9c69-74091023c285","Oval Road, Primrose Hill",,London,NW1 7EA,"Oval Road, Primrose Hill, London, NW1 7EA","This sensational two double bedroom apartment is situated on the ground floor within this impressive modern development. The property comprises; spacious open plan reception room, two double bedrooms and modern bathrooms. <br/><br/>This impressive development further benefits; decked terrace, floor to ceiling windows, modern fixtures and fittings and ample storage. The property is offered furnished and available late february. <br/><br/>Oval Road is ideally situated moments from all the amenities of Camden Town and close to excellent transport links including Camden underground station.","This sensational two double bedroom apartment is situated on the ground floor within this impressive modern development. The property comprises; spacious open plan reception room, two double bedrooms and two modern bathrooms.",2,2,1,FLAT,IMMEDIATELY,4333,LT_SIX_MONTHS,false,"null",51.538891,-0.147587,CHESTERTONS
612,2025-02-25 15:38:44.092 +0000,c19178d7-3323-4153-88ac-a993e675e18b,Charles Clowes Walk,,London,SW11 7AG,"Charles Clowes Walk, London, SW11 7AG","An impressive interior designed 770Sq Ft 2-bedroom, 2-bathroom apartment located in Thornes House forming part of The Residence Collection in Nine Elms on London’s iconic South Bank.<br/><br/>This luxury apartment is situated on the 4th floor of this prestigious building which features a 24-hour manned concierge along with a dedicated building manager, lift service, gym, media room, board room and secure underground parking.<br/><br/>The apartment comprises a spacious reception room complete with Samsung Smart TV's with Bose sound bars incorporating a built in Amazon Alexa to control the apartments lighting, TV and heating systems along with a private winter garden creating a further living area. The reception room is open plan with a fully fitted kitchen featuring integrated AEG appliances with floor to ceiling windows providing far reaching views across London. The apartment offers two double-bedrooms, two-bathrooms, one of which is an en-suite bathroom from the master bedroom. The apartment also benefits from ample storage space. <br/><br/>Thornes House is ideally positioned between two new Northern Line underground stations (set to open in 2020), adding to the extensive transport links including tree lined footpaths, dedicated cycle lanes, Clipper river service, local buses and the Pimlico bridge providing direct access into the neighbouring Royal Boroughs of Kensington and Chelsea.","This luxury apartment is situated on the 4th floor of this prestigious building which features a 24-hour manned concierge along with a dedicated building manager, lift service, gym, media room, board room and secure underground parking.",2,2,1,FLAT,IMMEDIATELY,4333,LT_SIX_MONTHS,false,"null",51.48077,-0.132833,CHESTERTONS
607,2025-02-25 15:38:39.681 +0000,"21199a76-aa44-4173-98f8-5694ad6e365d",Hallam Street,,London,W1W 5HE,"Hallam Street, London, W1W 5HE","A beautifully renovated two-bedroom apartment situated on the third floor of a charming building at the end of a tranquil cul-de-sac, just moments from the iconic Regent's Park. This meticulously designed property boasts a spacious, modern kitchen, elegant wood flooring throughout, and a generously sized double bedroom complete with an en-suite bathroom. Additionally, there is a separate guest cloakroom for convenience.<br/><br/>Residents will also benefit from the exceptional concierge services provided, ensuring both comfort and security.<br/><br/>Hallam Street enjoys an enviable central location, offering effortless access to the lush green spaces of Regent's Park, as well as the vibrant array of local shops, cafes, restaurants, and pubs. The nearby Underground station at Great Portland Street ensures excellent connectivity across the city, making this apartment an ideal choice for both comfort and convenience.","A beautifully renovated two-bedroom apartment situated on the third floor of a charming building at the end of a tranquil cul-de-sac, just moments from the iconic Regent's Park. This meticulously designed property boasts a spacious, modern kitchen, e",2,0,1,FLAT,IMMEDIATELY,4290,LT_SIX_MONTHS,false,"null",51.522645,-0.144862,CHESTERTONS
609,2025-02-25 15:38:41.471 +0000,fb2fde6c-7d59-4472-8b1e-4893adb5749f,Sutherland Avenue,,London,W9 2HF,"Sutherland Avenue, London, W9 2HF","A lovely two double bedroom apartment within this impressive period building. The property comprises; large open plan reception, two double bedrooms and modern bathroom.<br/><br/>Sutherland Avenue is conveniently situated moments from all the amenities of Little Venice and close to excellent transport links including both Maida Vale and Warwick Avenue underground stations.  EPC D","(SHORT LET) A lovely two double bedroom apartment within this impressive period building. The property comprises; large open plan reception, two double bedroom and modern bathroom. EPC D.",2,1,0,FLAT,"2025-04-17",4250,LT_SIX_MONTHS,false,"null",51.523805,-0.191632,CHESTERTONS
610,2025-02-25 15:38:42.544 +0000,"95c315ea-5dc8-4d46-9fd9-00d26df829e1","Fitzjohns Avenue, Hampstead",,London,NW3 5JY,"Fitzjohns Avenue, Hampstead, London, NW3 5JY","*VIDEO TOUR AVAILABLE*. A magnificent 2 bedroom duplex apartment on the 3rd/4th floors of this period conversion with lift boasting beautiful parquet floors, air conditioning in the master bedroom and reception situated in this excellent location in Hampstead (Northern Line) and easy access to the transport links of Swiss Cottage (Jubilee Line). Accommodation comprises 3rd floor:  reception room, open plan fully fitted kitchen, double bedroom, shower room  4th floor: double bedroom, family bathroom, utility room.",*VIDEO TOUR AVAILABLE*. A magnificent 2 bedroom duplex apartment on the 3rd/4th floors of this period conversion with lift boasting beautiful parquet floors situated in this excellent location in Hampstead (Northern Line).  Sole Agent.,2,2,0,FLAT,"2025-03-21",4250,TWELVE_MONTHS,false,"null",51.547687,-0.176237,CHESTERTONS
613,2025-02-25 15:38:44.336 +0000,d5282e5f-6ce0-43f8-9d7e-4e52afb7d781,"Mono Tower, Penn Street, Hoxton",,London,N1 5FE,"Mono Tower, Penn Street, Hoxton, London, N1 5FE","Stunning two-bedroom, two bathroom apartment located in one of two iconic hexagonal towers, part of the Hoxton Press Development.<br/><br/>The flat provides spacious high-tech accommodation which includes hyper optic broadband, self-cleaning appliances, and video entry.<br/><br/>The property benefits from a fully fitted kitchen, open plan living area, master bedroom with en-suite, second bedroom, family size bathroom, large balcony and underground bike storage (on a first come first served basis).<br/><br/>The apartment is located on the 17th floor and provides amazing views over the city of London.<br/><br/>It's ideally located for access to the tech startups in Shoreditch and the heart of London Financial Districts. The development further benefits from a twenty-four-hour concierge, weekly laundry service (sign up service), and an online parcel collection service.","SHORT LET - Stunning two-bedroom, two bathroom apartment located in one of two iconic hexagonal towers, part of the Hoxton Press Development.",2,2,1,FLAT,"2025-03-30",4250,LT_SIX_MONTHS,false,"null",51.536443,-0.08629,CHESTERTONS
615,2025-02-25 15:38:46.280 +0000,fbd155d5-f742-4c26-90e5-03bf178bd7a8,"London Square, 121 Upper Richmond Road",,Putney,SW15 2DU,"London Square, 121 Upper Richmond Road, Putney, SW15 2DU","Fantastic luxury apartment on the eighth floor of this award winning development, providing panoramic views over London. Two double bedrooms, two bathrooms, large open plan living and dining area leading to private terrace.<br/><br/>The property benefits from ample built-in storage and is furnished throughout to a very high-standard and includes one underground parking space and 24 hour concierge. <br/><br/>Offered furnished & available from March.","Fantastic luxury apartment on the eighth floor of this award winning development, providing panoramic views over London. Two double bedrooms, two bathrooms, large open plan living and dining area leading to private terrace.",2,2,1,FLAT,"2025-03-07",4250,TWELVE_MONTHS,false,"null",51.46,-0.214243,CHESTERTONS
617,2025-02-25 15:38:47.712 +0000,eaa9a802-5777-4e64-978e-6e6393cd6ddf,"Ashgrove House, 28 Lindsay Square, Pimlico",,London,SW1V 2HW,"Ashgrove House, 28 Lindsay Square, Pimlico, London, SW1V 2HW","A beautifully refurbished duplex apartment located within the ever popular Bessborough Gardens. The apartment benefits from two double bedrooms, two bathrooms(one  en-suite), a spacious kitchen/dining area, separate reception room leading onto to balconies with direct views over the garden square, 24 hours porter, underground parking and great storage. Exclusive to Chestertons.","Offered exclusively by Chestertons. A beautifully refurbished duplex apartment over the garden square, 24 hours porter, underground parking within the ever popular Bessborough Gardens.",2,2,1,FLAT,"2025-04-30",4250,TWELVE_MONTHS,false,"null",51.488541,-0.131133,CHESTERTONS
619,2025-02-25 15:38:49.137 +0000,a2ddf9f7-bf6e-4042-88d3-2e49e77c664c,"Belvedere House, 130 Grosvenor Road",,London,SW1V 3JY,"Belvedere House, 130 Grosvenor Road, London, SW1V 3JY","A large top floor river apartment with direct River views and an onsite porter. The apartment has lovely wood flooring throughout, a modern separate kitchen, two double bedrooms both with built-in wardrobes and en-suite bathrooms. The reception has a semi-circle recess providing views up and down the River Thames.","Amazing River views! The apartment has lovely wood flooring throughout, a modern separate kitchen, two double bedrooms both with built-in wardrobes and en-suite bathrooms. The reception has a semi-circle recess providing views up and down the Thames.",2,2,1,FLAT,"2025-04-03",4250,SIX_MONTHS,false,"null",51.485402,-0.135597,CHESTERTONS
630,2025-02-25 15:39:07.149 +0000,ffbf8dea-332e-488f-b15f-8ea59c6c1dd2,"Fellows Court, Weymouth Terrace, Hoxton",,London,E2 8LF,"Fellows Court, Weymouth Terrace, Hoxton, London, E2 8LF","Situated in the heart of Hoxton providing great access to The City & Shoreditch this four bedroom split level garden maisonette.    <br/><br/>Offered with a generous layout and accommodation comprising own entrance, four bedrooms, open plan reception room/kitchen, modern fitted bathroom suite and a 2nd separate W.C, private rear garden and a front garden plus wood floors throughout.    <br/><br/>Weymouth Terrace is ideally situated moments away from all the amenities of Hoxton & Shoreditch with great transport links into the City.","4 bedroom maisonette situated in the heart of Hoxton providing great access to The City & Shoreditch",4,1,1,FLAT,IMMEDIATELY,4200,TWELVE_MONTHS,false,"null",51.531195,-0.074556,CHESTERTONS
616,2025-02-25 15:38:46.453 +0000,f5e13a05-66d1-4af8-9d82-35088685f927,"Hereford House, 11 Ovington Gardens, Knightsbridge",,London,SW3 1LU,"Hereford House, 11 Ovington Gardens, Knightsbridge, London, SW3 1LU","Contemporary 5th floor apartment of circa 776 sq ft with lift access in a popular modern development on the corner of Ovington Gardens and Brompton Street.  <br/><br/>The property is bright and spacious and benefits from wood flooring and stunning viewings across the city. The accommodation comprises of a stylish open plan reception and fully fitted kitchen, private balcony, two double bedrooms and two modern bathrooms.  <br/><br/>Located moments from Harrods and just a short walk from Knightsbridge station and Hyde Park.",Contemporary 5th floor apartment of circa 776 sq. ft. with lift access in a popular modern development. Features in stylish open plan reception with wood flooring and private balcony.,2,2,1,FLAT,IMMEDIATELY,4311,TWELVE_MONTHS,false,"null",51.497961,-0.16616,CHESTERTONS
618,2025-02-25 15:38:47.834 +0000,ddf3e50e-a4a6-4632-b671-f2cb4b5274c6,"Strathmore Court, 143 Park Road, St John's Wood",,London,NW8 7HY,"Strathmore Court, 143 Park Road, St John's Wood, London, NW8 7HY","A second floor well presented apartment within close proximity to Regents Park, LBS and the amenities of Marylebone.<br/><br/>The property comprises two double bedrooms, a bathroom, fitted kitchen and reception room.","A second floor well presented apartment within close proximity to Regents Park, LBS and the amenities of Marylebone.",2,1,1,FLAT,IMMEDIATELY,4311,SIX_MONTHS,false,"null",51.52959,-0.16795,CHESTERTONS
623,2025-02-25 15:38:57.420 +0000,ca420548-fd99-4bc9-b691-62b51c71b682,"Circus Lodge, Circus Road",,London,NW8 9JN,"Circus Lodge, Circus Road, London, NW8 9JN","A modern three bedroom apartment on the top floor (with lift) of this popular portered building within close proximity to St John's Wood High Street and Underground Station.  <br/><br/>This bright and airy apartment is offered in fantastic decorative condition throughout and benefits from a 17ft master bedroom with a luxurious en-suite bathroom, spacious reception room, modern fully fitted kitchen, 2 further bedrooms and family bathroom.",A modern three bedroom apartment on the top floor (with lift) of this popular portered building within close proximity to St John's Wood High Street and Underground Station.,3,2,1,FLAT,IMMEDIATELY,4250,SIX_MONTHS,false,"null",51.530952,-0.175288,CHESTERTONS
624,2025-02-25 15:38:58.976 +0000,"14a65fcb-0656-4059-b5f2-90f97190b225","Tallow Road, Brentford",,Middlesex,TW8 8EU,"Tallow Road, Brentford, Middlesex, TW8 8EU","A spacious town house located on the prestigious Island in the heart of Brentford with balconies from many of the rooms directly overlooking the canal.  Spacious throughout, the property has a large reception room with dining area, wooden floors & balcony, contemporary fully fitted kitchen, 4 good size bedrooms with fitted wardrobes, study/further bedroom, 2 en suite shower room, further family bathroom and WC.  The property further benefits from an allocated off street parking space and a porter.","A five bedroom, two bathroom house, with open plan reception room and fitted kitchen, three balconies, allocated parking and porter services.",5,3,1,HOUSE,IMMEDIATELY,4250,TWELVE_MONTHS,false,"null",51.480952,-0.310716,CHESTERTONS
625,2025-02-25 15:39:00.483 +0000,d6d8e6a8-805e-44c3-b02e-a99f253fe130,Rotherhithe Street,,London,SE16 4NF,"Rotherhithe Street, London, SE16 4NF",SHORT LET* Two bedroom warehouse conversion with amazing river views. The property comprises open-plan living space/kitchen two double bedrooms and modern bathrooms.,SHORT LET* Two bedroom warehouse conversion with amazing river views. The property comprises open-plan living space/kitchen two double bedrooms and modern bathrooms.,2,2,1,FLAT,IMMEDIATELY,4250,LT_SIX_MONTHS,false,"null",51.501846,-0.05346,CHESTERTONS
626,2025-02-25 15:39:02.641 +0000,"9b069c94-b6b5-4307-82da-7a9b33af358b",Lexham Gardens,,London,W8 6JN,"Lexham Gardens, London, W8 6JN","This stunning, newly refurbished two-bedroom apartment offers modern living at its finest. Each of the two double bedrooms has been thoughtfully designed, providing a perfect blend of comfort and style. The interiors have been meticulously crafted to an exceptional standard, featuring high-quality finishes and contemporary furnishings that create a warm and inviting atmosphere throughout the entire space.<br/><br/>The apartment is offered fully furnished, making it an ideal choice for those seeking a move-in-ready home. From the spacious living area to the well-appointed kitchen, every detail has been considered to ensure a luxurious living experience. The kitchen is equipped with state-of-the-art appliances, sleek countertops, and ample storage, making it perfect for both casual dining and entertaining guests.<br/><br/>Situated in the highly sought-after Lexham Gardens, this property enjoys a prime location in the heart of Kensington. Lexham Gardens is renowned as one of Kensington's most prestigious streets, offering a tranquil residential setting while being just moments away from the vibrant energy of central London. The apartment's location provides easy access to a wide range of amenities, including the popular High Street Kensington, where you’ll find an array of shops, cafes, and restaurants.",A modern two double bedroom apartment newly refurnished to an exceptional standard. The property is offered fully furnished and is based within the sought-after Lexham Gardens.<br/><br/>Lexham Gardens is a premier street in Kensington.,2,2,1,FLAT,IMMEDIATELY,4250,TWELVE_MONTHS,false,"null",51.495513,-0.194342,CHESTERTONS
627,2025-02-25 15:39:03.322 +0000,"9f4db4a1-61f6-48b9-930d-69eae43aa0ff",St. Charles Square,,London,W10 6EN,"St. Charles Square, London, W10 6EN","Short Let - This stunning period apartment offers a modern touch while retaining its original charm. Located moments away from Portobello Road, this two bedroom property comes fully furnished, ready for you to move in and make it your own. The apartment boasts a beautiful garden, perfect for relaxing or entertaining guests. The property has easy access to local amenities, shops, and restaurants. The interior features spacious rooms with ample natural light, creating a warm and inviting atmosphere.","Short Let (Bills Included) - Stylish two bed flat in sought-after location, furnished to a high standard and comes with a with a charming private garden. Moments away from Portobello Road.",2,1,1,FLAT,IMMEDIATELY,4225,LT_SIX_MONTHS,true,"null",51.51964,-0.21547,CHESTERTONS
629,2025-02-25 15:39:05.391 +0000,"6ce03d89-98d8-4b2b-b2b0-045cdf36c568",Wentworth Street,,London,E1 7TB,"Wentworth Street, London, E1 7TB","SHORT LET*A spacious property throughout including two large double bedrooms with fitted wardrobes, modern integrated kitchen with bright open-plan reception area and two designer bathrooms. Exceptionally furnished throughout in immaculate condition, benefiting from beautiful dark wood floors, large sound proof bay windows and security code entry system. <br/><br/>Located on Wentworth Street on the very doorstep of Petticoat Market, the property firmly sits within an excellent location a stone’s throw from the City, Spitalfields Market and the hustle and bustle of Brick Lane can also be found a short stroll away.","SHORT LET* A fantastic two bedroom, two bathroom apartment in excellent location moments from Spitalfields and Aldgate underground station. Featuring a modern open-plan kitchen / living room, two double bedrooms and two designer bathrooms.",2,2,1,FLAT,IMMEDIATELY,4200,LT_SIX_MONTHS,false,"null",51.516555,-0.075941,CHESTERTONS
620,2025-02-25 15:38:50.710 +0000,"7590e2f3-c82a-4648-a746-9a9443c66ab8","Clerkenwell Road, Clerkenwell",,London,EC1M 5PS,"Clerkenwell Road, Clerkenwell, London, EC1M 5PS","A superb two bedroom apartment located on the second floor (with lift) of a warehouse conversion in the heart of Clerkenwell.<br/><br/>The property comprises of a spacious lounge with an open plan kitchen, a master bedroom with an en-suite bathroom, further double bedroom and a family bathroom. The apartment has many of its original warehouse features, high ceilings and large windows allowing plenty of natural light.<br/><br/>The property is within a short distance from both Farringdon and Barbican stations providing easy<br/>access into the City and West End. Conveniently located for many popular bars, restaurants and boutique shops nearby.",A superb two bedroom apartment located on the second floor (with lift) of a warehouse conversion in the heart of Clerkenwell.,2,2,1,FLAT,"2025-04-14",4250,LT_SIX_MONTHS,false,"null",51.52297,-0.100677,CHESTERTONS
621,2025-02-25 15:38:52.298 +0000,cd5308d9-b5f1-4100-a6e2-a7472f12d1db,"Hornton Court, Hornton Street, Kensington",,London,W8 7RT,"Hornton Court, Hornton Street, Kensington, London, W8 7RT","A newly refurbished two bedroom apartment located in this prestigious period building. Offering a quiet position to the rear of the building, west facing views from the principle rooms and the benefit of a porter.<br/> <br/>The accommodation comprises an inviting entrance hall, reception room, modern kitchen, master bedroom with en suite bathroom, second bedroom and a newly refurbished bathroom.<br/><br/>Hornton Court is a highly desirable purpose built mansion block situated in the heart of Kensington, ideally located for the amenities and transport links of Kensington High Street as well as the green open spaces of Holland Park and Kensington Gardens.","A newly refurbished two bedroom apartment located in this prestigious period building. Offering a quiet position to the rear of the building, west facing views from the principle rooms and the benefit of a porter.",2,2,1,FLAT,"2025-04-03",4250,SIX_MONTHS,false,"null",51.501146,-0.194071,CHESTERTONS
622,2025-02-25 15:38:53.679 +0000,bae1b7cc-d70d-4fee-b5c4-6e39441e63f0,Barclay Road,,London,SW6 1EH,"Barclay Road, London, SW6 1EH","Stylish 3 bed lower ground floor flat with tonnes of character, good size rooms throughout, excellent storage space and the most stunning garden to the rear of the property. Barclay Road sits in a most excellent location along a quiet residential street but one street away from central Fulham, with excellent transport links, shopping, restaurants and Chelsea FC all seconds away.","SHORT LET. Stylish 3 bed lower ground floor flat with tonnes of character, good size rooms throughout, excellent storage space and the most stunning garden to the rear of the property.",3,2,0,FLAT,IMMEDIATELY,4250,TWELVE_MONTHS,false,"null",51.479149,-0.197547,CHESTERTONS
628,2025-02-25 15:39:05.299 +0000,aa0e526e-3c68-4bc8-9630-96968c3c847a,"Station Avenue, Walton-On-Thames",,Surrey,KT12 1GT,"Station Avenue, Walton-On-Thames, Surrey, KT12 1GT","A selection of premium 3-bedroom penthouse apartments within a newly built, contemporary development, offering a high standard of living with a host of first-class amenities designed for modern living. Residents can enjoy a large rooftop terrace perfect for relaxing or socializing, a state-of-the-art gym to stay active, flexible co-working spaces ideal for remote working, and a residents' lounge for unwinding or meeting guests. Additionally, an on-site team is available to assist with any needs, ensuring a smooth and convenient living experience.<br/><br/>Perfectly situated just moments from the local train station, with direct links to central London (Waterloo in just 30 minutes), this location offers a unique balance of a peaceful suburban lifestyle with easy access to the capital. It’s an ideal choice for those looking to leave the hustle and bustle of the city behind while still being able to enjoy the vibrant city life when needed. For those who require quick access to major transport links, the M3 and M25 are conveniently nearby, making commuting and travel incredibly easy.<br/><br/>For added convenience, there are also a number of optional services to enhance your living experience:<br/><br/>• Secure parking is available from £75 per month<br/>• Furnishing packages are available from £250 per month<br/>• High-speed Wi-Fi is provided at £40 per month<br/>• A pet charge of £70 per month<br/><br/>EPC ratings (B, C, D) will vary depending on the specific unit selected.<br/><br/>Please note that photographs of show apartments are for illustrative purposes only and may differ slightly from the actual unit available.<br/><br/>Rent: Starting from £4,025 to £4,120 per month, with pricing depending on the size and layout of the apartment, offering flexibility to suit different preferences and needs.<br/>This development offers the perfect blend of luxury, convenience, and community living. Whether you’re relocating from the city or seeking a more spacious and modern home, these penthouses are designed to meet all your needs in a desirable and accessible location.","Selection of 3 bed luxury penthouse apartments in this brand new development benefiting from a large rooftop terrace, gym, co-working spaces, residents lounge and an on-site team to assist residents. <br/><br/>NO SECURITY DEPOSIT REQUIRED",3,2,1,FLAT,IMMEDIATELY,4025,LT_SIX_MONTHS,false,"null",51.372541,-0.404326,CHESTERTONS
631,2025-02-25 15:39:07.291 +0000,be4b6a8c-af08-4de2-8bec-51ae3e88e9bc,"Oakley House, 103 Sloane Street",,London,SW1X 9PP,"Oakley House, 103 Sloane Street, London, SW1X 9PP","A bright and spacious recently refurbished 4th floor apartment with lift access and porter. The property overlooks the beautiful Cadogan Place gardens, access to the gardens is available by separate application.<br/><br/>The accommodation is circa 667 sq ft and comprises of two double bedrooms, bright reception/dining room, separate fully fitted kitchen and modern bathroom. Hot water and heating included in rental.",Bright and spacious recently refurbished 4th floor apartment with lift access and porter. Hot water and heating included.,2,1,1,FLAT,IMMEDIATELY,4008,TWELVE_MONTHS,false,"null",51.49511,-0.158412,CHESTERTONS
632,2025-02-25 15:39:08.387 +0000,"7c4b5aec-c689-46a4-b89b-7b4da67ecd02","Portman Gate, 110 Lisson Grove",,London,NW1 6LS,"Portman Gate, 110 Lisson Grove, London, NW1 6LS","A spacious 2 bedroom apartment set in a secure portered development with 24 hour security, with Gym, Sauna, Swimming Pool, and underground parking. <br/><br/>The property comprises; spacious reception room with open plan eat-in kitchen, double bedroom with fitted wardrobes, 2nd double bedroom and 2 bathrooms. The property further benefits from a central location and parking space.","A bright and spacious modern apartment in gated portered development with parking, gym & swimming pool. Located moments away from Marylebone tube station (Bakerloo Line) and easy links to central London.",2,2,0,FLAT,"2025-04-18",4000,TWELVE_MONTHS,false,"null",51.523752,-0.165894,CHESTERTONS
634,2025-02-25 15:39:10.153 +0000,e0f4f9ef-f855-4787-aabe-5c1b503502f5,"Park Mansions, Knightsbridge",,London,SW1X 7QU,"Park Mansions, Knightsbridge, London, SW1X 7QU","Newly refurbished lateral apartment of circa 985 sq ft, situated in a popular portered development with lift access. Additional features include large large reception room, separate kitchen and built-in storage.<br/><br/>Conveniently located for Hyde Park and the extensive range of upmarket designer retailers and eateries of Sloane Street and Brompton Road.","Newly refurbished lateral apartment of circa 985 sq ft, situated in a popular portered development with lift access.",3,1,1,FLAT,IMMEDIATELY,4000,TWELVE_MONTHS,false,"null",51.50157,-0.161668,CHESTERTONS
636,2025-02-25 15:39:11.589 +0000,"5ce4edee-caee-4fa7-82c8-04446bc136b1","Lillie Road, Fulham",,London,SW6 7SX,"Lillie Road, Fulham, London, SW6 7SX","SHORT LET - Lillium House is a newly developed collection of five luxury apartments.<br/> <br/>The apartments provide large and very bright open plan reception areas with wooden flooring and bespoke kitchens, carpeted bedrooms with built in wardrobes, together with high quality bathrooms.<br/> <br/>The House is accessed through a pin entry front door with CCTV security, provides immaculate communal stairs and hallways and two bike stores. Parking entitlement is available.<br/> <br/>The development is situated on Lillie Road close to the green space of Normand Park and Virgin Active (gym/pool) and is just a short distance from both West Brompton and West Kensington underground stations.<br/> <br/>A large selection of international shops and restaurants can also be found just around the corner of North End Road.",SHORT LET - A newly developed collection of five luxury apartments perfectly located close to West Brompton underground and the amenities of North End Road.,2,2,1,FLAT,IMMEDIATELY,4000,LT_SIX_MONTHS,false,"null",51.484696,-0.203377,CHESTERTONS
650,2025-02-25 15:39:27.390 +0000,"22061159-89a5-4609-87e8-ca74faa37dee","Century Court, Grove End Road, St John's Wood",,London,NW8 9LD,"Century Court, Grove End Road, St John's Wood, London, NW8 9LD","A modern second floor apartment set in a sought after purpose build block set between Maida Vale and St John's Wood. <br/><br/>The property comprises two bedrooms, two bathrooms (one en-suite), large reception room and fitted kitchen.<br/><br/>Additional benefits include balcony, lift, porter and heating and hot water included in the rent.","A modern two bedroom apartment in portered building with lift and private balcony, and heating and hot water included in the rent.",2,2,1,FLAT,IMMEDIATELY,4000,SIX_MONTHS,false,"null",51.527985,-0.173983,CHESTERTONS
633,2025-02-25 15:39:09.522 +0000,"288249b0-5959-4349-b9f2-354ade92a253","Ellesmere Road, Chiswick",,London,W4 4QH,"Ellesmere Road, Chiswick, London, W4 4QH","Chestertons are pleased to offer this unique well presented four bedroom, three bathroom family home, ideally located within walking distance of Chiswick High Road.<br/><br/>The accommodation comprises contemporary accommodation throughout with luxury fitted kitchen, spacious and elegant reception / dining room, four double bedrooms, three luxury bathrooms  and a private garden. <br/><br/>Ideally situated for easy access to the many shops and restaurants on the high road road, with Chiswick park and Turnham Green Undergrounds just a short walk away, as well as being great for access to major road links A4/M4 and the A316.","Chestertons are pleased to offer this unique well presented four bedroom, three bathroom family home, ideally located within walking distance of Chiswick High Road and Turnham green Tube.",4,3,2,FLAT,IMMEDIATELY,4200,TWELVE_MONTHS,false,"null",51.487889,-0.263604,CHESTERTONS
635,2025-02-25 15:39:11.129 +0000,bbb4494b-6977-4b66-b6cd-b94d5b6c1133,"Redcliffe Gardens, Chelsea",,London,SW10 9HA,"Redcliffe Gardens, Chelsea, London, SW10 9HA","Located in the heart of Chelsea, this stunning two-bedroom plus study/mezzanine, furnished apartment on the upper floor of a period conversion is the epitome of modern living. The property boasts a clean and stylish interior, offering a spacious and comfortable living space. With easy access to local amenities, shops, and transport links, this property offers the best of both comfort and convenience. Don't miss the opportunity to make this modern and stylish apartment your new home. Contact us now to arrange a viewing.","A wonderfully designed 2 bedroom apartment with extra mezzanine/study, previous owner occupied. The property has been finished to an excellent standard throughout.",2,2,1,FLAT,IMMEDIATELY,4150,TWELVE_MONTHS,false,"null",51.485134,-0.186124,CHESTERTONS
638,2025-02-25 15:39:12.635 +0000,"03f7f023-0021-4be0-b3a3-fd5e47a10963","Albion Gate, Hyde Park Place",,London,W2 2LE,"Albion Gate, Hyde Park Place, London, W2 2LE","A recently refurbished apartment to rent within a desirable portered block opposite Hyde Park. The property benefits from wood flooring throughout and lift access to the second floor. The accommodation comprises two double bedrooms, light and spacious reception room, modern bathroom and fitted kitchen.<br/><br/>The property is conveniently located minutes from Hyde Park, Marble Arch and Bayswater Road.<br/><br/><br/>Our China Desk is here for you, if Chinese is your preferred language, please get in touch via WeChat (ChestertonsChinaDesk)","A recently refurbished apartment with wood floors in  a majestic 1930's luxury apartment residence on Bayswater Road. Apartment comprises two double beds, modern bathroom, separate cloakroom, light and spacious reception room and fully fitted kitchen",2,1,1,FLAT,"2025-04-01",4116,SIX_MONTHS,false,"null",51.512859,-0.167191,CHESTERTONS
639,2025-02-25 15:39:13.558 +0000,ba8ca19b-52a8-4e04-a5c1-de6ad3ef7a0f,Colville Terrace,,London,W11 2BE,"Colville Terrace, London, W11 2BE","A beautifully renovated two bedroom split level apartment in the heart of Notting Hill. <br/><br/>This wonderful property benefits from a large reception room with wooden floors overlooking a private balcony, a modern open plan kitchen with breakfast bar, two bedrooms and two bathrooms.<br/><br/>Located moments from the boutiques, cafe's and restaurants on the famous Portobello Road and Westbourne Grove.","A beautifully renovated two bedroom duplex apartment in the heart of Notting Hill. The property benefits from a large reception with wooden floors overlooking a private balcony, a modern open plan kitchen with breakfast bar and two bathrooms.",2,2,1,FLAT,IMMEDIATELY,4116,LT_SIX_MONTHS,false,"null",51.515086,-0.203551,CHESTERTONS
641,2025-02-25 15:39:14.841 +0000,e872d5a5-e8f5-4b0f-bac1-4483114b9fc8,"Fitzjohns Avenue, Hampstead",,London,NW3 5JY,"Fitzjohns Avenue, Hampstead, London, NW3 5JY","A magnificent interior designed 3 bedroom 2nd floor apartment which has been refurbished to the highest of standards set in this Victorian conversion comprising approximately 1,000 sq ft.  The property is situated walking distance to Hampstead Village, short walk to Swiss Cottage (Jubilee Line) and boasts wood floors, working gas fire place in the reception, marble in the bathrooms, Bosch appliances, communal gardens. Accommodation comprises large reception room and dining area, fully fitted kitchen, master bedroom with fitted wardrobes and en-suite shower room, double bedroom with fitted wardrobes, 3rd double bedroom/TV room with wood floors. family bathroom.  Car parking space on a 1st come 1st serve basis","An interior designed 3 bedroom 2nd floor apartment with wood floors, communal gardens and parking on a 1st come 1st serve basis in Hampstead. Outdoor heated swimming pool.",3,2,1,FLAT,"2025-04-03",4100,GT_TWELVE_MONTHS,false,"null",51.548044,-0.176263,CHESTERTONS
647,2025-02-25 15:39:23.917 +0000,e338d604-c5eb-498a-b00a-c3194bbd72e5,Christchurch Street,,London,SW3 4AS,"Christchurch Street, London, SW3 4AS","A neutrally decorated, well arranged, two bedroom apartment on this tucked away residential road between Chelsea Embankment and Kings Road, circa 650sqft.","A neutrally decorated, well arranged, two bedroom apartment on this tucked away residential road between Chelsea Embankment and Kings Road, circa 675 sqft.",2,2,1,FLAT,IMMEDIATELY,4000,TWELVE_MONTHS,false,"null",51.485908,-0.163687,CHESTERTONS
648,2025-02-25 15:39:25.000 +0000,c6c6eed6-f909-4ddc-8a70-ad43b6890d22,"Sheringham, St. Johns Wood Park",,London,NW8 6RB,"Sheringham, St. Johns Wood Park, London, NW8 6RB",A stunning interior-designed 2 bed / 2 bath apartment (approx. 850 sq.ft. / 78.97 sq.m.) on the 9th floor; situated in this prestigious and highly regarded portered development equidistant of Swiss Cottage & St John's Wood Transport Links.,A stunning interior-designed 2 bed / 2 bath apartment (approx. 850 sq.ft. / 78.97 sq.m.) on the 9th floor; situated in this prestigious and highly regarded portered development equidistant of Swiss Cottage & St John's Wood Transport Links.,2,2,1,FLAT,"2025-03-20",4000,TWELVE_MONTHS,false,"null",51.539733,-0.173221,CHESTERTONS
649,2025-02-25 15:39:26.077 +0000,f6e844bd-1b86-4e93-80ca-dbfbfdbf2e3d,"Hill Rise, Richmond",,Surrey,TW10 6UQ,"Hill Rise, Richmond, Surrey, TW10 6UQ","A modern three bedroom maisonette availability to rent on a short term basis. The property is situated in the heart of Richmond benefitting from stunning views of the River Thames. The property has been furnished to a high standard.<br/><br/>Located in the heart of Richmond, TW10, this residence offers unparalleled convenience. Enjoy easy access to the vibrant shops and restaurants of Richmond town centre, stroll along the scenic River Thames, or escape to the tranquillity of Richmond Park. With excellent transport links, including proximity to Richmond Station, the entire city of London is at your fingertips.",A beautiful three bedroom maisonette available to rent on a short term basis. The property is situated in the heart of Richmond benefitting from stunning views of the River Thames. The property is also furnished to a high standard.,3,1,1,FLAT,IMMEDIATELY,4000,TWELVE_MONTHS,false,"null",51.457871,-0.305364,CHESTERTONS
663,2025-02-25 15:39:38.387 +0000,"2dec6443-7e65-4416-84fb-8fcf85831ddd",Aldersgate Street,,London,EC1A 4HU,"Aldersgate Street, London, EC1A 4HU","SHORT LET * A generously sized two bed two bath apartment featuring a modern kitchen and separate living space, conveniently located near London Wall and walking distance to St Paul's Cathedral.","SHORT LET * A generously sized two bed two bath apartment featuring a modern kitchen and separate living space, conveniently located near London Wall and walking distance to St Paul's Cathedral.",2,2,1,FLAT,IMMEDIATELY,4000,TWELVE_MONTHS,false,"null",51.518303,-0.097213,CHESTERTONS
637,2025-02-25 15:39:12.609 +0000,"85d96bb3-d027-4ab7-9f89-041afa4d50e3",St. Pauls Road,,London,N1 2LT,"St. Pauls Road, London, N1 2LT","A beautifully presented terraced cottage, set back from the road and offering a wonderful balance of period character and modern living. Accommodation is bright and well-proportioned, comprising two generous double bedrooms, a further single bedroom, a contemporary full-suite bathroom, and an en-suite shower room. The spacious through lounge provides a welcoming living space, while the fitted kitchen leads seamlessly into a stunning orangery at the rear, flooding the space with natural light and providing direct access to a large private patio garden.<br/><br/>Ideally located just a few minutes’ walk from Highbury Corner and the station (Victoria Line and Overground), this charming home enjoys easy access to excellent transport links, as well as the vibrant shops, cafés, and green spaces of Highbury and Islington.",A charming three bedroom terraced house set back from the road and located moments from Highbury & Islington underground and Canonbury over ground station.,3,1,2,FLAT,IMMEDIATELY,4000,TWELVE_MONTHS,false,"null",51.547022,-0.095493,CHESTERTONS
640,2025-02-25 15:39:14.571 +0000,"3a4c1db6-e237-4287-8b74-5471f49b8973","The Colonnades, 34 Porchester Square",,London,W2 6AS,"The Colonnades, 34 Porchester Square, London, W2 6AS","Chestertons is delighted to present this exquisite two-bedroom, two-bathroom penthouse duplex, spanning approximately 1,200 sq. ft., within the prestigious Colonnades on Porchester Square.<br/><br/>This elegant residence boasts two generously proportioned double bedrooms and two well-appointed bathrooms. The spacious reception room features refined wooden flooring, while the fully fitted kitchen seamlessly blends style and functionality. A highlight of the property is its exceptional outdoor space, comprising a large private terrace and a balcony, offering an inviting extension of the living area.<br/><br/>The bedrooms are situated on the sixth floor, while the expansive living and dining area, along with the immaculate outdoor spaces are on the seventh floor. The outdoor space is accessible from both sides of the living room, ensuring an abundance of natural light throughout.<br/><br/>Further enhancing the appeal of this distinguished address, residents benefit from a lift, a dedicated concierge service, and access to the beautifully maintained communal gardens at the heart of Porchester Square.<br/><br/>The Colonnades enjoys an enviable location, within close proximity to Paddington Station, Royal Oak Underground Station, and the A40 Westway, ensuring excellent connectivity. A short stroll away, residents will find one of the largest Waitrose stores, along with an array of charming cafés and renowned restaurants. The property offers the perfect balance between the vibrancy of Notting Hill and the tranquillity of Hyde Park.","Chestertons is delighted to present this exquisite two-bedroom, two-bathroom penthouse duplex, spanning approximately 1,200 sq. ft., within the prestigious Colonnades on Porchester Square.",2,2,1,FLAT,"2025-03-24",4000,TWELVE_MONTHS,false,"null",51.517144,-0.187731,CHESTERTONS
642,2025-02-25 15:39:16.880 +0000,"65433736-dfbd-4ac4-b016-c3dbc1b49019","Sail Court, 15 Newport Avenue",,London,E14 2DQ,"Sail Court, 15 Newport Avenue, London, E14 2DQ","The apartment has recently been refurbished to an extremely high standard throughout with accommodation comprising of three good-sized bedrooms, two bespoke designer bathrooms, a fully-fitted, high specification separate kitchen, and a large living/dining room that gives access onto a south-facing private balcony, offering   with views of the River Thames and the famous O2.<br/><br/>Sail Court is located within 200 metres of East India DLR station for easy access to Canary Wharf & The City.  Virginia Quay benefits from 24 hour porterage & controlled vehicle access. Available up to 6 months!","SHORT LET. A stunning three bedroom,  penthouse-level apartment, located in the popular Virginia Quay Development, just a short walk to East India Quay DLR station and benefitting from a 24hr on-site concierge. Available up to 6 months.",3,2,1,FLAT,IMMEDIATELY,4000,LT_SIX_MONTHS,false,"null",51.509222,0.000348,CHESTERTONS
643,2025-02-25 15:39:18.330 +0000,b5139f4a-d383-403f-af84-aae7f3b3e541,"Maresfield Gardens, Hampstead",,London,NW3 5RX,"Maresfield Gardens, Hampstead, London, NW3 5RX","An impressively spacious 2 bedroom 2nd floor apartment with wood floors, lift and off street parking for 1 car set within a secure gated period building situated walking distance to the amenities of Hampstead (Northern Line) and within close proximity to amenities of Finchley Road (Jubilee Line). <br/>Accommodation comprises a spacious reception room, fully fitted kitchen, master bedroom with walk in wardrobe and en-suite shower room, double bedroom with en-suite bathroom and guest cloakroom.","An impressively spacious 2 bedroom 2nd floor apartment with wood floors, lift and off street parking for 1 car set within a secure gated period building walking distance to the amenities of Hampstead.",2,2,1,FLAT,"2025-04-18",4000,TWELVE_MONTHS,false,"null",51.550239,-0.17743,CHESTERTONS
644,2025-02-25 15:39:19.759 +0000,ec9c9265-6b38-434c-95d1-4f2c9db0168f,Shanti Close,,London,EN2 8GE,"Shanti Close, Enfield, EN2 8GE","Stunning four bedroom house on a private road with gated driveway. The expansive property is accessed via a private entrance on the ground floor, with the entrance hallway leading to a front facing bedroom/study, luxuriously finished shower room/WC with double shower enclosure, spacious double bedroom with built-in wardrobes and access to the large, private, rear patio garden.<br/><br/>Stairs lead down from the hallway to the lower ground floor, where you'll find the principle bedroom with wall-to-wall built in storage, access to a private terrace and also the ""Jack & Jill"" en-suite shower room/WC, which is also accessed by the spacious second bedroom that also benefits from built in storage and has access to its own private terrace.<br/><br/>Taking the stairs back up to the ground floor, then continuing up to the first floor, leads you to the heart of the home. With vaulted ceilings, sky lights and a feature apex window that floods the room with natural light at all times of the day, the reception room is the ideal space for entertaining, relaxing and dining. The open plan kitchen has been custom built, with integrated Bosch appliances and stone worktops, with the central island providing additional dining space, while the rear patio garden can also be reached via a spiral staircase directly from the kitchen.<br/><br/>Externally, the property comes with one off-street allocated parking space, set on the private driveway behind electric gates for additional security.<br/><br/>Vidya Villas are a collection of only 6 exclusive houses, set at the end of a newly forged private road behind electric gates and surrounded by mature oak trees providing a sense of tranquillity, calm and privacy. Each house has been thoughtfully designed by a world renowned architect to maximise light and outside space, providing a unique home environment that is perfect for families or couples looking for an ideal ""work from home"" setup. The development is superbly located on Shanti Close, just off Bycullah Road in a prime residential location, perfectly situated for local amenities, schools and transport links.<br/><br/>The development is superbly connected for those commuting both to Central London and further afar. Enfield Chase station is just moments away from the property, offering direct connections to Moorgate in just 35 minutes, while those travelling by car are just a couple of miles from both the M25 (leading to the M1) as well as the A10 and A406 (North Circular).<br/><br/>Residents are spoilt for choice for schooling options in the area, with Enfield Grammar school less than a mile away from the property, as well as plenty of good primary schools and nurseries.<br/><br/>Enfield Town is within walking distance, offering a wide range of shopping facilities in Palace Gardens, including a Waitrose supermarket, plus an array of cafes & bars. There are a selection of health care facilities in close proximity of the property too, including BMI Kings Oak Hospital, BMI Cavell Hospital as well as the Chase Farm hospital.","Vidya Villas are a collection of 6 exclusive houses, set at the end of a newly forged private road behind electric gates and surrounded by mature oak trees providing a sense of tranquillity, calm and privacy.",4,2,2,HOUSE,"2025-04-01",4000,TWELVE_MONTHS,false,"null",51.655336,-0.094525,CHESTERTONS
645,2025-02-25 15:39:22.194 +0000,b8511a23-cb40-447e-b7fc-fed6a7dc187f,Danehurst Street,,London,SW6 6SD,"Danehurst Street, London, SW6 6SD","A stunning 2 bedroom maisonette located on a quiet residential street in Fulham. This modern property comprises master bedroom with an en-suite bathroom, further double bedroom, family bathroom, reception room and a mezzanine kitchen leading to a private terrace.<br/><br/>Danehurst Street is a pretty residential road running off the Munster Road in the delightful Munster Village area.<br/><br/>Benefiting from momentary access to the range of local shops, restaurants and delicatessens lining the Munster Road. Also close by are the popular open spaces of Bishops Park and Fulham Palace linking in with the Thames Path running along the nearby River Thames as well as the open space offered by the Fulham Recreation Ground on Fulham Palace Road.",A stunning 2 bedroom maisonette located on a quiet residential street in Fulham.,2,2,1,FLAT,"2025-05-02",4000,TWELVE_MONTHS,false,"null",51.477771,-0.21265,CHESTERTONS
646,2025-02-25 15:39:23.473 +0000,c5f32846-f97b-4cf1-aea5-03ec6babaf80,Swaffield Road,,London,SW18 3AH,"Swaffield Road, London, SW18 3AH","Arranged over three floors the house consists of four double bedrooms, three bathrooms, reception room and an open plan kitchen/dining area which leads onto a well kept private garden.  <br/><br/>The property is ideally located for the mall and restaurants of Wandsworth High street and Southside Shopping Centre as well as the bars and restaurants in Earlsfield. There are good transport links both by bus on Garratt Lane and from Earlsfield Station into Clapham Junction and Waterloo.<br/><br/>This property is within easy reach of local schools.","Stunning four bedroom house located on sought after and neighbourly Swaffield Road, a short walk from Earlsfield Station.",4,3,1,FLAT,"2025-03-31",4000,TWELVE_MONTHS,false,"null",51.449355,-0.188592,CHESTERTONS
651,2025-02-25 15:39:28.946 +0000,a50a70ba-5c96-4f8e-952a-2c1a553aa8b7,"Albany Court, Spring Grove",,London,W4 3BF,"Albany Court, Spring Grove, London, W4 3BF","The property comprises two double bedrooms, one of which has en suite shower rooms and there is a main family bathroom. There is an open plan integrated kitchen/reception room with a door leading to the balcony. The property further benefits from luxury fittings, wooden flooring and ample storage.   <br/><br/>Wonderfully located close to Kew Village, in an enviable location with lots of open green spaces nearby. Albany Court is an incredibly desirable address, enhanced by it’s convenient location, with Kew Bridge Station opposite and the A4/M4 routes for central London and the west of England just five minutes drive away.","SHORT LET. An immaculate two bedroom first floor apartment, with a lift, in a purpose-built block at the foot of Kew Bridge, close to Strand on the Green with a selection of independent shops, riverside pubs and restaurants.",2,2,1,FLAT,IMMEDIATELY,4000,LT_SIX_MONTHS,false,"null",51.488678,-0.286627,CHESTERTONS
652,2025-02-25 15:39:30.249 +0000,d31d8f7e-cfb2-4184-b850-40c99749725b,"Cummings House, 11 Chivers Passage",,London,SW18 1UA,"Cummings House, 11 Chivers Passage, London, SW18 1UA","Stunning 3 bedroom apartment in the popular Ram Quarter development. This newly built property boasts modern design and high-quality finishes throughout. The spacious open-plan living area is perfect for entertaining. The master bedroom features an en-suite bathroom, while the other two bedrooms share a family bathroom. Residents can enjoy the convenience of allocated parking and access to a lift and caretaker services. Situated in a prime location, this apartment is close to shops, restaurants, and transport links. With its contemporary style and excellent amenities, this property offers a luxurious and comfortable living experience in a bustling urban setting.  Contact us today to arrange a viewing.","Luxurious three double bedroom flat in prime location. Benefits from modern kitchen, spacious living area, en-suite bathroom and an allocated parking space.",3,2,0,FLAT,IMMEDIATELY,4000,TWELVE_MONTHS,false,"null",51.458197,-0.193425,CHESTERTONS
653,2025-02-25 15:39:31.198 +0000,"6a02b011-a04c-4217-884d-ce1679ef4fa8","Rochester Row, Westminster",,London,SW1P 1JP,"Rochester Row, Westminster, London, SW1P 1JP","102 Rochester Row is a well-looked after purpose-built building close to Westminster, Victoria and Pimlico. The building has been recently renovated internally and there is a daytime porter. This flat is an great size and all the rooms are well proportioned. The reception room is sufficiently sized to incorporate a dining area and large seating area - the window seat has some views of Vincent Square. The kitchen is modern and separate and both bedrooms are large doubles, the main bedroom has an ensuite and there is a further family bathroom. Throughout the flat is in fantastic condition and effortlessly stylish. Water rates are included in the rent.","One of the finest two bedroom, two bathroom, purpose-built flats to come to the market recently in Westminster. All the rooms are incredibly generously proportioned, stylishly finished and in immaculate condition. Water rates are included in the rent",2,2,1,FLAT,"2025-05-31",4000,TWELVE_MONTHS,false,"null",51.49339,-0.137507,CHESTERTONS
655,2025-02-25 15:39:32.645 +0000,"2706015e-52d1-4443-9361-0cd4f809f083",Brick Lane,,London,E1 6QL,"Brick Lane, London, E1 6QL","SHORT LET * Located on Brick Lane, this 2-bedroom, 2-bathroom flat offers a convenient and functional living space in one of East London’s most well-known areas. With the vibrant atmosphere of Brick Lane right on your doorstep, you’ll have easy access to local cafés, restaurants, shops, and markets.<br/><br/>The flat features an open-plan living and kitchen area, providing a practical space for everyday living. The two bedrooms are of a good size, with the master benefiting from an en-suite bathroom. A second bathroom is also available for use by the second bedroom and guests.<br/><br/>The flat is well-connected with transport links, including nearby stations at Aldgate and Liverpool Street, making it a straightforward commute into the city.","SHORT LET * Located on Brick Lane, this 2-bedroom, 2-bathroom flat offers a convenient and functional living space in one of East London’s most well-known areas.",2,2,1,FLAT,"2025-04-02",4000,TWELVE_MONTHS,false,"null",51.521038,-0.072032,CHESTERTONS
657,2025-02-25 15:39:34.106 +0000,"5d0a9465-70c5-4f55-bc3e-b35fcb63fdc9","Connaught Mews, Vera Road",,London,SW6 6QR,"Connaught Mews, Vera Road, London, SW6 6QR","A 3 bedroom house in Fulham close to Parsons Green. The property comprises; 3 double bedrooms, 2 family bathrooms and a outhouse, modern kitchen and a bright reception room leading on to a lovely patio garden and outbuilding. EPC Rating C.","A 3 bedroom house in Fulham close to Parsons Green. The property comprises; 3 double bedrooms, 2 family bathrooms and a outhouse, modern kitchen and a bright reception room leading on to a lovely patio garden and outbuilding. EPC Rating C.",3,2,2,FLAT,IMMEDIATELY,4000,TWELVE_MONTHS,false,"null",51.475762,-0.21244,CHESTERTONS
659,2025-02-25 15:39:35.685 +0000,"1feeee9f-74b4-496a-b3e5-c1c758815051",Galton Street,,London,W10 4QN,"Galton Street, London, W10 4QN","Short Let - Spanning over three floors, this modern house boasts four bedrooms, including a luxurious principal suite, great natural light and a beautiful private patio.<br/><br/>Nestled between the vibrant neighbourhoods of Queens Park and Notting Hill, this beautifully presented four bedroom house offers the perfect blend of modern living and timeless charm.<br/><br/><strong></strong>  <em></em> <br/> Short Let
Four Bedroom House
Private Patio
Modern
Recently Refurbished
Easy access to Notting Hill","SHORT LET (Bills Included) - Nestled between the vibrant neighbourhoods of Queens Park and Notting Hill, this beautifully presented four bedroom house offers the perfect blend of modern living and timeless charm.",4,2,1,FLAT,IMMEDIATELY,4000,LT_SIX_MONTHS,true,"null",51.527985,-0.210929,CHESTERTONS
661,2025-02-25 15:39:37.313 +0000,c963ae83-0b96-4a49-9cb0-5c609a46f00c,Princes Square,,London,W2 4NP,"Princes Square, London, W2 4NP","Chestertons are delighted to present this brand new refurbished apartment on the third floor of this stunning period Victorian building. <br/><br/>This charming two bedroom, one bathroom apartment has been completely refurbished from the ground up and now includes a brand new fully integrated kitchen, modern bathroom with LED lighting and low energy consuming bulbs, correctly placed modem radiators all with correct BVT placement ensuring maximum heat coverage within each room and efficiency is obtained along with all new wiring and plumbing.<br/><br/>Within the communal areas of the building, all fire regulations and precautions have been implemented including FD30 fire doors within each apartment, emergency communal lighting and automatic PIR motion sensors lighting per floor.<br/><br/>CCTV cameras have been installed throughout the communal areas of the buildings and also on the exterior of the buildings proving comfort and security for its residents. <br/><br/>WIFI has also been installed into each apartment already making it an easy process for a tenant to move in and be online immediately.<br/><br/>Further amenities include access to the communal gardens square and housekeeping service provided by the hotel next door to both No.2 and No.3 Princes Square, where tenants will be able to make use of this service along with the hotel taking in packages for the residents.<br/><br/>Transport links and amenities of Westbourne Grove, Bayswater and Notting Hill Gate are all nearby.","A charming completely refurbished two bedroom apartment set on the third floor of this impressive Victorian conversion, with access to communal gardens",2,1,0,FLAT,IMMEDIATELY,4000,TWELVE_MONTHS,false,"null",51.512743,-0.192719,CHESTERTONS
654,2025-02-25 15:39:31.856 +0000,c7663567-fb9d-4723-b478-b9e7496f1e66,"Point Wharf Lane, Brentford",,Middlesex,TW8 0DD,"Point Wharf Lane, Brentford, Middlesex, TW8 0DD","SHORT LET: A stunning two bedroom riverside apartment with panoramic river views, located in Brentford comprising two double bedrooms, two bathrooms, large open plan kitchen and reception room and a private balcony.<br/><br/>Further benefits include off street parking, secure access and a further walk in wardrobe in the master bedroom","SHORT LET: A stunning two bedroom riverside apartment with panoramic river views, located in Brentford comprising two double bedrooms, two bathrooms, large open plan kitchen and reception room and a private balcony. Energy rating B",2,2,1,FLAT,IMMEDIATELY,4000,LT_SIX_MONTHS,false,"null",51.483258,-0.299892,CHESTERTONS
656,2025-02-25 15:39:33.358 +0000,"5275486c-945d-4694-8150-98f3d6496540",St. Ann's Crescent,,London,SW18 2LP,"St. Ann's Crescent, London, SW18 2LP","Located in Wandsworth this family house is perfect for a family or for up to five professional sharers. The property features two reception rooms, a large kitchen that opens out onto a private garden, four double bedrooms and two bathrooms.","A spacious house suitable for sharers or for a family. The property features two reception rooms, a large kitchen that opens out onto a private garden and four double bedrooms.",4,2,2,FLAT,IMMEDIATELY,4000,TWELVE_MONTHS,false,"null",51.453947,-0.184913,CHESTERTONS
658,2025-02-25 15:39:34.998 +0000,"0cdc4720-8200-4366-941e-430b1fead20c","Meridian Place, Isle Of Dogs",,London,E14 9FE,"Meridian Place, Isle Of Dogs, London, E14 9FE","","Comprising 2 double bedrooms, 2 bathrooms, a large reception with open plan fully fitted kitchen and balcony directly facing Canary Wharf and the Dock.",2,2,1,FLAT,IMMEDIATELY,4000,LT_SIX_MONTHS,false,"null",51.50013,-0.011998,CHESTERTONS
660,2025-02-25 15:39:35.743 +0000,"88c442b0-630b-4c44-8c70-f486d2bf1d27",Great Suffolk Street,,London,SE1 0UG,"Great Suffolk Street, London, SE1 0UG","SHORT LET* A modern two double bedroom, two bathroom, flat in a popular recently built development in Bankside.<br/>This spacious apartment features an open-plan living space, including a large reception room with wooden floors and ample space for dining, and a fully integrated modern kitchen equipped with high-end appliances. The apartment also includes two bathrooms (one en-suite), finished to the highest standards, and has plenty of storage.<br/><br/>The apartment offers excellent transport links with Southwark Station, just a short walk away, and both Waterloo and London Bridge stations provide quick access to the City and beyond. The Millennium Bridge is also within easy reach.","SHORT LET* A modern two double bedroom, two bathroom, flat in a popular recently built development in Bankside.",2,2,0,FLAT,IMMEDIATELY,4000,LT_SIX_MONTHS,false,"null",51.505027,-0.101611,CHESTERTONS
662,2025-02-25 15:39:38.256 +0000,"0aa5a210-daef-44dd-8aef-58766d46cf19","Arcadia Court, 45 Old Castle Street",,London,E1 7NY,"Arcadia Court, 45 Old Castle Street, London, E1 7NY","SHORT LET * This bright and spacious two-bedroom apartment, set within the historic Arcadia Court (formerly Wentworth Dwellings), offers a perfect blend of period charm and modern living. The apartment features two double bedrooms, a well-proportioned living room, a fully equipped semi open plan kitchen, and a contemporary bathroom, with large windows flooding the space with natural light. Residents also enjoy access to a communal courtyard and a roof terrace with stunning views of London's skyline.<br/><br/>Located just south of Spitalfields and on the edge of the City, this property is ideally situated for easy access to local amenities, including Spitalfields Market, Brick Lane, and a host of restaurants, bars, and boutiques. Excellent transport links include Aldgate and Liverpool Street Station (with multiple Underground lines and National Rail services) ensuring fast and convenient connections across London.",SHORT LET * Charming two bedroom apartment located moments from Liverpool Street and Spitalfields.,2,1,1,FLAT,IMMEDIATELY,4000,LT_SIX_MONTHS,false,"null",51.516723,-0.074374,CHESTERTONS
664,2025-02-25 15:39:39.841 +0000,"258f6e20-05d3-451b-a02b-3e2e37e14d6e","Hillside Court, Finchley Road, Hampstead",,London,NW3 6HQ,"Hillside Court, Finchley Road, Hampstead, London, NW3 6HQ","A delightful 3 bedroom apartment in this grand mansion block on the 4th floor situated a short walk to the shops and restaurants of Hampstead, a short walk to Finchley Road and West Hampstead (Jubilee & Metropolitan and Overground Links). The apartment is bright and airy and boasts a lift, porter and communal gardens.  Accommodation comprises reception room, fully fitted kitchen, master bedroom, 2 further double bedrooms, shower room, family bathroom. Sole Agent.","A delightful 3 bedroom 4th floor apartment with balcony in grand mansion block with lift, porter and communal gardens in Hampstead. Sole Agent.",3,2,1,FLAT,IMMEDIATELY,4000,TWELVE_MONTHS,false,"null",51.553296,-0.190025,CHESTERTONS
665,2025-02-25 15:39:41.725 +0000,"9d8a1a04-4a8b-428a-bb36-ca6f07e66c28","Rosary Gardens, South Kensington",,London,SW7 4NJ,"Rosary Gardens, South Kensington, London, SW7 4NJ","Short Let - A bright, modern furnished 2 bed apartment, located on the 2nd floor with wood flooring and good quality fitted kitchen and bathroom, conveniently located close to Gloucester Road and South Kensington Stations.<br/><br/>* £147 per night - minimum stay one month *<br/><br/>The property is very nicely decorated with modern and contemporary furniture, benefits from plenty of storage space, a washer dryer, a dishwasher, a full size fridge.<br/><br/>It is conveniently located close to Gloucester Road and South Kensington Stations.","SHORT LET- A bright, modern furnished 2 bed apartment, located on the 2nd floor with wood flooring and good quality fitted kitchen and bathroom, conveniently located close to Gloucester Road and South Kensington Stations.",2,1,0,FLAT,IMMEDIATELY,4000,LT_SIX_MONTHS,false,"null",51.491564,-0.182657,CHESTERTONS
666,2025-02-25 15:39:42.635 +0000,"923a562c-0fee-4738-8a9e-b31be744b1e3","Hive House, 18 Capital Interchange Way, Brentford",,Middlesex,TW8 0SL,"Hive House, 18 Capital Interchange Way, Brentford, Middlesex, TW8 0SL","A brand new 2 bedroom, 2 bathroom apartment to let in Hive House, part of the new Verdo development in Kew Bridge.<br/><br/>The property comprises 2 bedrooms, 2 bathrooms and a large open plan kitchen and reception.<br/><br/>Further benefits include a balcony and access to the residents facilities including a private gym, cinema room, concierge, residents lounge, wework space and communal gardens.<br/><br/>The property is offered furnished or unfurnished and is available immediately.<br/><br/>*ALSO AVAILABLE FOR LONG LET*","A luxury, bright and spacious brand new 2 bedroom, 2 bathroom apartment to let in Hive House, within the new Verdo development at Kew Bridge. Offered furnished or unfurnished",2,2,0,FLAT,IMMEDIATELY,4000,LT_SIX_MONTHS,false,"null",51.485699,-0.308578,CHESTERTONS
667,2025-02-25 15:39:43.980 +0000,ef8f364a-57ef-46be-aa23-1298f0c8aa48,Lexham Gardens,,London,W8 6JN,"Lexham Gardens, London, W8 6JN","A contemporary two-bedroom apartment, recently refurbished to an exceptional standard, is available fully furnished. The property is situated in the highly desirable Lexham Gardens.<br/><br/>Lexham Gardens is a prestigious street in Kensington, conveniently located near High Street Kensington, Hyde Park, and the Gloucester Road and Earl's Court tube stations, with easy access to the A4 as well as central London.","A contemporary two-bedroom apartment, recently refurbished to an exceptional standard, is available fully furnished. The property is situated in the highly desirable Lexham Gardens.",2,1,1,FLAT,IMMEDIATELY,3999,TWELVE_MONTHS,false,"null",51.495513,-0.194342,CHESTERTONS
670,2025-02-25 15:39:50.699 +0000,"740724df-33c4-4873-a688-26f61d1f2293",Uxbridge Road,,London,W3 9SL,"Uxbridge Road, London, W3 9SL","Chestertons are proud to offer to the market this newly refurbished 3 bedroom, 2 bathroom apartment set over 2 floors of this impressive period building. <br/><br/>The property comprises; 3 double bedrooms, 2 bathrooms, a large open plan kitchen/dining room, and a separate utility room. The kitchen/diner opens out onto a private patio area - ideal for entertaining.  The property also offers 1 allocated parking space. <br/><br/>Situated a mere 0.2 miles to Ealing Common station (District & Piccadilly lines) and within reach of the beautiful surrounds of Ealing Common itself.","Chestertons are proud to offer to the market this newly refurbished 3 bedroom, 2 bathroom apartment set over 2 floors of this impressive period building.",3,2,1,FLAT,"2025-03-14",3950,TWELVE_MONTHS,false,"null",51.509285,-0.283974,CHESTERTONS
671,2025-02-25 15:39:52.027 +0000,"9e08fc34-1448-4db2-b74a-090b98b02bfe",Water Street,,London,E14 5GX,"Water Street, London, E14 5GX","Discover 8 Water Street, where pets are as welcome as people.<br/>Low-rise and set within landscaped gardens, 8 Water Street provides your own oasis in the heart of Canary Wharf.<br/>These studio to penthouse apartments are designed for comfort ease and so that you never miss a moment - from early morning coffees to sundowners on the terrace.<br/>Visit your Vertus neighbours at 10 George Street for access to the gym, sundeck and co-working space that extend your experience even further.<br/><br/>8 Water Street is Canary Wharf's first pet friendly Development and home to 174 apartments. There's so much more to renting. Enjoy extensive Vertus+ amenity spaces and a programme of curated events hosted in these spaces. With the Vertus+ app our residents also benefit from access to partner perks by neighbourhood brands in Canary Wharf. Fancy a 20% skincare discount, or a drink on us? We have you covered.<br/><br/>AMENITIES<br/>- Roof top terrace with BBQ and dog agility course<br/>- Gym and immersive Fiit studio<br/>- Private dining room<br/>- Residents' lounge<br/>- Self-service bar with coffee machine and wine dispenser<br/>- Joint amenity spaces with 10 George Street (Vertus' original development)<br/><br/>EVENTS<br/>- Wine Wednesday<br/>- Cooking Masterclass<br/>- Resident Book Club<br/><br/><br/>BUILDING<br/>- Free high-speed Wi-Fi throughout the apartments and building - easy to WFH, game, or stream your favourite show without glitches.<br/>- We have a dedicated team on-site (engineers, concierge, building managers) here to help with any questions you have to make your move as stress-free as possible<br/>- Pantree honesty market - so you can pick up essential without leaving your building<br/>- Bring me boxes<br/>- Apartments furnished by Accouter<br/><br/>PERKS<br/>- Monthly exclusives on the residents' app<br/>- bFree Fiit membership - the #1 Rated Fitness App with hundreds of killer on-demand workouts with world-class trainers.<br/>- Dry cleaning and laundry services<br/>- Pet friendly<br/>- Guest suites - fully-furnished suites for residents to book as an extension of their home when hosting more family and friends<br/><br/>NEIGHBOURHOOD<br/>- Feel safe and secure on a private Estate - Canary Wharf.<br/>- Convenient transport connections -Canary Wharf London Underground Station (Jubilee Line) / 3 mins travel*, Heron Quay station (DLR) / 4 mins travel*, South Quay station (DLR) / 8 mins travel*, Canary Wharf Crossrail Place (Elizabeth Line) / 10 minutes travel* (*approximate travel to stations).<br/>- Immerse yourself in convenience and culture with 300 shops, bars, and restaurants, 100 cultural events per year, and the UK's largest free-to-visit collection of outdoor public art. The Wharf also benefits from over 16 acres of landscaped parks, boardwalks, and squares.<br/><br/>*Please note that all images, floorplans, and particulars included are for illustrative and indicative purposes only. Individual features and layout may vary.<br/>*Available for student let<br/><br/><br/>Chestertons is collaborating with the developer on this project. Your enquiry (including your name and your contact details will be shared with them. We adhere to all data protection regulations and our policy can be found here: https://www.chestertons.co.uk/privacy. Vertus will contact you directly to arrange a viewing and will be responsible for adhering to their data protection requirements. Their policy can be found here:  https://thisisvertus.com/privacy-policy/","Chestertons are pleased to offer the opportunity to rent a beautifully finished, two bedroom apartment in the Vertus development Water Street, Canary Wharf. The property is offered fully furnished, with 24/7 concierge and amenities.",2,2,1,FLAT,IMMEDIATELY,3923,TWELVE_MONTHS,false,"null",51.502783,-0.014907,CHESTERTONS
672,2025-02-25 15:39:55.474 +0000,ed7bf204-fb2b-4806-9587-90a0a62afa95,"Ann Street, Islington",,London,N1 7FF,"Ann Street, Islington, London, N1 7FF","Stunning two bedroom, two bathroom apartment in a brand new development in the heart of Angel. Boasting over 1000sqft, this property is finished to a very high standard. The property consists of 2 double double bedrooms, 2 bathrooms (master en-suite), large open plan kitchen/living room opening out to a balcony, additional storage throughout.<br/><br/>The many amenities of both Upper Street and Islington Green are minutes away, whilst Angel Underground (Northern Line) is within short distance, as is the transportation hub of Highbury and Islington offering access to the Victoria Line and London Overground.","Stunning two bedroom, two bathroom apartment in this new development in the heart of Angel. Boasting over 1,000 sq.ft, this property is finished to a very high standard. Close to restaurants and shops on Upper street, Angel station (Northern Line)",2,2,2,FLAT,"2025-04-26",3900,TWELVE_MONTHS,false,"null",51.534989,-0.096121,CHESTERTONS
673,2025-02-25 15:39:56.451 +0000,bb8d1d9f-3e41-4624-bdda-4eb1e57cee93,"Somerville Avenue, Barnes",,London,SW13 8HH,"Somerville Avenue, Barnes, London, SW13 8HH","An elegant apartment, set on the second floor of a converted depository building, in sought-after Harrods Village.  The property benefits from natural light throughout, lift access, an allocated parking space, 24-hour concierge, manicured communal gardens and a residents' swimming pool and gym.<br/><br/>The apartment boasts a generous entrance hall with a guest cloakroom, storage and a utility room.  The dual-aspect reception room offers two zones and has tall arch-top windows and wood floors.  The kitchen provides integrated appliances and plenty of worktop space.<br/><br/>The dual-aspect principal bedroom suite is spacious with direct views of the River Thames.  There are bespoke wardrobes and a well-appointed shower room.  The second double bedroom is also en-suite with built-in wardrobes.<br/><br/>Harrods Village is a secure gated development in north Barnes, offering proximity to the Thames towpath, to public transport via pedestrian access across Hammersmith Bridge and to renowned schools in the area, including St. Paul's and The Harrodian.  Necessary amenities and bus routes into Barnes Village are available on nearby Castelnau.","An elegant apartment, set on the second floor of a converted depository, in sought-after Harrods Village.  The property benefits from natural light throughout, an allocated parking space, 24-hour concierge and a residents' swimming pool and gym.",2,2,1,FLAT,"2025-03-31",3800,TWELVE_MONTHS,false,"null",51.484348,-0.228817,CHESTERTONS
676,2025-02-25 15:39:58.101 +0000,"1ec96ebe-6274-4c9a-a95e-3b47981e8b2b","Lauderdale Mansions, Lauderdale Road, Little Venice",,London,W9 1NE,"Lauderdale Mansions, Lauderdale Road, Little Venice, London, W9 1NE",This impressive fully refurbished two double bedroom apartment is situated on the second floor within this sought after mansion block with private balcony. <br/><br/>Lauderdale Road is conveniently situated moments from all the amenities of Little Venice and close to excellent transport links into the City.,This impressive fully refurbished two double bedroom apartment is situated on the second floor within this sought after mansion block with private balcony.,2,2,1,FLAT,IMMEDIATELY,3800,TWELVE_MONTHS,false,"null",51.527797,-0.185736,CHESTERTONS
678,2025-02-25 15:40:00.217 +0000,"86ef1f4a-ff62-4d50-b26d-acdc111bba59",Stean Street,,London,E8 4ED,"Stean Street, London, E8 4ED","An immaculately presented 1 bedroom penthouse apartment situated in the heart of Haggerston. Newly developed and flooded with natural light, featuring additional study space and available on a furnished basis. <br/><br/>The property is finished to an exacting standard throughout, featuring a designated study area, air conditioning, motorised floor to ceiling curtains, high end appliances, large windows, high-spec TV, left access and east facing views over Haggerston and the city. <br/><br/>Stean Street is located moments from Haggerston Overground Station providing easy access to the city. Regents Canal is also on your doorstep perfect for a walk to Camden Market to the west and Broadway Market to the East. The amenities of Hoxton and Shoreditch are only a short journey away.","An immaculately presented 2 bedroom, 2 bathroom penthouse apartment situated in the heart of Haggerston. Newly developed and flooded with natural light, with additional study space ad available on a furnished basis.",2,2,1,FLAT,IMMEDIATELY,3800,TWELVE_MONTHS,false,"null",51.537521,-0.075327,CHESTERTONS
679,2025-02-25 15:40:01.807 +0000,e8b502ad-d554-4e2f-a31c-a4355b9a5fbd,Boxwood Gardens,,London,E1W 2DX,"Boxwood Gardens, London, E1W 2DX","Brand new two-bedroom, two-bathroom apartment that exemplifies modern urban living in one of London's most sought-after locations.<br/><br/>The property features a spacious, bright open-plan kitchen and living area, which leads onto a generous private balcony with stunning views. It also boasts two double bedrooms with built-in wardrobes (the master with an en-suite), a large family bathroom, and plenty of storage space.","Brand new two-bedroom, two-bathroom apartment that exemplifies modern urban living in one of London's most sought-after locations.",2,0,0,FLAT,IMMEDIATELY,3800,LT_SIX_MONTHS,false,"null",51.505796,-0.057199,CHESTERTONS
681,2025-02-25 15:40:03.959 +0000,"7132d4f8-2def-4aef-8f59-63c4bd9c381f","Pimlico Apartments, 60 Vauxhall Bridge Road",,London,SW1V 2RD,"Pimlico Apartments, 60 Vauxhall Bridge Road, London, SW1V 2RD","A spacious and smartly presented apartment set in a well-run portered building. The accommodation comprises a large open plan reception and dining room which gives access to a full length terrace offering views across the City, separate kitchen, family bathroom and three double bedrooms (master with en suite). There is wheelchair access to the property, parking and it is well connected with transport links from Pimlico, Victoria and Vauxhall.","A fabulous three bed flat on the fifth floor of this well run portered block Benefitting from secure parking, balcony, lift, and views across London. This would make the perfect London home and the building has concierge service.",3,2,1,FLAT,IMMEDIATELY,3800,TWELVE_MONTHS,false,"null",51.490642,-0.133424,CHESTERTONS
675,2025-02-25 15:39:58.016 +0000,"0eaf0c66-d067-4841-a862-8accf46fcd24","Coda Residences, 6 York Place",,London,SW11 3JD,"Coda Residences, 6 York Place, London, SW11 3JD","A truly stunning two bedroom, two bathroom apartment with gorgeous views of the Thames from the 11th floor. The apartment comes with underfloor heating, a beautiful open plan kitchen, residents gym and 24hr concierge service.<br/><br/>The apartment boasts a Poggenpohl kitchen with Corian worktop and integrated Siemens appliances, bathrooms with porcelain tiles and custom timber veneer vanity units, engineered timber flooring to living areas, Poliform free-standing wardrobes to all master bedrooms and floor to ceiling double-glazed windows.  <br/><br/>Further specification includes video door entry system, underfloor heating throughout, comfort cooling to living rooms and master bedrooms and TV points, provision for Sky+ and high-speed broadband and fibre-optic connection to living rooms and master bedrooms.<br/><br/>Coda Residences' prime riverside location offers proximity to charming neighbourhoods, lush green spaces and easy transport connections. Nearby areas include the bustling Northcote Road, Battersea Power Station, Battersea Arts Centre, historic Battersea Park and the pedestrianised Battersea Square. Less than 500m away is Clapham Junction, one of the best connected stations in the city, with easy access to the City, Gatwick airport and other parts of central London.","Exceptional eleventh floor apartment with stunning river views. This two bedroom, two bathroom apartment in Coda Residences is newly furnished with high quality items as seen in the photos. Please speak to Chestertons for more information.",2,2,1,FLAT,IMMEDIATELY,3900,TWELVE_MONTHS,false,"null",51.466564,-0.179719,CHESTERTONS
677,2025-02-25 15:39:59.731 +0000,"2bc7b091-80ed-4b99-bebb-a4bf3aa253e9",George Street,,London,E14 9QG,"George Street, London, E14 9QG","Welcome home to 10 George Street, placing you at the heart of Wood Wharf.<br/><br/>These apartments offer cozy, modern spaces designed for comfort and ease so that you never miss a moment - from early morning coffees to sundowners on the terrace.<br/>With shared lounges, south-facing terrace and plenty of amenity spaces to enjoy alone or with neighbours, 10 George Street is the perfect place to connect, unwind, and truly feel at home.<br/><br/>There's so much more to renting. Enjoy extensive Vertus+ amenity spaces and a programme of curated events hosted in these spaces. With the Vertus+ app our residents also benefit from access to partner perks by neighbourhood brands in Canary Wharf. Fancy a 20% skincare discount, or a drink on us? We have you covered.<br/><br/>AMENITY SPACES<br/>- South facing terrace with BBQ<br/>- Gym and immersive Fiit studio<br/>- Private dining room<br/>- Residents' lounge<br/>- Self-service bar with coffee machine and wine dispenser<br/>- Joint amenity spaces with 8 Water Street<br/><br/>EVENTS<br/>- Wine Wednesday<br/>- Cooking Masterclass<br/>- Resident Book Club<br/><br/>BUILDING<br/>- Free high-speed Wi-Fi throughout the apartments and building - easy to WFH, game, or stream your favourite show without glitches.<br/>- We have a dedicated team on-site (engineers, concierge, building managers) here to help with any questions you have to make your move as stress-free as possible<br/>- Pantree honesty market - so you can pick up essential without leaving your building<br/>- Bring me boxes<br/>- Apartments furnished by Camerich<br/><br/>PERKS<br/>- Monthly exclusives on the residents' app<br/>- Free Fiit membership - the #1 Rated Fitness App with hundreds of killer on-demand workouts with world-class trainers.<br/>- Dry cleaning and laundry services<br/>- Guest suites - fully-furnished suites for residents to book as an extension of their home when hosting more family and friends<br/><br/>NEIGHBOURHOOD<br/>- Feel safe and secure on a private Estate - Canary Wharf.<br/>- Convenient transport connections -Canary Wharf London Underground Station (Jubilee Line) / 3 mins travel*, Heron Quay station (DLR) / 4 mins travel*, South Quay station (DLR) / 8 mins travel*, Canary Wharf Crossrail Place (Elizabeth Line) / 10 minutes travel* (*approximate travel to stations).<br/>- Immerse yourself in convenience and culture with 300 shops, bars and restaurants, 100 cultural events per year, and the UK's largest free-to-visit collection of outdoor public art. The Wharf also benefits from over 16 acres of landscaped parks, boardwalks and squares.<br/><br/>*Please note that all images, floorplans and particulars included are for illustrative and indicative purposes only. Individual features and layout may vary.<br/>*Available for student let<br/><br/><br/><br/>Chestertons is collaborating with the developer on this project. Your enquiry (including your name and your contact details will be shared with them. We adhere to all data protection regulations and our policy can be found here: https://www.chestertons.co.uk/privacy. Vertus will contact you directly to arrange a viewing and will be responsible for adhering to their data protection requirements. Their policy can be found here:  https://thisisvertus.com/privacy-policy/","Chestertons are pleased to offer the opportunity to rent a beautifully finished, two bedroom, two bathroom apartment in the Vertus development on George Street, Canary Wharf. The property is offered fully furnished, with 24/7 concierge and amenities.",2,2,1,FLAT,IMMEDIATELY,3900,SIX_MONTHS,false,"null",51.502181,-0.013389,CHESTERTONS
680,2025-02-25 15:40:01.908 +0000,cdf4abc5-0eb3-47f7-90ef-8a9bf84b831e,New Row,,London,WC2N 4LA,"New Row, Covent Garden, WC2N 4LA","Short let only - 3 months maximum. All bills included. <br/><br/> Two bedroom 600 sqft apartment on the 4th floor of this period property located on New Row, a charming and cosy pedestrianised street, situated in the heart of Covent Garden. Video Viewing Available.","Short let only - Two bedroom 600 sqft apartment on the 4th floor of this period property located on New Row, a charming and cosy pedestrianised street, situated in the heart of Covent Garden. Video Viewing Available.",2,1,1,FLAT,IMMEDIATELY,3900,LT_SIX_MONTHS,true,"null",51.511221,-0.126083,CHESTERTONS
682,2025-02-25 15:40:04.707 +0000,b95a9883-b195-4a44-bf0a-25aa80cf2372,Donaldson Road,,London,NW6 6NE,"Donaldson Road, London, NW6 6NE","SHORT LET <br/><br/>You will have a great time here! <br/><br/>Enjoy making dinner in the fully equipped kitchen and enjoy it on the decking in your private garden.  <br/><br/>Relax in this lovely two bedroom short let which is ideally located for your stay in London. This property comprises of a bright living space, kitchen, utility, principle bedroom and second bedroom which can be used as both an office or a bedroom. This property also boasts a private garden with decking area. <br/><br/>You will be located on Donaldson Road with excellent transport links, being close to Queens Park Station (Bakerloo Line and Overground). You will also be close to all of the amenities, cafes and restaurants of Salusbury Road and Lonsdale Road as well as the famous Queens Park Farmers Market!",SHORT LET Enjoy making dinner in the fully equipped kitchen and enjoy it on the decking in your private garden.,2,1,1,FLAT,IMMEDIATELY,3900,LT_SIX_MONTHS,false,"null",51.537073,-0.202589,CHESTERTONS
684,2025-02-25 15:40:06.277 +0000,"452d5b37-484a-4291-9407-7615170aee84","Abbey Road, St John's Wood",,London,NW8 0AG,"Abbey Road, St John's Wood, London, NW8 0AG","This modern apartment comprises two double bedrooms, two bathrooms, large open plan reception area and fully equipped kitchen, Juliette Balcony and plenty of storage. <br/><br/>The building is located on the famous Abbey Road, moments from the amenities of St. John's Wood High Street and St. John's Wood Underground (Jubilee Line).",A modern property located on the second floor (lift access) in this purpose built building on the famous Abbey Road.,2,2,1,FLAT,IMMEDIATELY,3900,SIX_MONTHS,false,"null",51.537945,-0.185164,CHESTERTONS
686,2025-02-25 15:40:07.939 +0000,c644c431-56f1-4453-b598-ecc764402d0d,Newfoundland Place,,London,E14 4BJ,"Newfoundland Place, London, E14 4BJ","Imagine lazy mornings in your waterside apartment, carefree coffees on your sun-soaked terrace. Shared spaces, where you bond with neighbours. Events made for your tastes, in the company of world cultures. Enjoy unmissable moments with those who really get you.<br/><br/>We're all different, and that's something to celebrate. Find your perfect fit among three distinctive buildings. Welcome home to Newfoundland.<br/><br/>Bold design and buzzy energy define life in this Thames-side tower in Newfoundland. Wake up London's striking skyline and winding waterways.<br/><br/>There's so much more to renting. Enjoy extensive amenity spaces and a programme of curated events hosted in these spaces. With the Vertus+ app our residents also benefit from access to partner perks by neighbourhood brands in Canary Wharf. Fancy a 20% skincare discount, or a drink on us? We have you covered.<br/><br/>AMENITY SPACES<br/><br/>- South-west facing terrace with BBQ<br/>- Gym and Fitness studios<br/>- Private dining room<br/>- Residents' lounge and games area<br/>- ""Kidult"" area and outdoor children's play area<br/>- Self-service bar with coffee machine and wine dispenser<br/><br/>PERKS<br/><br/>- Monthly exclusives on the residents' app<br/>- Free Fiit membership - the #1 Rated Fitness App with hundreds of killer on-demand workouts with world-class trainers.<br/>- Dry cleaning and laundry services<br/>- Guest suites - fully-furnished suites for residents to book as an extension of their home when hosting more family and friends<br/><br/>BUILDING<br/><br/>- Free high-speed Wi-Fi throughout the apartments and building - easy to WFH, game, or stream your favourite show without glitches.<br/>- We have a dedicated team on-site (engineers, concierge, building managers) here to help with any questions you have to make your move as stress-free as possible<br/>- Pantree honesty market - so you can pick up essential without leaving your building<br/>- Bring me boxes<br/>- Apartments furnished by David Phillips<br/><br/>NEIGHBOURHOOD<br/><br/>- Feel safe and secure on a private Estate - Canary Wharf.<br/>- Convenient transport connections -Canary Wharf London Underground Station (Jubilee Line) / 3 mins travel*, Heron Quay station (DLR) / 4 mins travel*, South Quay station (DLR) / 8 mins travel*, Canary Wharf Crossrail Place (Elizabeth Line) / 10 minutes travel* (*approximate travel to stations).<br/>- Immerse yourself in convenience and culture with 300 shops, bars and restaurants, 100 cultural events per year, and the UK's largest free-to-visit collection of outdoor public art. The Wharf also benefits from over 16 acres of landscaped parks, boardwalks and squares.<br/><br/><br/>*Please note that all images, floorplans and particulars included are for illustrative and indicative purposes only. Individual features and layout may vary.<br/><br/>Chestertons is collaborating with the developer on this project. Your enquiry (including your name and your contact details will be shared with them. We adhere to all data protection regulations and our policy can be found here: https://www.chestertons.co.uk/privacy. Vertus will contact you directly to arrange a viewing and will be responsible for adhering to their data protection requirements. Their policy can be found here:  https://thisisvertus.com/privacy-policy/","Chestertons are pleased to offer the opportunity to rent a beautifully finished, two bedroom apartment in the Vertus development Newfoundland, Canary Wharf. The property is offered fully furnished, with 24/7 concierge and amenities.",2,1,1,FLAT,IMMEDIATELY,3898,TWELVE_MONTHS,false,"null",51.504087,-0.025038,CHESTERTONS
688,2025-02-25 15:40:10.638 +0000,d9baaa23-1993-4a5a-9d67-b9351d1188c0,"Viceroy Court, 58-74 Prince Albert Road, St John's Wood",,London,NW8 7PP,"Viceroy Court, 58-74 Prince Albert Road, St John's Wood, London, NW8 7PP","A modern two bedroom, two bathroom apartment situated in a majestic portered block overlooking Regent's Park. <br/><br/>The property comprises; double reception with both dining and living space, fully fitted kitchen, master bedroom with en-suite, further double bedroom with en-suite bathroom and guest WC. <br/><br/>The property further benefits from a communal roof terrace with incredible views of the London skyline, 24 hour porterage and allocated parking space.","A modern two bedroom, two bathroom apartment situated in a majestic portered block overlooking Regent's Park with communal roof terrace and views of the London Skyline.",2,2,1,FLAT,"2025-04-14",3878,SIX_MONTHS,false,"null",51.534472,-0.165155,CHESTERTONS
690,2025-02-25 15:40:12.005 +0000,e8cd534c-f63a-402e-9c72-f8c35d31fad3,Birchington Road,,London,NW6 4LL,"Birchington Road, London, NW6 4LL","Discover a charming 3-bedroom, 2-bathroom period property in the heart of a vibrant town. This well-maintained recently decorated home spans over 970 sq ft and exudes comfort and convenience. The property boasts a clean and inviting interior, furnished to a high standard. You'll find the space to be both homely and spacious, perfect for a growing family or professionals looking for a comfortable living space. Step outside to enjoy the garden and immerse yourself in the bustling surroundings of this sought-after town.",Charming 3-bed period property with garden in town. Spacious 970 sq ft with furnished basement apartment. Well-maintained and inviting. Ideal for a comfortable and convenient lifestyle.,3,2,1,FLAT,IMMEDIATELY,3850,TWELVE_MONTHS,false,"null",51.539337,-0.193357,CHESTERTONS
726,2025-02-25 15:40:55.049 +0000,e83ec5ff-4792-4b6b-afd0-3a22d144c586,Wardo Avenue,,London,SW6 6RA,"Wardo Avenue, London, SW6 6RA",SHORT TERM LET BILLS INCLUDED - This fantastic two double bedroom apartment has an abundance of character with a private garden. Set in the heart of Munster Village with it great transport links to either Hammersmith or Parsons Green. Wooden flooring throughout.,SHORT TERM LET BILLS INCLUDED - This fantastic two double bedroom apartment has an abundance of character with a private garden. Set in the heart of Munster Village with it great transport links to either Hammersmith or Parsons Green.,2,1,1,FLAT,IMMEDIATELY,3500,LT_SIX_MONTHS,true,"null",51.476857,-0.212458,CHESTERTONS
683,2025-02-25 15:40:05.586 +0000,fff5b3aa-d430-4f73-8f96-375650b6c34b,"Hyperion Tower, Pump House Crescent, Brentford",,Middlesex,TW8 0FZ,"Hyperion Tower, Pump House Crescent, Brentford, Middlesex, TW8 0FZ","A stunning 3 bedroom apartment to let on the 13th floor of Hyperion Towert.<br/><br/>The property comprises 3 double bedrooms, 2 bathrooms, open plan kitchen and reception room and a balcony.<br/><br/>Further benefits include an on-site 24 hour concierge and access to a private resident's gym.","A stunning 3 bedroom apartment to let in Hyperion Tower, within the Pump House Crescent development",3,2,1,FLAT,IMMEDIATELY,3800,TWELVE_MONTHS,false,"null",51.489034,-0.294392,CHESTERTONS
685,2025-02-25 15:40:06.947 +0000,"714d6bc2-09a1-483e-8533-a73c490bec3b",Plough Way,,London,SE16 7FN,"Plough Way, London, SE16 7FN","A wonderful house with four bedrooms and study room, with five bathrooms. The ground floor features a spacious open plan kitchen / living space, a downstairs guest cloakroom and access to front and rear gardens.","A wonderful house with four bedrooms and study room, with five bathrooms. The ground floor features a spacious open plan kitchen / living space, a downstairs guest cloakroom and access to front and rear gardens.<br/><br/>NO HMO",5,5,1,FLAT,IMMEDIATELY,3800,TWELVE_MONTHS,false,"null",51.492608,-0.036106,CHESTERTONS
687,2025-02-25 15:40:09.769 +0000,"08f4c221-7d27-497f-a6a6-dba02615b8d4","Elsynge Road Mansions, 21-23 Elsynge Road",,London,SW18 2HP,"Elsynge Road Mansions, 21-23 Elsynge Road, London, SW18 2HP","Chestertons are pleased to bring to the market this stunning three double bedroom, two bathroom lower ground floor mansion flat. <br/><br/>Finished to and very high standard and furnished well throughout this flat also benefits from a wealth of natural light and an airy feel while being quiet and peaceful. The flat has a good sized living area and a generous separate kitchen with a modern finish. Three good sized double bedrooms are complemented with two well appointed bathrooms (one en-suite) and ample storage.<br/><br/>Situated on one of Wandsworth's premier roads a plethora of amenities, shops bars and restaurants are just minutes from your door, including the popular St Johns Hill and Northcoate Road as well as being moments from the beautiful Wandsworth Common. Transport links are also in an abundance with local Clapham Junction just a 0.4 mile hop, Wandsworth Town a 0.6 mile skip or local buses just a 0.2 mile jump away.","Chestertons are pleased to bring to the market this stunning three double bedroom, two bathroom lower ground floor mansion flat.",3,2,1,FLAT,IMMEDIATELY,3800,LT_SIX_MONTHS,false,"null",51.459171,-0.177321,CHESTERTONS
689,2025-02-25 15:40:10.830 +0000,"928055f6-3549-43c5-8568-18bcac13ed6a",Whinfell Close,,London,SW16 1QG,"Whinfell Close, London, SW16 1QG","A fantastic four bedroom house on a quiet road conveniently located for Tooting and Streatham. The property has a lovely dual aspect reception room, a spacious eat-in kitchen and utility space. On the first floor you will find three well-appointed bedrooms, one with en-suite and a family bathroom with the final bedroom on the second floor. The house is on a lovely no-through road and benefits from a private south facing garden.",A fantastic four bedroom house with south facing garden conveniently located ear to Tooting Common and Streatham station,4,2,0,FLAT,IMMEDIATELY,3800,LT_SIX_MONTHS,false,"null",51.42716,-0.136386,CHESTERTONS
691,2025-02-25 15:40:12.440 +0000,"303bbb9a-5c2e-4e25-a85b-286a982a76f3","Princes Court, 88 Brompton Road",,London,SW3 1ET,"Princes Court, 88 Brompton Road, London, SW3 1ET","A bright, well-proportioned south facing two bedroom apartment located on the 9th floor of this popular purpose-built development located opposite Harrods. The benefits from lift and 24 hour porterage.","A bright, well-proportioned south facing two bedroom apartment located on the 9th floor of this popular purpose-built development located opposite Harrods. The benefits from lift and 24 hour porterage.",2,1,1,FLAT,IMMEDIATELY,3800,TWELVE_MONTHS,false,"null",51.49988,-0.164042,CHESTERTONS
692,2025-02-25 15:40:13.939 +0000,"9dd266fe-2c55-43af-9441-d90ed8bd37d7","York Place Mansions, 117 Baker Street",,London,W1U 6RX,"York Place Mansions, 117 Baker Street, London, W1U 6RX","A very large first floor period apartment with two double bedroom and two bathrooms, one en suite. Good sized living room with kitchen off, wood flooring throughout. <br/><br/>The building has a morning porter. Perfectly located for Baker St Tube Station with it being a short walk away.<br/><br/>Our China Desk is here for you, if Chinese is your preferred language, please get in touch via WeChat (ChestertonsChinaDesk)","A very large first floor period style flat with two double bedroom and two bathrooms, one en suite. Good sized living room with kitchen off, wood flooring throughout. The building has a morning porter. Excellently located for Baker St Tube Station.",2,2,1,FLAT,IMMEDIATELY,3791,TWELVE_MONTHS,false,"null",51.521629,-0.157541,CHESTERTONS
693,2025-02-25 15:40:15.281 +0000,ae0ebe92-cf6e-43ef-983e-141f672e152f,Tavistock Square,,London,WC1H 9EZ,"Tavistock Square, London, WC1H 9EZ","This fully renovated, well-sized 2-bedroom apartment is located on the 2nd floor of a converted building on Tavistock Square. The flat boasts high ceilings and is flooded with natural light, creating a bright and airy living space. It features a brand-new kitchen, bathroom, and flooring throughout. Views of the square! <br/><br/>The apartment includes a spacious open-plan kitchen and reception area, a generously sized double bedroom with plenty of storage, and a comfortable single bedroom.<br/><br/>The common areas of the building have also been completely updated, ensuring a modern and well-maintained environment. <br/><br/>Ideally situated near Russell Square and Euston Square stations, you’ll have easy access to the Piccadilly, Circle, Metropolitan, Hammersmith, and City Lines. A video viewing is available upon request.","This fully renovated, well-sized 2-bedroom apartment is located on the 3rd floor of a converted building on Tavistock Square. The flat boasts high ceilings and is flooded with natural light, creating a bright and airy living space.",2,1,0,FLAT,IMMEDIATELY,3775,TWELVE_MONTHS,false,"null",51.524936,-0.130021,CHESTERTONS
695,2025-02-25 15:40:24.445 +0000,"0ef8068d-0eb2-4df8-8eed-27382738fb33","Croxley Road, Maida Vale",,London,W9 3HL,"Croxley Road, Maida Vale, London, W9 3HL","SUITABLE FOR SHARERS<br/><br/>This spacious four double bedroom, two bathroom apartment is situated on the top two floors within this period conversion. The property comprises; reception room, separate modern kitchen, four double bedrooms and two bathrooms. <br/><br/>This upper floor duplex further benefits; wood effect flooring, modern kitchen, modern bathroom, separate W.C and spacious accommodation throughout. <br/><br/>Croxley Road is ideally situated moments away form all the amenities of Maida Vale and close to excellent transport links.","This spacious four double bedroom, two bathroom apartment is situated on the top two floors within this period conversion. The property comprises; reception room, kitchen, four double bedrooms and two bathrooms.",4,2,1,FLAT,IMMEDIATELY,3683,TWELVE_MONTHS,false,"null",51.529774,-0.20032,CHESTERTONS
696,2025-02-25 15:40:26.075 +0000,a4def294-b542-4eaf-b224-19d6982c4805,"Coronation Court, Brewster Gardens",,London,W10 6AL,"Coronation Court, Brewster Gardens, London, W10 6AL","","An impressive two bedroom, two bathroom penthouse apartment with air conditioning and private balcony, available to long let on a furnished basis.",2,2,1,FLAT,IMMEDIATELY,3683,TWELVE_MONTHS,false,"null",51.520524,-0.22577,CHESTERTONS
694,2025-02-25 15:40:23.258 +0000,a5044780-d9a5-4095-b6e5-9216f6bcdc0a,"Lonsdale Square, Islington",,London,N1 1EW,"Lonsdale Square, Islington, London, N1 1EW","*SHORT LET*<br/>Newly refurbished garden flat. This unparalleled two bedroom flat in the heart of Angel has been refurbished throughout with an exacting attention to detail. The private courtyard and entrance has double doors opening  into the open plan living room and high specification kitchen fitted with contemporary appliances, an ambient sunken shower room, two double bedrooms (one currently set up as a home office space), and a large private garden.<br/><br/>The flat is perfect for professionals looking for a pleasant, peaceful location on one of the most sought after squares in Islington, while being moments from the boutique shops, bars and restaurants of Upper Street, Angel and Highbury & Islington stations.<br/><br/>Quick Viewing Highly Recommended","SHORT LET! Newly refurbished garden flat. Stunning 2 bed flat in the heart of Angel with a a large private garden. The flat is perfect for professionals looking for a pleasant, peaceful location on one of the most sought after squares in Islington.",2,1,1,FLAT,"2025-04-05",3750,LT_SIX_MONTHS,false,"null",51.539533,-0.108787,CHESTERTONS
697,2025-02-25 15:40:26.423 +0000,dc03710f-4a26-493d-8251-bbf758110620,"Hamilton Terrace, St John's Wood",,London,NW8 9QX,"Hamilton Terrace, St John's Wood, London, NW8 9QX","A spacious two bedroom apartment set in a red brick period conversion.  Hamilton Terrace is conveniently located to both St. John's Wood and Maida Vale underground stations. The property comprises; two double bedrooms, large reception room, fully fitted kitchen and two bathrooms. The property is offered in good decorative order and is offered on unfurnished basis.",A spacious apartment with large reception set in a red brick period conversion. Hamilton Terrace is conveniently located to both St John's Wood and Maida Vale underground stations.,2,2,1,FLAT,"2025-03-31",3750,SIX_MONTHS,false,"null",51.529609,-0.180835,CHESTERTONS
698,2025-02-25 15:40:28.191 +0000,d67be902-44c5-4067-99c8-00752463d0e3,"Coda Residences, 6 York Place",,London,SW11 3JE,"Coda Residences, 6 York Place, London, SW11 3JE","Exquisite two bedroom apartment on the 12th floor of Coda Residences. The property is excellently furnished to the highest standard and enjoys views across London from the expansive private terrace.<br/><br/>The open plan kitchen / reception room offers the same striking views of London through floor to celling widows and that open up onto the terrace. The bespoke kitchen was made with unique design features in mind allowing ample storage and natural light to brighten ever corner.<br/><br/>There are two large double bedrooms with ample floor space and built-in storage. The bathroom is excellently crafted offering a shower over bath and light up anti-steam mirrors.<br/><br/>Coda Residences is ideally located on the South bank of the River Thames, just a short walk to Clapham Junction (6 minutes to Victoria & 8 minutes to Waterloo). The building benefits from  a 24 hour concierge, a resident gym, a residents meeting room and private work spaces.<br/><br/>The property has been furnished with brand new furniture and is available straight away. Please contact Chestertons Battersea Park & Nine Elms for more information and to arrange a viewing.",Immaculate two bedroom apartment with a spectacular private roof terrace with views across London from the 12th floor of Coda Residences.,2,1,0,FLAT,IMMEDIATELY,3750,TWELVE_MONTHS,false,"null",51.466564,-0.179719,CHESTERTONS
700,2025-02-25 15:40:29.302 +0000,"77cc7fb3-0b5a-4e03-b9ea-c11a5493404e",Topsham Road,,London,SW17 8SJ,"Topsham Road, London, SW17 8SJ","Perfect for a family or professional sharers, this four bedroom house has been recently refurbished throughout. The property benefits from four double bedroom properties, two bathrooms and an additional downstairs with shower room, an open plan living room/kitchen and a private garden. <br/><br/>Topsham Road is located a short walk from Tooting Bec Station.","A recently refurbished four double bedroom house well located for Tooting Bec & Tooting Broadway stations. The property boasts an open plan reception/kitchen, private garden, four double bedrooms and two bathrooms.",4,2,1,FLAT,IMMEDIATELY,3750,TWELVE_MONTHS,false,"null",51.431535,-0.156565,CHESTERTONS
702,2025-02-25 15:40:30.546 +0000,"822d87ba-b79d-4084-a9bf-2b41eb7710fd","Boydell Court, St. Johns Wood Park, St John's Wood",,London,NW8 6NH,"Boydell Court, St. Johns Wood Park, St John's Wood, London, NW8 6NH","Modern and spacious apartment in a sought after purpose built block, with 24hr concierge and moments from Swiss Cottage Station.<br/><br/>The property comprises two double bedrooms, two bathrooms (one en suite), large double reception room and fitted kitchen.","Modern and spacious apartment in a sought after purpose built block, with 24hr concierge and moments from Swiss Cottage Station.",2,2,1,FLAT,"2025-04-17",3750,SIX_MONTHS,false,"null",51.541382,-0.174049,CHESTERTONS
704,2025-02-25 15:40:31.904 +0000,eb420620-4838-45c9-9031-acbc772d631f,"Camden Mews, Camden",,London,NW1 9AH,"Camden Mews, Camden, London, NW1 9AH","This spacious two double bedroom house is situated within this highly desirable Camden Mews. The house comprises; two reception rooms, kitchen, two bedrooms and two bathrooms.<br/><br/>This spacious house further benefits; wooden flooring, floor to ceiling windows, marble bathrooms and a private patio garden. The property available March. <br/><br/>Camden Mews is ideally situated moments from the highly renowned Camden Square, close to local amenities and good transport links.","This spacious two double bedroom house is situated within this highly desirable Camden Mews. The house comprises; two reception rooms, kitchen, two bedrooms and two bathrooms.",2,2,2,FLAT,"2025-03-28",3750,TWELVE_MONTHS,false,"null",51.547963,-0.129236,CHESTERTONS
706,2025-02-25 15:40:33.591 +0000,d0caa7a5-e2d9-40ef-a775-af2765d8a664,"Nichols Court, 10 Cremer Street",,London,E2 8HR,"Nichols Court, 10 Cremer Street, London, E2 8HR","This impressive two double bedroom apartment with private balcony is situated within this stunning purpose built gated development in the heart of Hoxton providing great access to The City & Shoreditch.<br/><br/>Benefits include spacious open plan reception room with modern fitted kitchen/diner, two double bedrooms both with fitted wardrobes, modern fitted bathroom and wood floors throughout.<br/><br/>Cremer Street is ideally situated moments away from all the amenities of Hoxton & Shoreditch with great transport links into the the City.",(SHORT LET) This impressive two double bedroom apartment with private balcony is situated within this stunning purpose built gated development in the heart of Hoxton providing great access to The City & Shoreditch.,2,1,1,FLAT,IMMEDIATELY,3750,LT_SIX_MONTHS,false,"null",51.53087,-0.075031,CHESTERTONS
708,2025-02-25 15:40:34.898 +0000,"66aead17-add1-4199-a86c-db84779267c3","Darell Road, Richmond",,Surrey,TW9 4LF,"Darell Road, Richmond, Surrey, TW9 4LF","A beautiful two-bedroom garden flat in the heart of Kew. The property features a modern open plan kitchen reception room, two spacious bedrooms, and a stunning 35-foot garden with rear access and a home office. Offered unfurnished.<br/><br/>Kew is a district in the London Borough of Richmond upon Thames. Its population at the 2011 census was 11,436. Kew is the location of the Royal Botanic Gardens, now a World Heritage Site, which includes Kew Palace.<br/><br/>*ALSO AVAILABLE FOR LONG LET*","SHORT LET. A beautiful two-bedroom garden flat in the heart of Kew. The property features a modern open plan kitchen reception room, two spacious bedrooms, and a stunning 35-foot garden with rear access and a home office. Offered unfurnished.",2,1,1,FLAT,IMMEDIATELY,3750,LT_SIX_MONTHS,false,"null",51.468497,-0.285332,CHESTERTONS
699,2025-02-25 15:40:28.298 +0000,"0005acf9-7823-4f96-9903-a239e10867ca","Coda Residences, 6 York Place",,London,SW11 3JD,"Coda Residences, 6 York Place, London, SW11 3JD","This brand new property is made up of an spacious and bright open plan reception/kitchen with hard flooring leading out onto a private balcony that faces the park. There are two large double bedrooms and two modern bathrooms (one en-suite). The property comes with new furniture as seen in the photos.<br/><br/>Residents benefit from a 24-hour concierge service, a fitness studio and gym, private gardens, a residents lounge and bicycle parking. <br/><br/>This apartment boasts Poggenpohl kitchens with Corian worktops and integrated Siemens appliances, bathrooms with porcelain tiles and custom timber veneer vanity units, engineered timber flooring to living areas, carpets in all bedrooms, Poliform free-standing wardrobes in the principal bedroom and floor to ceiling double-glazed windows.   <br/><br/>Further specification includes video door entry system, underfloor heating throughout, comfort cooling to living rooms and principal bedroom and TV points, provision for Sky+ and high-speed broadband and fibre-optic connection to living room and main bedroom.<br/><br/>An offering of dining, shopping and culture is nearby at bustling Northcote Road, Battersea Power Station, Battersea Arts Centre, historic Battersea Park and the pedestrianised Battersea Square.  Nearby Clapham Junction is one of the best connected stations in the city, with easy access to the City, Gatwick airport and other parts of central London.",Pristine two bedroom two bathroom apartment with a large private balcony facing towards the river. The apartment is furnished to an excellent standard as seen in the photos.,2,2,1,FLAT,IMMEDIATELY,3661,TWELVE_MONTHS,false,"null",51.466564,-0.179719,CHESTERTONS
701,2025-02-25 15:40:29.780 +0000,"34236a39-7f72-4fb7-88ef-4d7fd4fb9abc",Friars Mead,,London,E14 3JZ,"Friars Mead, London, E14 3JZ","A fantastic 4 double bedroom house with off-street parking and a private garden. The property boasts 4 double bedrooms, 1 bathroom, fully fitted kitchen and large reception room leading out to private garden. The property further benefits from off-street parking and is ideally located for access to Canary Wharf. EPC D.","The property boasts 4 double bedrooms, 3 bathroom, fully fitted kitchen and large reception room leading out to private garden. The property further benefits from off-street parking and is ideally located for access to Canary Wharf. EPC D.",4,3,1,HOUSE,IMMEDIATELY,3650,SIX_MONTHS,false,"null",51.493988,-0.009654,CHESTERTONS
703,2025-02-25 15:40:31.535 +0000,ca97df14-459b-4eca-ba09-9854940a470b,"St Pauls Road, Islington",,London,N1 2LT,"St Pauls Road, Islington, London, N1 2LT","A charming terraced cottage within a few minutes walk of Highbury Corner and the Station (Victoria Line and Overground). <br/><br/>Set back from the road, the house is in great condition throughout and comprises two large double bedrooms and one single bedroom, a modern full suite bathroom and an en-suite shower room, spacious through lounge and fitted kitchen leading out to large, private, patio garden. <br/><br/>A couple or a maximum of two sharers only<br/><br/>Available on a furnished basis.",A charming three bedroom terraced house set back from the road and located moments from Highbury & Islington underground and Canonbury over ground station.,3,2,1,FLAT,"2025-05-14",3600,TWELVE_MONTHS,false,"null",51.547011,-0.095378,CHESTERTONS
705,2025-02-25 15:40:32.283 +0000,db0da408-80ce-47bc-b5f8-f52c53b78ba3,"High Holborn, Holborn, Covent Garden",,London,WC1V 6DR,"High Holborn, Holborn, Covent Garden, London, WC1V 6DR","An exceptionally spacious 2 BEDROOM APARTMENT, found within this modern purpose built development with day time porter. Excellent access to the City & the West End. <br/><br/>Spacious open plan kitchen & living room 2 double bedrooms, en suite shower room & guest bathroom, wood flooring throughout & high quality furnishings.<br/><br/>Ideally located for Chancery lane and Holborn Tube Stations  providing access to Central and Piccadilly lines.",An exceptionally spacious 2 bedroom apartment found within this modern purpose built portered development. With excellent access to the City & the West End and close proximity to Central and Piccadilly lines.,2,2,0,FLAT,"2025-04-10",3600,TWELVE_MONTHS,false,"null",51.518494,-0.111948,CHESTERTONS
707,2025-02-25 15:40:34.608 +0000,c23423f6-a135-4bc4-bf20-4e6f975a37ab,"Camden Road, Islington",,London,N7 0LG,"Camden Road, Islington, London, N7 0LG","This stunning three double bedroom garden apartment is situated within this impressive period conversion set back from the road and within easy reach of Caledonian Road and Holloway Road stations.<br/><br/>The property comprises; three large double bedrooms, modern high spec slate tiled shower room, open plan fully fitted open plan kitchen / living area leading out onto a large private garden, which then leads to a further shared garden area. The property further benefits from parquet flooring throughout, large windows allowing ample light to flood the living areas and a private car parking space on the drive. The property is offered furnished and available mid-April.<br/><br/>Camden Road is ideally situated moments away from local amenities and close to excellent transport links into the City to include both Caledonian Road and Holloway Road underground stations.","This charming three double bedroom period conversion is set back from the road and boasts a large, private south facing garden.",3,1,0,FLAT,"2025-04-15",3600,TWELVE_MONTHS,false,"null",51.552221,-0.124644,CHESTERTONS
709,2025-02-25 15:40:36.115 +0000,ae68b06a-a056-4e1b-bcf0-f6fa8eec85c9,"Montevetro, 100 Battersea Church Road",,London,SW11 3YL,"Montevetro, 100 Battersea Church Road, London, SW11 3YL","A stunning  two bedroom two bathroom apartment to rent in the desirable Montevetro building designed by Richard Rogers and with fabulous river views. This modern apartment offers two good sized double bedrooms with an en suite, ample storage and comes with secure underground parking. Finished to exacting standards of interior design benefiting from 24 hours concierge service with secure entry, an open plan kitchen and access to fantastic communal gardens.  The development also benefits from a residents only gym and a private tennis court.  <br/><br/>Situated on the river bank by Battersea Bridge moments from the shops and amenities of Battersea and green acres of Battersea Park. Easy access to Clapham Junction and its transports links and a short commute to Victoria. The apartment is also with easy reach of the bars and boutiques of Chelsea.",A stunning  two bedroom two bathroom apartment to rent in the desirable Montevetro building designed by Richard Rogers with fabulous river views.  This modern apartment offers two good sized double bedrooms with an en-suite and ample storage.,2,2,1,FLAT,IMMEDIATELY,3600,TWELVE_MONTHS,false,"null",51.477209,-0.175,CHESTERTONS
712,2025-02-25 15:40:38.669 +0000,bf27023b-b706-4687-9a4a-b67e61ba91e9,Fairwater House,,London,SW6 2YE,"Fairwater House, 1 Lockgate Road, SW6 2YE","A modern two bedroom flat located in this brand new Chelsea Creek development. This stunning property comprises two bedrooms, two bathrooms and a fully fitted open plan kitchen/reception which leads out to the private balcony with water views. Set in the beautifully calming riverside development of Chelsea Creek the property further benefits from ample storage, underfloor heating, high tech entry systems, 24 hour concierge, gym, spa and secure underground parking. <br/><br/>This property is offered furnished.","A modern two bedroom flat located in this newly built Chelsea Creek development. This stunning property comprises two bedrooms, two bathrooms and a fully fitted open plan kitchen/reception which leads out to the private balcony with water views.",2,2,0,FLAT,IMMEDIATELY,3700,TWELVE_MONTHS,false,"null",51.475757,-0.185085,CHESTERTONS
711,2025-02-25 15:40:37.976 +0000,"305911c3-8ece-4f09-978a-d3fa54a38634",Stean Street,,London,E8 4ED,"Stean Street, London, E8 4ED","An immaculately presented 2 bedroom 2 bathroom penthouse apartment situated in the heart of Haggerston. Newly developed and flooded with natural light, with additional study space ad available on a furnished basis. <br/><br/>The property is finished to an exacting standard throughout, featuring a designated study area, air conditioning, motorised floor to ceiling curtains, high end appliances, large windows, high-spec TV, left access and east facing views over Haggerston and the city. <br/><br/>Stean Street is located moments from Haggerston Overground Station providing easy access to the city. Regents Canal is also on your doorstep perfect for a walk to Camden Market to the west and Broadway Market to the East. The amenities of Hoxton and Shoreditch are only a short journey away.","An immaculately presented 2 bedroom, 2 bathroom penthouse apartment situated in the heart of Haggerston. Newly developed and flooded with natural light, with additional study space ad available on a furnished basis.",2,2,1,FLAT,IMMEDIATELY,3600,TWELVE_MONTHS,false,"null",51.537521,-0.075327,CHESTERTONS
713,2025-02-25 15:40:38.871 +0000,"6d82f4e7-69ee-471a-a53a-0c0696e43ae7","Great Eastern Street, Shoreditch",,London,EC2A 3EJ,"Great Eastern Street, Shoreditch, London, EC2A 3EJ","A large three bedroom apartment set within Great Eastern Street, Shoreditch. The apartments are surrounded by a collective mix of well-being amenities in the heart of Shoreditch and Liverpool Street. Comprises a spacious living area, stylish fitted kitchen, contemporary bathroom suite and roof terrace.<br/><br/>Located at the busy junction of Great Eastern Street, Commercial Street and Shoreditch High Street in the heart of prime Shoreditch, Spitalfields and on the southern edge of the vibrant ‘Shoreditch Triangle’. The premises is situated amongst a host of bars & restaurants nearby including Bishopsgate, Redchurch Street and BoxPark. The property is also within minute's walk of Shoreditch High Street Station and a short distance from Liverpool Street and Old Street Station.<br/><br/>Available NOW, quick viewing highly recommended","A large three bedroom apartment set within Great Eastern Street, Shoreditch. The apartments are surrounded by a collective mix of well-being amenities in the heart of Shoreditch and Liverpool Street",3,2,2,FLAT,IMMEDIATELY,3600,TWELVE_MONTHS,false,"null",51.522941,-0.078366,CHESTERTONS
715,2025-02-25 15:40:40.470 +0000,"889969fe-f257-4d27-9897-906365b13790",Limburg Road,,London,SW11 1HB,"Limburg Road, London, SW11 1HB","SHORT LET: A stunning two bedroom, ground floor flat situated on a quiet residential road moments from Clapham Junction. The property has been finished to a high standard throughout and comprises two good sized double bedrooms with fitted storage, two modern bathrooms (one of which is en-suite), beautiful reception room with a wealth of period features including high ceilings, feature fireplace and bay window, and separate fully fitted kitchen. The property further benefits from a private patio garden and cellar which is ideal for extra storage. ALL BILLS INCLUDED.<br/><br/>Limburg Road is a quiet residential road which runs off Battersea Rise and is well located for the many shops, bars and cafes of Northcote Road and St Johns Road. The green open spaces of Clapham Common can be found close by whilst Clapham Junction Station is within easy reach providing excellent transport links into Central London and The City.","SHORT LET: A stunning two double bedroom, ground floor flat with private garden situated on a quiet residential road near Clapham Junction. The property has been finished to a high standard and boasts two bathrooms, separate kitchen and cellar.",2,2,1,FLAT,IMMEDIATELY,3600,LT_SIX_MONTHS,true,"null",51.461397,-0.166101,CHESTERTONS
716,2025-02-25 15:40:42.280 +0000,"13593501-2bf3-4bb7-a1b6-1ef8b284dc63",Fernhead Road,,London,W9 3EA,"Fernhead Road, London, W9 3EA","SHORT LET A beautiful and characterful two bedroom apartment property with garden access.<br/><br/>This stylish apartment features a modern reception, bright modern bathroom and two further bedrooms. <br/><br/>Fernhead Road is ideally situated moments from Queens Park underground and over ground stations and close to local amenities.","SHORT LET A beautiful and characterful two bedroom apartment property with garden access. This stylish apartment features a modern reception, bright modern bathroom and two further bedrooms.",2,1,1,HOUSE,IMMEDIATELY,3600,LT_SIX_MONTHS,false,"null",51.529052,-0.201228,CHESTERTONS
720,2025-02-25 15:40:51.292 +0000,"5794b839-bf6e-4174-b5df-4546c56f3407","Balham Park Mansions, Balham Park Road",,London,SW12 8DY,"Balham Park Mansions, Balham Park Road, London, SW12 8DY","This spacious three bedroom property benefits from a large and bright open plan reception room with modern kitchen, three large double bedrooms with built in storage and two modern bathrooms, one being en-suite. Balham Park Mansions is also located close to Wandsworth Common and benefits from beautiful communal gardens.","A stunning 3 bedroom mansion flat situated on a quiet residential road moments from Balham station. The property boasts 3 large double bedrooms with built in storage, 2 modern bathrooms and a communal garden.",3,2,1,FLAT,"2025-04-17",3500,TWELVE_MONTHS,false,"null",51.444043,-0.159975,CHESTERTONS
722,2025-02-25 15:40:52.636 +0000,"80d3d0a6-7a7f-4b78-bf5c-1f1a32347f82","Upper Richmond Road West, East Sheen",,London,SW14 8AH,"Upper Richmond Road West, East Sheen, London, SW14 8AH","A very spacious, three double-bedroom apartment in the heart of East Sheen. <br/><br/>This accommodation features a generously sized reception room, a modern fitted kitchen equipped with contemporary appliances and ample storage space. Additionally there are three bright and airy double bedrooms and a bathroom. <br/><br/>East Sheen has an excellent choice of Schools and a generous mix of independent and chain coffee shops, retail shops, bars and restaurants. Transport links include Mortlake Station, only 0.3 miles away, with over ground fast train services into London Waterloo. There are also regular bus services to Richmond, Hammersmith and Putney.",Situated in this convenient central Sheen location is this light and spacious apartment close to Mortlake station.,3,1,1,FLAT,IMMEDIATELY,3500,TWELVE_MONTHS,false,"null",51.46503,-0.264808,CHESTERTONS
724,2025-02-25 15:40:53.880 +0000,b62dfa9c-fa4e-468e-a45c-ccbd5d1d9fa4,"Park Lodge, St. Johns Wood Park",,London,NW8 6QT,"Park Lodge, St. Johns Wood Park, London, NW8 6QT","A spacious two double bedroom property set within a well maintained portered building with communal garden in St John's Wood. <br/><br/>The property comprises; two double bedrooms, two bathrooms, large modern kitchen and separate reception room. The apartment also benefits from communal garden, porterage and first come first served parking. <br/><br/>Park Lodge is located a very short walk away from Swiss Cottage Underground (Jubilee Line) and all local shops & amenities.",A spacious apartment set within a well maintained portered building with communal garden in St John's Wood. Short walk to Swiss Cottage Underground or St John's Wood High Street.,2,2,1,FLAT,IMMEDIATELY,3500,SIX_MONTHS,false,"null",51.540883,-0.17316,CHESTERTONS
773,2025-02-25 15:41:51.485 +0000,"8d1065b8-2629-4f0a-a6fa-6a0ea47c13b4","Windham Road, Richmond",,Surrey,TW9 2HP,"Windham Road, Richmond, Surrey, TW9 2HP","Stunning three bedroom terraced house to let in Richmond, comprising 3 bedrooms, 2 bathrooms, reception room and separate eat-in kitchen. Private garden and driveway included.","A beautifully presented three bedroom and two bathroom terraced house, located conveniently to both Richmond and Kew Gardens stations, and the local shopping amenities. The property also includes a private garden and private driveway.",3,2,1,FLAT,"2025-03-19",3250,TWELVE_MONTHS,false,"null",51.468599,-0.289063,CHESTERTONS
714,2025-02-25 15:40:39.744 +0000,a2a32afe-8655-4d06-a78d-48428dbdb1e1,"Artisan Point, 136 Victoria Road",,London,W3 6GG,"Artisan Point, 136 Victoria Road, London, W3 6GG","Chestertons is thrilled to offer this selection of interior designed and curated  three-bedroom apartments in this new development, Uncle Acton is ideally positioned in the heart of the Old Oak Common regeneration area and offering stunning views of London.  <br/><br/>These pet-friendly apartments are designed to offer lots of natural light and luxurious comfort. Features include top-spec soundproofing, BoConcept furniture, modern fitted kitchens with top-of-the-range appliances, spacious open-plan reception rooms, built-in wardrobes, underfloor heating throughout, and beautifully designed bathrooms with high-quality fixtures and fittings. <br/><br/>Rents for the 3 beds starting at £3,600pcm. <br/><br/>The finishing touches on the building are currently underway. Once complete, you will also have access to the fantastic amenity spaces, such as a private gym, roof terrace, and more, which will be released in the course of 2025.  <br/><br/>Uncle Acton is ideally located in Zone 2, it is only 20 minutes from Central London. The Central Line underground services are only a few minutes' walk away at North Acton Station. Elizabeth Line services are accessible from Acton Main Line, which is around a 10-minute walk from the development. They transport you directly to Bond St in 9 minutes, Heathrow in 18 minutes, and Canary Wharf in 25 minutes.<br/><br/>Disclaimer: Photographs of show apartments are for guidance purposes only.","Chestertons is thrilled to offer this selection of interior designed and curated  three-bedroom apartments in this new development, Uncle Acton is  ideally positioned in the heart of the Old Oak Common regeneration area.",3,2,1,FLAT,IMMEDIATELY,3690,TWELVE_MONTHS,false,"null",51.521887,-0.257906,CHESTERTONS
717,2025-02-25 15:40:48.408 +0000,"1324a451-d61a-4cd6-9e87-87ca1281188f","Consort Rise House, 203 Buckingham Palace Road",,London,SW1W 9TB,"Consort Rise House, 203 Buckingham Palace Road, London, SW1W 9TB","Immaculate third floor flat with wooden floors throughout in this portered  building with gym, meeting room and  underground parking within easy reach of Victoria Station. Two double bedrooms, en-suite shower room, bathroom, reception room with dining area for four and a fully integrated kitchen.<br/><br/><strong>Bedroom</strong>  <em></em> <br/> fitted cupboards
en-suite<br/><br/><strong>Bedroom</strong>  <em></em> <br/> fitted cupboards<br/><br/><strong>Bathroom</strong>  <em></em> <br/> en-suite shower room<br/><br/><strong>Bathroom</strong>  <em></em> <br/> x<br/><br/><strong>Reception</strong>  <em></em> <br/> dining for four<br/><br/><strong>Kitchen</strong>  <em></em> <br/> fully integrated","Newly painted and furnished portered building with gym and a meeting room. Two double bedrooms, en-suite shower room, bathroom, reception room with dining area for four and a fully integrated kitchen and underground parking.",2,2,1,FLAT,IMMEDIATELY,3575,TWELVE_MONTHS,false,"null",51.490902,-0.148971,CHESTERTONS
718,2025-02-25 15:40:49.537 +0000,"08b22ebf-e1f9-4f98-9726-0a4560ac9c4d",Green Lanes,,London,N16 9EH,"Green Lanes, London, N16 9EH","Beautiful split level three bedroom apartment renovated to a very high standard ideally located close to Clissold Park and surrounding an array of amenities on Green Lanes with access to Canonbury station.  <br/><br/>Property benefits include three double bedrooms all with fitted wardrobes, two contemporary modern fitted bathroom suites (one en-suite), good sized open plan reception room with contemporary fully fitted kitchen.  Further benefits include wood floors and high quality furnishings.  <br/><br/>Ideally located within Newington Green offering superb access to The City and Central London via the many bus links plus close to Canonbury overground station.  There is an array of amenities which can be found along Green Lanes and this includes Stoke Newington Church Street plus the open spaces of Clissold Park.",Beautiful split level 3 bedroom apartment renovated to a very high standard ideally located close to Clissold Park and surrounding an array of amenities on Green Lanes with access to Canonbury station.,3,2,1,FLAT,"2025-06-01",3575,TWELVE_MONTHS,false,"null",51.554859,-0.089136,CHESTERTONS
719,2025-02-25 15:40:50.729 +0000,f6c7f15e-a074-4f71-91e1-ff50f34b3606,Amyand Cottages,,London,TW1 3JA,"Amyand Cottages, Twickenham, TW1 3JA","This stunning 3-bedroom house boasts an open plan kitchen/dining room, 3-wet rooms, plus a minimalist patio garden.<br/><br/>Amyand Cottages are located moment from St Margarets high street and station. Richmond and Twickenham are also within easy reach.","This stunning 3-bedroom house boasts an open plan kitchen/dining room, 3-wet rooms, plus a minimalist patio garden.",3,2,1,FLAT,IMMEDIATELY,3550,TWELVE_MONTHS,false,"null",51.453416,-0.322634,CHESTERTONS
721,2025-02-25 15:40:51.631 +0000,dbb94429-ae44-49fa-8dd1-b97a4c334c9d,Capstan Square,,London,E14 3EU,"Capstan Square, London, E14 3EU","A beautifully presented 4 bedroom, 3 bathroom recently refurbished house located within close walking distance to South Quay DLR. Spread over four floors, the property benefits from tons of natural light, sleek finishings, and offered furnished.","A beautifully presented 4 bedroom, 3 bathroom recently refurbished house located within close walking distance to South Quay DLR. Spread over four floors, the property benefits from tons of natural light, sleek finishings, and offered furnished.",4,2,1,HOUSE,IMMEDIATELY,3500,SIX_MONTHS,false,"null",51.498621,-0.007623,CHESTERTONS
723,2025-02-25 15:40:53.616 +0000,a73e0a04-d468-417a-974f-bbd94e73c237,"Rayners Road, Putney",,London,SW15 2AZ,"Rayners Road, Putney, London, SW15 2AZ","A charming terraced house that boasts three bedrooms, one reception room, one bathroom and an additional downstairs WC. This property is perfect for those seeking a comfortable and spacious living space in a desirable location.<br/><br/>The property is in excellent condition. The downstairs is open plan with a spacious reception room leading onto the modern kitchen and doors out to a beautiful private garden. With three bedrooms upstairs, there is plenty of space for a growing family or for those in need of a home office or guest room. Further benefits include built in storage throughout and a well maintained garage.<br/><br/>Located in a sought-after area, this house on Rayners Road offers the perfect blend of comfort, convenience, and style. Don't miss out on the opportunity to make this lovely property your new home.","A large three bedroom house with a private garden and garage moments from Putney High Street, the District line and Putney Overground.",3,1,1,FLAT,"2025-04-12",3500,LT_SIX_MONTHS,false,"null",51.458774,-0.216458,CHESTERTONS
725,2025-02-25 15:40:54.819 +0000,"62a56552-6b2f-46f9-a203-153860853153","Goldsborough House, Wandsworth Road",,London,SW8 2RN,"Goldsborough House, Wandsworth Road, London, SW8 2RN","SHORT LET: A fully furnished, three bedroom flat offering plentiful light and space. The property is located near to the amenities of Battersea Powerstation and excellent transport links from Nine Elms and Stockwell. <br/><br/>ALL BILLS INCLUDED.","SHORT LET: A fully furnished, three bedroom flat offering plentiful light and space. The property is located near to the amenities of Battersea Powerstation and excellent transport links from Nine Elms and Stockwell. ALL BILLS INCLUDED.",3,1,0,FLAT,IMMEDIATELY,3500,LT_SIX_MONTHS,true,"null",51.473106,-0.133078,CHESTERTONS
727,2025-02-25 15:40:55.963 +0000,"8636cb8e-1ab1-41cc-88a8-57a698a39570","Quain Mansions, Queen's Club Gardens",,London,W14 9TW,"Quain Mansions, Queen's Club Gardens, London, W14 9TW","A superb & bright first floor apartment, benefitting from an attractive location, just moments walk away from the world famous Queens Club. <br/><br/>The apartment resides within a well maintained mansion block & extends to over 600 square feet of lateral accommodation. Boasting two good size double bedrooms, a good size reception with a separate kitchen, the apartment would suit first-time buying couples and young families superbly, with Parsons Green & its' boutique shops and cafes also a short walk from your front door.<br/><br/>The property also benefits from access to a magnificent & well maintained communal, enclosed central garden. This is ideal for families to enjoy picnics, exercise their dogs & play sports together during the summer months. <br/><br/>Queens Club Gardens is a very popular complex of Mansion blocks surrounding manicured communal gardens and tennis courts for residents-only use. These properties are renowned for being extremely well managed and all communal and exterior areas are well maintained. Barons Court underground station is within a short stroll along with a parade of shops including an award winning butcher and artisan coffee shop. The avid shopper can find Westfield just to the north and easy access to central London and Heathrow airport from the A4/M4.","A bright first floor apartment, walking distance to the world famous Queens Club.",2,1,1,FLAT,IMMEDIATELY,3500,SIX_MONTHS,false,"null",51.485032,-0.209477,CHESTERTONS
729,2025-02-25 15:40:57.253 +0000,"484c98fa-12b1-4a27-84a7-57c54d85686d",Wandsworth Common West Side,,London,SW18 2EF,"Wandsworth Common West Side, London, SW18 2EF","Well-presented split level two bedroom apartment located in an ideal location just off of Wandsworth Common on a quiet residential street. <br/><br/>As you enter the property you are welcomed to the right by the spacious living room leading to a separate kitchen, a double bedroom. You go down a few steps and you find the bathroom with a bath , and the second double bedroom with built-in storage units.<br/><br/>Wandsworth Common West Side is a popular location and offers residents easy access to shopping facilities, cafes, restaurants. The property is within easy reach to Wandsworth Town Station and Clapham Junction offering services to Waterloo and Victoria and there are plenty of bus services.",Well-presented split level two bedroom apartment located in an ideal location just off of Wandsworth Common on a quiet residential street.,2,1,1,FLAT,IMMEDIATELY,3500,SIX_MONTHS,false,"null",51.455986,-0.18074,CHESTERTONS
731,2025-02-25 15:40:58.278 +0000,f4193263-869d-4798-832d-fca01eebeb05,"Montevetro Building, 100 Battersea Church Road",,London,SW11 3YL,"Montevetro Building, 100 Battersea Church Road, London, SW11 3YL","A stunning  two bedroom two bathroom apartment to rent in the desirable Montevetro building designed by Richard Rogers and with fabulous river views. <br/><br/>This modern apartment offers two good sized double bedrooms with an en suite, ample storage and comes with secure underground parking. Finished to exacting standards of interior design benefiting from 24 hours concierge service with secure entry, an open plan kitchen and access to fantastic communal gardens.  The development also benefits from a residents only gym and a private tennis court.  <br/><br/>Situated on the river bank by Battersea Bridge moments from the shops and amenities of Battersea and green acres of Battersea Park. Easy access to Clapham Junction and its transports links and a short commute to Victoria. The apartment is also with easy reach of the bars and boutiques of Chelsea.","A stunning 2 bedroom, 2 bathroom property with direct river views. In sought after modern development, this property further benefits from a spacious reception room, separate fully integrated kitchen & balcony.",2,2,1,FLAT,"2025-03-15",3500,TWELVE_MONTHS,false,"null",51.477209,-0.175,CHESTERTONS
733,2025-02-25 15:40:59.458 +0000,c316e463-39a1-4154-9132-76c041704542,Lovegrove Walk,,London,E14 9PY,"Lovegrove Walk, London, E14 9PY","A spacious 4 bedroom townhouse located within moments of Canary Wharf. Comprising 3 large double bedrooms, 1 single bedroom, spacious reception with dining area, separate kitchen, private patio with dock views, garage and off street parking. The development is close to Canary Wharf. EPC rating D.","Comprising 3 large double bedrooms, 1 single bedroom, spacious reception with dining area, separate kitchen, private patio with dock views, garage and off street parking. The development is close to Canary Wharf. EPC rating D.",3,0,1,HOUSE,"2025-04-02",3500,LT_SIX_MONTHS,false,"null",51.503283,-0.009436,CHESTERTONS
736,2025-02-25 15:41:01.688 +0000,b48f286a-50d7-472b-9791-121ca38d788c,"Fishponds Road, Tooting",,London,SW17 7LQ,"Fishponds Road, Tooting, London, SW17 7LQ","Chestertons is delighted to present this spacious three-bedroom terraced house to the market.<br/><br/>Filled with natural light, the property offers well-proportioned living space throughout. The ground floor features a welcoming entrance hall, a bright and airy reception room, a separate dining room, and a well-appointed kitchen with direct access to a generous private patio. Upstairs, the first floor comprises two double bedrooms, a study, and a family bathroom. The top floor boasts a spacious double bedroom with excellent eaves storage and an en-suite shower room.<br/><br/>Ideally situated on Fishponds Road, this charming home is within walking distance of Tooting Bec and Tooting Broadway underground stations, as well as the vibrant amenities of Tooting High Street and Balham High Road.",A well presented three-bedroom house with a spacious patio garden and a separate study. This property is situated on a popular residential road in Tooting Bec.,3,2,1,FLAT,"2025-04-12",3500,TWELVE_MONTHS,false,"null",51.43401,-0.165316,CHESTERTONS
738,2025-02-25 15:41:03.085 +0000,"20235450-10db-4753-bf78-f1f9956e85e2","Peacock Place, Islington",,London,N1 1YG,"Peacock Place, Islington, London, N1 1YG","Stunning two bedroom, two bathroom apartment arranged over the third floor of this modernist, award winning development, set around an intricately designed landscaped courtyard.<br/><br/>The property features a spacious and bright balcony off the open-plan living and kitchen area, generous kitchen space with gas hob, full size refrigerator and ample space for both cooking and entertaining.   <br/><br/>Both bedrooms are spacious doubles ideal for sharers, with ample space and storage, one with an en-suite and an additional family bathroom.<br/><br/>Peacock Place sits just off Laycock Street offering superb access to the vibrant bars, restaurants and boutique shops of Upper Street, the greenery of Highbury Fields and the transport at Highbury & Islington station (National Rail & Victoria Line). The development is well positioned just off the bustling and vibrant Upper Street.","Stunning two bedroom, two bathroom apartment arranged over the third floor of this modernist, award winning development, set around an intricately designed landscaped courtyard.",2,2,1,FLAT,"2025-04-16",3500,TWELVE_MONTHS,false,"null",51.544176,-0.105231,CHESTERTONS
909,2025-02-25 15:44:14.148 +0000,"65f47a95-faf0-49fd-ae86-822cabf4af45","Reservoir Studios, 547 Cable Street",,London,E1W 3EW,"Reservoir Studios, 547 Cable Street, London, E1W 3EW","A great two bedroom apartment located on the first floor in this popular secure gates development located in Limehouse.<br/><br/>The property comprises two large double bedrooms, one with access to the large balcony, modern family bathroom, separate kitchen and well proportioned reception.",A great two bedroom apartment located on the first floor in this popular secure gates development located in Limehouse.,2,1,1,FLAT,IMMEDIATELY,2375,TWELVE_MONTHS,false,"null",51.511993,-0.043345,CHESTERTONS
728,2025-02-25 15:40:56.242 +0000,"4be09167-e192-48e2-bdcf-049bc8cfc2de",Alston Road,,London,SW17 0TP,"Alston Road, London, SW17 0TP","A beautifully refurbished house located within easy reach of Tooting High Street. The property boasts a large open plan living area with a stylish fitted kitchen, well maintained garden, 3 double bedrooms and a further single room on the first floor with a family bathroom and a generous master bedroom on the top floor with its own balcony and en-suite bathroom.",A beautifully refurbished 4 bedroom (3 doubles) house located within easy reach of Tooting High Street. The property boasts a large open plan living area with a stylish fitted kitchen and a well maintained private garden.,4,2,1,FLAT,"2025-04-15",3500,LT_SIX_MONTHS,false,"null",51.429151,-0.178382,CHESTERTONS
730,2025-02-25 15:40:57.405 +0000,"98a82dfb-ad50-42a9-a24c-82c63e5a25ba","Clifton Court, Northwick Terrace, St John's Wood",,London,NW8 8HS,"Clifton Court, Northwick Terrace, St John's Wood, London, NW8 8HS","A spacious and modern top floor apartment in a sought after portered block, within close proximity to the amenities of Little Venice and Warwick Avenue Underground Station (Bakerloo Line).<br/><br/>The property comprises large living room, two double bedrooms, modern bathroom, fitted kitchen.<br/><br/>Additional benefits include partial heating and hot water included in the rent, fully furnished to a high standard and porter.","A spacious and modern top floor apartment in a sought after portered block, within close proximity to the amenities of Little Venice and Warwick Avenue Underground Station (Bakerloo Line).",2,1,1,FLAT,"2025-04-20",3500,TWELVE_MONTHS,false,"null",51.525994,-0.177234,CHESTERTONS
732,2025-02-25 15:40:58.831 +0000,"9cad99e0-c398-4496-a167-50739b3ee393",Orbain Road,,London,SW6 7JY,"Orbain Road, London, SW6 7JY","A fantastic two bedroom house located in the desirable Munster Village. This spacious property comprises two bedrooms, one family bathroom, a modern kitchen, reception room and a dining room which leads out to the lovely private garden.<br/><br/>Orbain Road is a popular residential road which runs off Munster Road and provides moments access to its many shops and cafes. Parsons Green and Fulham Broadway are located within a short walk.","A two bedroom house, located in the desirable Munster Village. This spacious property comprises two bedrooms, one family bathroom, a modern kitchen and large reception/dining room which leads out to the lovely private garden.",2,1,1,FLAT,"2025-04-16",3500,TWELVE_MONTHS,false,"null",51.479843,-0.208949,CHESTERTONS
734,2025-02-25 15:40:59.691 +0000,e7d44d6f-8b15-4352-bf4e-e7ddd0a5c903,"Elvaston Place, South Kensington",,London,SW7 5QG,"Elvaston Place, South Kensington, London, SW7 5QG","Newly refurbished two bedroom one bathroom apartment on the third floor of this converted period building in South Kensington. <br/><br/>Featuring very high ceiling, stylish decoration, wooden floors all throughout, this property benefits as well from two bedrooms, one bathrooms, spacious reception room and separate kitchen.  <br/><br/>Fantastically located in South Kensington, minutes away from Gloucester Road tube station, restaurants, cafes and all amenities.",Newly refurbished two bedroom one bathroom apartment on the third floor of this converted period building in South Kensington.,2,1,1,FLAT,IMMEDIATELY,3500,TWELVE_MONTHS,false,"null",51.498046,-0.182034,CHESTERTONS
735,2025-02-25 15:41:01.245 +0000,d772077a-089f-4bed-aa1c-5f6132a1b314,"Chancellors Wharf, Crisp Road",,London,W6 9RT,"Chancellors Wharf, Crisp Road, London, W6 9RT","SHORT LET. This fantastic two-bedroom, two-floor flat in Hammersmith boasts a stylish modern decor. Enjoy a contemporary kitchen, spacious reception area, and two generously sized bedrooms. The property also features a concierge service, a lovely balcony, and is situated in an excellent location.<br/><br/>Chancellors Wharf is nestled in a charming part of Hammersmith, just a two-minute stroll from the main shops and station. You'll also have breath-taking views of Hammersmith Bridge, right along the Thames.","SHORT LET. This fantastic two-bedroom, two-floor flat in Hammersmith boasts a stylish modern decor. Enjoy a contemporary kitchen, spacious reception area, and two generously sized bedrooms. The property also features a concierge service",2,1,0,FLAT,"2025-03-18",3500,LT_SIX_MONTHS,false,"null",51.488159,-0.227489,CHESTERTONS
737,2025-02-25 15:41:02.480 +0000,"4fe9d09d-bcd1-47d4-bf1c-302c12f2e97c",Edgarley Terrace,,London,SW6 6QD,"Edgarley Terrace, London, SW6 6QD","(SHORT LET) This architect designed maisonette comprises two double bedrooms, two reception rooms and two bathrooms arranged over two floors, on this favoured road a stone’s throw from Bishops Park and the Thames Path.","SHORT LET - This architect designed maisonette comprises two double bedrooms, two reception rooms and two bathrooms arranged over two floors, on this favoured road a stone’s throw from Bishops Park and the Thames Path.",2,1,1,FLAT,IMMEDIATELY,3500,LT_SIX_MONTHS,false,"null",51.47501,-0.213771,CHESTERTONS
741,2025-02-25 15:41:13.982 +0000,ffa5c76b-b341-4df3-bdeb-f1104e2f4de0,"Cascades Tower, 4 Westferry Road",,London,E14 8JN,"Cascades Tower, 4 Westferry Road, London, E14 8JN","A spacious apartment comprising 2 double bedrooms, 2 bathrooms, open plan reception and fully fitted kitchen. The development also boasts a porter, gym swimming pool and tennis court. EPC rating C","SHORT LET. A spacious apartment comprising 2 double bedrooms, 2 bathrooms, open plan reception and fully fitted kitchen. The development also boasts a porter, gym swimming pool and tennis court. EPC rating C",2,2,1,FLAT,"2025-03-22",3500,LT_SIX_MONTHS,false,"null",51.502456,-0.027008,CHESTERTONS
742,2025-02-25 15:41:14.951 +0000,"7294fcea-b4e6-44bb-a57a-2d49a82fa8db","Oval Road, Primrose Hill",,London,NW1 7BJ,"Oval Road, Primrose Hill, London, NW1 7BJ","This modern two double bedroom canal side apartment is situated on the first floor within this impressive modern development. The property comprises; spacious open plan reception room, two bedrooms and two bathrooms. <br/><br/>This stunning apartment further benefits; wooden flooring, balcony, lift and concierge. The property includes access to the on-site gymnasium,  is offered furnished and available late March.<br/><br/>Oval Road is ideally situated moments from all the amenities of Camden and close to excellent transport links including Camden's underground station servicing the Northern line.","This modern two double bedroom canal side apartment is situated on the first floor within this impressive modern development. The property comprises; spacious open plan reception room, two bedrooms and two bathrooms.",2,2,1,FLAT,"2025-03-28",3500,TWELVE_MONTHS,false,"null",51.538891,-0.14759,CHESTERTONS
743,2025-02-25 15:41:16.839 +0000,c128af80-6fbf-4526-8c8e-d81a787d1bcd,"Turner House, Townshend Estate",,London,NW8 6LN,"Turner House, Townshend Estate, London, NW8 6LN","**SHORT LET**  A spacious two bedroom apartment in a secure purpose built block, within close proximity to St John's Wood High Street and Underground Station.<br/><br/>The property comprises two double bedrooms, bathroom, fitted kitchen and spacious reception room with balcony.<br/><br/>Additionally the property is offered furnished and has a lift.","**SHORT LET**  A spacious two bedroom apartment in a secure purpose built block, within close proximity to St John's Wood High Street and Underground Station.",2,1,1,FLAT,"2025-04-01",3500,LT_SIX_MONTHS,false,"null",51.535716,-0.16708,CHESTERTONS
739,2025-02-25 15:41:04.750 +0000,def7a089-a786-4839-9571-9f95fd60e295,Broomhill Road,,London,SW18 4JF,"Broomhill Road, London, SW18 4JF","The property has been renovated recently and offers an abundance of natural light, storage and charming period features throughout. On the ground floor the property there is a spacious reception room and separate kitchen with views across a large private garden. There is also a downstairs shower room along with one double bedrooms and office space. Upstairs the property benefits from two further double bedrooms and a smaller single bedroom which could be used interchangeably with the office downstairs. There is an additional bathroom upstairs.","FOUR bedroom house perfect for a family or for four professional sharers. The property benefits from choice of double bedrooms, two bathrooms and a spacious reception room and kitchen. There is also a large private garden.",4,2,1,HOUSE,IMMEDIATELY,3500,TWELVE_MONTHS,false,"null",51.454983,-0.197841,CHESTERTONS
740,2025-02-25 15:41:05.965 +0000,b87644b3-b826-4eb5-82e4-abb4f53f229a,Kidbrooke Grove,,London,SE3 0LG,"Kidbrooke Grove, London, SE3 0LG","An attractive four bedroom 1930’s semi-detached home, found on a desirable tree lined street in Blackheath. You enter via a porch into a light and spacious hall with attractive wooden flooring that runs through to the two reception rooms. Both rooms have a feature fireplace, the front room has a large bay window and the rear has glass doors out to the garden. The shaker style kitchen has light blue units with integrated appliances and a stone work surface. There are two cupboards off the hall and a WC. <br/><br/>Upstairs are four bedrooms, two of which with built in wardrobes and a fully tiled bathroom. The impressive garden is 85ft long, mainly laid to lawn with a stone patio out from the house. It is surrounded by mature plants and trees offering privacy and plenty of colour. There is a gravel driveway to the front, leading down the side of the house to a brick built outhouse, formerly a garage, but could make an ideal office or gym. charging point <br/><br/>Kidbrooke Grove is a particularly popular location within close proximity to the heath. Beyond the heath in one direction, Blackheath Village provides a wonderful array of shops, bars and restaurants. Blackheath Station provides regular services into London Bridge, Cannon Street, London Victoria and Charing Cross. The DLR from Lewisham offering regular services into Bank and Canary Wharf.","An attractive four bedroom 1930’s semi-detached home, found on a desirable tree lined street in Blackheath.",4,1,1,FLAT,"2025-03-06",3500,LT_SIX_MONTHS,false,"null",51.469253,0.022919,CHESTERTONS
745,2025-02-25 15:41:19.082 +0000,"0fe1ac44-aa2a-4ed2-af5e-c4729c369442",Spectrum Way,,London,SW18 4GL,"Spectrum Way, London, SW18 4GL","A stylish two-bedroom, two-bathroom apartment located in the heart of Wandsworth, offering the perfect base for both comfort and convenience. Ideal for those seeking a short let with easy access to local amenities and transport links. The building features a 24-hour concierge service for added peace of mind. Inside, the apartment boasts modern appliances, a spacious layout, and a private balcony, providing a relaxed and contemporary living space. The property is moments from a range of vibrant restaurants, bars and the popular Southside Shopping Centre which also has a cinema and many entertainment spaces including Gravity and Strike. Available immediately on a fully furnished basis.",Chestertons are delighted to offer this Short Let option to the market for those looking for an apartment with two bedrooms and two bathrooms in the heart of Wandsworth.,2,2,0,FLAT,IMMEDIATELY,3500,LT_SIX_MONTHS,false,"null",51.456177,-0.197214,CHESTERTONS
747,2025-02-25 15:41:20.938 +0000,"356b96a1-8621-4641-b706-ac253ddf481a","Station Avenue, Walton-On-Thames",,Surrey,KT12 1GT,"Station Avenue, Walton-On-Thames, Surrey, KT12 1GT","A selection of premium 2-bedroom penthouse apartments within a newly built, contemporary development, offering a high standard of living with a host of first-class amenities designed for modern living. Residents can enjoy a large rooftop terrace perfect for relaxing or socializing, a state-of-the-art gym to stay active, flexible co-working spaces ideal for remote working, and a residents' lounge for unwinding or meeting guests. Additionally, an on-site team is available to assist with any needs, ensuring a smooth and convenient living experience.<br/><br/>Perfectly situated just moments from the local train station, with direct links to central London (Waterloo in just 30 minutes), this location offers a unique balance of a peaceful suburban lifestyle with easy access to the capital. It’s an ideal choice for those looking to leave the hustle and bustle of the city behind while still being able to enjoy the vibrant city life when needed. For those who require quick access to major transport links, the M3 and M25 are conveniently nearby, making commuting and travel incredibly easy.<br/><br/>For added convenience, there are also a number of optional services to enhance your living experience:<br/><br/>• Secure parking is available from £75 per month<br/>• Furnishing packages are available from £250 per month<br/>• High-speed Wi-Fi is provided at £40 per month<br/>• A pet charge of £70 per month<br/><br/>EPC ratings (B, C, D) will vary depending on the specific unit selected.<br/><br/>Please note that photographs of show apartments are for illustrative purposes only and may differ slightly from the actual unit available.<br/><br/>Rent: Starting from £3,499 to £3,736 per month, with pricing depending on the size and layout of the apartment, offering flexibility to suit different preferences and needs.<br/>This development offers the perfect blend of luxury, convenience, and community living. Whether you’re relocating from the city or seeking a more spacious and modern home, these penthouses are designed to meet all your needs in a desirable and accessible location.","Selection of 2 bed luxury penthouse apartments in this brand new development benefiting from a large rooftop terrace, gym, co-working spaces, residents lounge and an on-site team to assist residents. <br/><br/>NO SECURITY DEPOSIT REQUIRED",2,2,1,FLAT,IMMEDIATELY,3499,TWELVE_MONTHS,false,"null",51.372541,-0.404326,CHESTERTONS
748,2025-02-25 15:41:21.914 +0000,"6e30e220-c028-4576-a0bd-c7398ca210e0","Alaska Apartments, 22 Western Gateway",,London,E16 1BW,"Alaska Apartments, 22 Western Gateway, London, E16 1BW","Luxury, newly refurbished three bedroom apartment with stunning water and sunset views in a superb location. The apartment benefits from a large balcony, surround sound system, new carpets, new flooring and new furniture including beds. The building has a concierge and residents gym. Parking available (pricing to be agreed). <br/><br/>The location offers excellent connections to Canary Wharf via Royal Victoria DLR station, which is adjacent to the property. Both Jubilee & Elizabeth Line stations are also within walking distance offering fast links to the City, Bond Street, West End & Heathrow Airport. Along with City Airport & Cable Cars to the O2 area and outlet shopping centre.","Luxury, newly refurbished three bedroom apartment with stunning water and sunset views in a superb location. The apartment benefits from a large balcony, surround sound system, new carpets, new flooring and new furniture including beds.",3,2,1,FLAT,IMMEDIATELY,3495,TWELVE_MONTHS,false,"null",51.508368,0.01769,CHESTERTONS
751,2025-02-25 15:41:23.702 +0000,"95b0ca11-92d1-4d91-8e4a-45c136eef5a2","Waterford Court, 20 Daventry Street",,London,NW1 6TD,"Waterford Court, 20 Daventry Street, London, NW1 6TD","A modern two double bedroom apartment set in a purpose built block within walking distance of Marylebone Station.<br/><br/>The property comprises two double bedrooms, two bathrooms (one en suite), reception and fitted kitchen.",A modern two double bedroom apartment set in a purpose built block within walking distance of Marylebone Station.,2,2,1,FLAT,"2025-05-01",3466,SIX_MONTHS,false,"null",51.522199,-0.167551,CHESTERTONS
753,2025-02-25 15:41:24.985 +0000,d695f5c7-dd3b-46a3-b185-f5690c35c228,"Rochester Place, Camden",,London,NW1 9EF,"Rochester Place, Camden, London, NW1 9EF","A beautifully finished two double bedroom apartment set in the highly renowned Rochester Place and finished to a truly impeccable standard throughout. <br/><br/>This stunning apartment benefits from two large double bedrooms, two contemporary bathrooms, bright and airy reception, open plan state of the art kitchen , private balcony area and fully furnished throughout to a contemporary and elegant spec. <br/><br/><br/>Rochester Place  benefits from onsite concierge, communal gardens and is located moments from Camden's Overground station.",A beautifully finished two double bedroom apartment set in the highly renowned Rochester Place and finished to a truly impeccable standard throughout.,2,2,1,FLAT,"2025-03-15",3466,TWELVE_MONTHS,false,"null",51.543466,-0.137655,CHESTERTONS
770,2025-02-25 15:41:48.574 +0000,"5012536a-b1a9-4535-93c7-979e7ecb90bf","Maresfield Gardens, Hampstead",,London,NW3 5SJ,"Maresfield Gardens, Hampstead, London, NW3 5SJ","*VIDEO TOUR AVAILABLE*. A refurbished interior designed 2 double bedroom 1st floor apartment in this modern development with hard wood floors.  The property is situated in this excellent location in Hampstead and walking distance to Swiss Cottage (Jubilee Line).  Accommodation comprises reception room, bespoke fully fitted kitchen, 2 double bedrooms, family bathroom.",*VIDEO TOUR AVAILABLE*. A refurbished interior designed 2 bedroom1st floor apartment in this modern development with hard wood floors throughout in Hampstead.,2,1,1,FLAT,IMMEDIATELY,3250,TWELVE_MONTHS,false,"null",51.546798,-0.178061,CHESTERTONS
744,2025-02-25 15:41:18.634 +0000,"4afe2b88-dc89-4742-bfc6-1df56d392233",Dalston Lane,,London,E8 2NG,"Dalston Lane, London, E8 2NG","Charming two bedroom period conversion with a huge private garden.<br/><br/>This stunning two bedroom garden flat is presented in beautiful condition, consisting of a large entrance hallway with storage cupboards, two double bedrooms with build in wardrobes and a built in Murphy bed in the second bedroom, a fully fitted kitchen and a family bathroom with a separate shower, large reception room with direct access to a tranquil private garden with summer house. The garden further benefits from secure street access.<br/><br/>The property is located just moments away all of the buzz of Kingsland Road with its variety of shops, bars and restaurants, the open green spaces of London Fields is also a short walk away. Overland links can be found at Dalston Junction, Dalston Kingsland and Hackney Downs and Central stations as well as numerous buses to the City and West End.","Stunning two bedroom garden flat presented in beautiful condition, two double bedrooms, ample storage, large private garden with summer house in an amazing location.",2,1,1,FLAT,"2025-03-22",3500,TWELVE_MONTHS,false,"null",51.546798,-0.069686,CHESTERTONS
746,2025-02-25 15:41:20.857 +0000,"31ce32f0-5de5-4fa5-96f1-9fb3c3be68dd",Harbord Street,,London,SW6 6PH,"Harbord Street, London, SW6 6PH","A bright and spacious four double bedroom maisonette with two bathrooms and a private garden,",A bright and spacious four double bedroom maisonette with two bathrooms and a private garden. Sharer friendly.,4,2,0,HOUSE,IMMEDIATELY,3500,LT_SIX_MONTHS,false,"null",51.476722,-0.220525,CHESTERTONS
749,2025-02-25 15:41:22.120 +0000,ef5ee182-b7f8-45fc-91ca-cea444dd90e6,"Gunter Grove, Chelsea",,London,SW10 0UJ,"Gunter Grove, Chelsea, London, SW10 0UJ","*SHORT LET* <br/>A bright apartment with an open plan reception space, well-appointed kitchen and a modern bathroom in an excellent location for access to nearby public transport links.","A bright apartment with an open plan reception space, well-appointed kitchen and a modern bathroom in an excellent location for access to nearby public transport links.",2,1,1,FLAT,IMMEDIATELY,3500,LT_SIX_MONTHS,false,"null",51.482206,-0.184651,CHESTERTONS
750,2025-02-25 15:41:23.070 +0000,ca96de60-52c4-4803-aaf5-03ed88110ac9,"Senate Building, 3 Lanchester Way",,London,SW11 7DD,"Senate Building, 3 Lanchester Way, London, SW11 7DD","With New York inspiration this stunning apartment offers open plan kitchen and reception room, full height windows, light and stylish interior, private balcony, 2 bedrooms and 2 bathrooms.<br/><br/>With a 24-hour concierge service, private residents’ gymnasium, state-of-the-art Media Room and private roof garden available for use, Lexington Gardens has been designed to perfectly cater for the modern London lifestyle.<br/><br/>Uniquely situated in Zone 1 between Vauxhall transport hub and Battersea Park and surrounded by the buzz of London's newest quarter.","With New York inspiration this stunning apartment offers open plan kitchen and reception room, full height windows, light and stylish interior, private balcony, 2 bedrooms and 2 bathrooms.",2,2,1,FLAT,IMMEDIATELY,3500,TWELVE_MONTHS,false,"null",51.480182,-0.134704,CHESTERTONS
752,2025-02-25 15:41:24.247 +0000,"876277b0-5e26-45a4-92a5-8ad6e01da015",Westcombe Park Road,,London,SE3 7QY,"Westcombe Park Road, London, SE3 7QY","A generously sized Art Deco detached home, situated on a desirable road within the Westcombe Park Conservation Area. The property boasts 2,638sqft of accommodation arranged over two floors.<br/><br/>You enter via the unique curved entrance straight into the impressive reception room with a feature fireplace and sliding doors out to the garden. Along the hall is a further reception room and the kitchen breakfast room. Finally, there is a WC and a utility room on this floor. Upstairs are five/six bedrooms, one of which has an en-suite bathrooms, and a further family bathroom. A staircase takes you up to a fantastic roof terrace. The rear garden is a great size, mainly laid to lawn with a patio out from the house. There is a large front garden with driveway and a  garage.","A generously sized Art Deco detached home, situated on a desirable road within the Westcombe Park Conservation Area.",6,2,1,FLAT,IMMEDIATELY,3500,LT_SIX_MONTHS,false,"null",51.478984,0.011738,CHESTERTONS
754,2025-02-25 15:41:25.607 +0000,a8255af4-5ec7-459e-8680-b1e09471dfd2,Charles Street,,London,N19 3FA,"Charles Street, London, N19 3FA","SHORT LET - A beautifully finished two bedroom apartment set on the second floor of an impressive warehouse conversion. The property comprises; a large open plan reception room with fully fitted kitchen, two good size double bedrooms and a modern bathroom.<br/><br/>This bright and spacious property comes fully furnished and is available for short term lets offering any potential tenant a great place to explore London from, or just relax and enjoy the contemporary finish. <br/><br/>Charles Street has access to a vast array of local amenities, whilst the high street areas and transport links of Crouch End and Archway are both within easy reach.","The property comprises; a large open plan reception room with fully fitted kitchen, two good size double bedrooms and a modern bathroom.",2,1,1,FLAT,"2025-03-17",3500,LT_SIX_MONTHS,false,"null",51.568619,-0.124722,CHESTERTONS
756,2025-02-25 15:41:26.945 +0000,"437a4d7e-5bd5-4f59-a5ca-3bc9ce4fd09a","Savoy House, 5 Lockgate Road",,London,SW6 2WH,"Savoy House, 5 Lockgate Road, London, SW6 2WH","A spacious 2 bedroom, 2 bathroom apartment of the beautiful Chelsea Creek Development. Boasting a sleek and a modern spec interior throughout. There is access to the Gym, Spa and 24hr concierge service. Moments from Imperial Wharf Station and Fulham","A spacious 2 bedroom, 2 bathroom apartment of the beautiful Chelsea Creek Development. Boasting a sleek and a modern spec interior throughout. There is access to the Gym, Spa and 24hr concierge service. Moments from Imperial Wharf Station and Fulham.",2,2,1,FLAT,IMMEDIATELY,3500,TWELVE_MONTHS,false,"null",51.475579,-0.184781,CHESTERTONS
758,2025-02-25 15:41:28.591 +0000,"761e74dd-9e41-4362-8ae7-1a92af261907","Coda Residences, 6 York Place",,London,SW11 3JD,"Coda Residences, 6 York Place, London, SW11 3JD","This brand new property is made up of an spacious and bright open plan reception/kitchen with hard flooring leading out onto a private balcony. There are two large double bedrooms and two modern bathrooms (one en-suite). The property comes with new furniture as seen in the photos.<br/><br/>Residents benefit from a 24-hour concierge service, a fitness studio and gym, private gardens, a residents lounge and bicycle parking. <br/><br/>This apartment boasts Poggenpohl kitchens with Corian worktops and integrated Siemens appliances, bathrooms with porcelain tiles and custom timber veneer vanity units, engineered timber flooring to living areas, carpets in all bedrooms, Poliform free-standing wardrobes in the principal bedroom and floor to ceiling double-glazed windows.   <br/><br/>Further specification includes video door entry system, underfloor heating throughout, comfort cooling to living rooms and principal bedroom and TV points, provision for Sky+ and high-speed broadband and fibre-optic connection to living room and main bedroom.<br/><br/>The property contains two double bedrooms, two luxurious bathrooms (one is en-suite), a fully fitted modern kitchen, ample storage and a large balcony. Coda’s prime riverside location offers proximity to charming neighbourhoods, lush green spaces and easy transport connections. <br/><br/>An evolving offering of dining, shopping and culture is nearby at bustling Northcote Road, Battersea Power Station, Battersea Arts Centre, historic Battersea Park and the pedestrianised Battersea Square.  Nearby Clapham Junction is one of the best connected stations in the city, with easy access to the City, Gatwick airport and other parts of central London.","Set over 23 floors, within landscaped gardens, Coda is a thriving community built on culture; above new headquarters for The Royal Academy of Dance.",2,2,1,FLAT,IMMEDIATELY,3500,TWELVE_MONTHS,false,"null",51.466564,-0.179719,CHESTERTONS
759,2025-02-25 15:41:29.443 +0000,d9a2cb1b-532b-4081-8185-d12627590e18,"Eden Apartments, 3 Glengarnock Avenue",,London,E14 3ER,"Eden Apartments, 3 Glengarnock Avenue, London, E14 3ER","","Recent refurbished to a luxury standard throughout, this beautiful apartment boasts three double bedrooms, stylish open plan lounge & modern kitchen two sleek bathrooms. Private balcony as well with park views.",3,2,1,FLAT,IMMEDIATELY,3500,LT_SIX_MONTHS,false,"null",51.489144,-0.008701,CHESTERTONS
772,2025-02-25 15:41:50.066 +0000,"993b5f30-10fc-4f3d-99c0-d128e2fc6ba8","Maine Tower, 9 Harbour Way",,London,E14 9DP,"Maine Tower, 9 Harbour Way, London, E14 9DP","A fantastic two bedroom, two bathroom apartment located on the 21st floor of the popular development Maine Tower, E14. The property benefits from floor-to-ceiling windows, sleek furnishings and offers parking by separate negotiation.","A fantastic two bedroom, two bathroom apartment located on the 21st floor of the popular development Maine Tower, E14. The property benefits from floor-to-ceiling windows, sleek furnishings and offers parking by separate negotiation.",2,2,1,FLAT,"2025-03-31",3250,SIX_MONTHS,false,"null",51.499265,-0.020117,CHESTERTONS
755,2025-02-25 15:41:26.672 +0000,ecb7a130-5268-4802-bb62-d1cfcdd48144,"Jewel House, 5 Sterling Way",,London,N7 9HL,"Jewel House, 5 Sterling Way, London, N7 9HL","This beautifully presented two-bedroom, two-bathroom apartment offers an exceptional standard of living in one of Islington’s most sought-after developments. Fully furnished to a high specification, this first-floor residence boasts a bright and spacious living area, perfect for both relaxing and entertaining.<br/><br/>The property benefits from a private balcony, ample built-in storage, and access to a 24/7 concierge alongside an elegant residents’ lobby. Ideally located just a 5-minute walk from Caledonian Road Station, this apartment offers both style and convenience in the heart of vibrant Islington. A rare opportunity not to be missed.","This beautifully presented two-bedroom, two-bathroom apartment offers an exceptional standard of living in one of Islington’s most sought-after developments. Fully furnished to a high specification, this first-floor residence boasts a bright and spac",2,2,1,FLAT,"2025-03-10",3400,LT_SIX_MONTHS,false,"null",51.546205,-0.118851,CHESTERTONS
757,2025-02-25 15:41:28.351 +0000,"8c0566da-39ba-4efb-9184-e7502cda6894","Axis Court, 2 East Lane",,London,SE16 4UQ,"Axis Court, 2 East Lane, London, SE16 4UQ","A modern two double bedroom, two bathroom penthouse apartment situated on the top floor of this modern development.  The apartment is available furnished and benefits from a private balcony with city and river views.<br/><br/><br/><br/>Shad Thames is a unique area steeped in history and character situated along the south side of the River Thames. The area is home to London’s most iconic landmark, Tower Bridge and is within the vicinity of many attractions such as The Shard, Tate Modern and Tower of London. Shad Thames boasts a variety of bars and restaurants and is a short walk to the delights of Bermondsey Street, Maltby Street & Borough markets. Although The City is within walking distance the area is well connected with excellent transport links via London Bridge & Tower Hill stations as-well as the river taxi.","A modern two double bedroom, two bathroom penthouse apartment situated on the top floor of this modern development.  The apartment is available furnished and benefits from a private balcony with city and river views.",2,2,1,FLAT,"2025-06-03",3400,TWELVE_MONTHS,false,"null",51.500932,-0.067204,CHESTERTONS
760,2025-02-25 15:41:30.709 +0000,a9770a20-fdfe-488e-863f-ee990b4d8dd8,"Wenlock Court, New North Road, Hoxton",,London,N1 7PL,"Wenlock Court, New North Road, Hoxton, London, N1 7PL","Fantastic three bedroom maisonette with front and rear gardens location just moments from Shoreditch park and offering great access into The City.<br/><br/>Comprising of three generous double bedrooms, separate reception room, modern fitted kitchen and bathrooms.  Further benefits include wood floors and double glazed windows plus access to private front and rear gardens.  <br/><br/>The property is ideally located within close proximity to Old Street, Hoxton and Essex Road stations offering great transport links into the city.",Fantastic three bedroom duplex apartment available immediately in fantastic location just moments from Shoreditch park.,3,1,1,FLAT,"2025-04-03",3300,TWELVE_MONTHS,false,"null",51.531554,-0.087719,CHESTERTONS
761,2025-02-25 15:41:31.986 +0000,"655619c4-632b-4887-93a9-e4152cb4f7db",Craven Terrace,,London,W2 3EL,"Craven Terrace, London, W2 3EL","Recently redecorated is this spacious well presented 2 bed apartment with garden access located conveniently for Lancaster Gate & Paddington tube stations.  <br/><br/>Comprising reception with a dining area, separate modern kitchen, 2 double bedrooms with en-suite bathrooms, patio. <br/><br/>The apartment benefits of excellent features, such as wooden flooring and exposed brick wall in the reception room; as well as good storage throughout.",Recently redecorated is this spacious well presented 2 bed apartment with garden access located conveniently for Lancaster Gate & Paddington tube stations.,2,2,1,FLAT,IMMEDIATELY,3300,TWELVE_MONTHS,false,"null",51.512748,-0.178508,CHESTERTONS
762,2025-02-25 15:41:33.231 +0000,"29d7477b-e6d0-410b-accf-f88987e7d144",Burton Street,,London,WC1H 9AQ,"Burton Street, London, WC1H 9AQ","This is to be freshly painted -  spacious two-bedroom apartment offers style, comfort, and convenience, with the added bonus of outdoor space for relaxation. The open-plan living area is filled with natural light and flows into a modern kitchen with sleek cabinetry and appliances. The master bedroom boasts city views, while the second bedroom is ideal for guests or as a home office.<br/><br/>Enjoy nearby parks and vibrant local amenities, including shops, cafes, and restaurants. Perfectly located just a 5-minute walk from King’s Cross, Eurostar, Euston, and Russell Square stations, this apartment provides easy access to University College London (UCL), SOAS, Birkbeck, and major transport hubs, making it ideal for professionals & students.","This is to be freshly painted - spacious two-bedroom apartment offers style, comfort, and convenience, with the added bonus of outdoor space for relaxation. The open-plan living area is filled with natural light and flows into a modern kitchen.",2,1,0,FLAT,"2025-03-24",3300,TWELVE_MONTHS,false,"null",51.52584,-0.127646,CHESTERTONS
763,2025-02-25 15:41:35.006 +0000,eb0f8321-713b-4e34-86ad-0ee984e5dcf0,"Branch Hill, Hampstead",,London,NW3 7LT,"Branch Hill, Hampstead, London, NW3 7LT","*VIDEO TOUR AVAILABLE*. A recently decorated 3 bedroom duplex apartment in this period building boasting wood floors and private patio.  The property is situated in this excellent location within walking distance to the amenities of Hampstead Village (Northern Line). Accommodation comprises reception room, fully fitted kitchen, master bedroom with en-suite bathroom, further double bedroom with en-suite shower room, study/single bedroom, guest cloakroom.",*VIDEO TOUR AVAILABLE*. A recently decorated 3 bedroom duplex apartment with patio  in this period building boasting wood floors and private patio situated in this excellent location within walking distance to Hampstead Village.,3,3,1,FLAT,IMMEDIATELY,3300,TWELVE_MONTHS,false,"null",51.559564,-0.182218,CHESTERTONS
764,2025-02-25 15:41:36.597 +0000,"1a9fc6ff-bc21-4ed2-a14e-af582c3ecace","Lincoln Lodge, 4 Wadham Mews",,London,SW14 7DA,"Lincoln Lodge, 4 Wadham Mews, London, SW14 7DA","Located in a sought-after residential area, this modern 2-bedroom apartment boasts contemporary design and a spacious layout. The property features a private balcony, providing a tranquil outdoor space to enjoy the views. The apartment benefits from private parking, offering convenience and security for residents. The interiors are stylishly designed with high-quality finishes, creating a comfortable and inviting living space. The open-plan kitchen and living area are perfect for entertaining guests, while the bedrooms offer ample storage space and natural light. Situated within walking distance of local amenities, shops, and transport links, this property offers both convenience and luxury living. Ideal for professionals or couples seeking a modern home in a desirable location. Don't miss the opportunity to make this apartment your new home. Contact us to arrange a viewing today.","A spacious and modern two bedroom apartment with private balcony, located close to Mortlake Station.",2,1,1,FLAT,IMMEDIATELY,3300,LT_SIX_MONTHS,false,"null",51.471036,-0.272025,CHESTERTONS
765,2025-02-25 15:41:41.843 +0000,"0edb4eb3-bc33-43bd-9443-b3553b4520c5","North Villas, Camden",,London,NW1 9BL,"North Villas, Camden, London, NW1 9BL","This stunning two double bedroom apartment is situated on the top two floors within this impressive period conversion. The property comprises; spacious open plan reception, two bedrooms and two bathrooms. <br/><br/>This impressive apartment further benefits; private roof terrace with 360 panoramic views, strip wooden flooring, high ceilings, an abundance of natural light and period features throughout. The property is offered furnished and available Now.<br/><br/>North Villas is ideally situated moments from local amenities, close to the ever popular Camden Square and located moments from local transport links.","This stunning two double bedroom apartment is situated on the top two floors within this impressive period conversion. The property comprises; spacious open plan reception, two bedrooms and two bathrooms.",2,2,1,FLAT,IMMEDIATELY,3293,TWELVE_MONTHS,false,"null",51.54661,-0.129706,CHESTERTONS
766,2025-02-25 15:41:44.705 +0000,"486620b4-20f2-4e20-84c5-a0de15c16d37",St Georges Square,,London,SW1V 2HP,"St Georges Square, London, SW1V 2HP","Situated on the highly desirable St George's Square, this gorgeous Victorian split-level apartment with a stucco exterior and two bedrooms and two bathrooms is 1033 square feet in size.<br/><br/>A large, light-filled kitchen with lots of working space, storage, and all the appliances—including a washing machine, dishwasher, refrigerator, and freezer—is located on the first floor. The living room next door is incredibly spacious including huge windows that bring in plenty of natural light and storage. There is also a shower room and toilet on the same floor.<br/><br/>Two double bedrooms with lots of storage and a large bathroom with a shower and bathtub are located on the second level.<br/><br/>Pimlico Underground (Victoria Line, 0.2 miles) is conveniently located near St Georges Square and is just a short walk away.<br/><br/>Also nearby (0.7 miles) is Victoria Station, which offers a wide range of transport choices, stores and dining alternatives.",Two double bedrooms with lots of storage and a large bathroom with a shower and bathtub are located on the second level.,2,2,1,FLAT,IMMEDIATELY,3270,TWELVE_MONTHS,false,"null",51.488882,-0.136107,CHESTERTONS
767,2025-02-25 15:41:46.199 +0000,"0cb5ef0a-7b70-49aa-a0ad-535a3bc5fb27","Upper Street, Islington",,London,N1 1QY,"Upper Street, Islington, London, N1 1QY","This extremely spacious (almost 1100sqft) two bedroom duplex apartment located right on trendy Upper Street.  The accommodation boasts wonderful features such as cast iron fire places in the reception room, kitchen and bedroom. The property offers a large reception room, eat in kitchen, two large double bedrooms and two modern bathrooms. The property was modernised in 2019 and finished to a good specification throughout.","Extremely spacious two bedroom duplex apartment set out over three floors located right on trendy Upper Street.  The accommodation boasts wonderful features such as cast iron fire places in the reception room, kitchen and",2,2,1,HOUSE,"2025-05-20",3250,LT_SIX_MONTHS,false,"null",51.53982,-0.102759,CHESTERTONS
768,2025-02-25 15:41:47.572 +0000,cfa1f93c-1e92-4a1e-8cab-0b8c1f58201c,Azof Street,,London,SE10 0EG,"Azof Street, London, SE10 0EG","An exceptional end of terrace period house, offering a south facing garden.  This modern family home offers elegant period features with contemporary twist.  <br/><br/>The property boasts of a light and airy double reception room with original hardwood flooring, offering a spacious and versatile living space. The large kitchen diner is perfect for both cooking and entertaining guests, and offers ample storage space.  <br/>Three generously sized double bedrooms. They are bathed in natural light from four windows, including a charming bay window, and features built-in wardrobes for added convenience. <br/><br/>Ideally located on Azof Street, the property is just moments from Greenwich Park and the historic heart of Greenwich, where a variety of shops, cafes, Greenwich Market and pubs. With excellent transport links nearby, including Maze Hill Station (National Rail), and quick access to A roads for drivers, this home offers both peace and connectivity.","Images coming. An exceptional end of terrace period house, offering a south facing garden.  This modern family home offers elegant period features with contemporary twist.",3,1,0,FLAT,IMMEDIATELY,3250,LT_SIX_MONTHS,false,"null",51.48865,0.005973,CHESTERTONS
769,2025-02-25 15:41:48.088 +0000,aa4d5c9e-985f-443b-9031-05ffd85be970,Crestway,,London,SW15 5BY,"Crestway, London, SW15 5BY","Chestertons are pleased to present to the market a well presented four-bedroom house located in a residential road in immaculate condition. <br/><br/>The property comprises three double bedrooms and a further single bedroom, spacious living room leading to an open-plan kitchen with dining area which in turn leads to a well-kept private garden. <br/><br/>The property further benefits from bespoke finish throughout, wooden flooring throughout, boasts plenty of storage, has a front garden, and on-street parking. <br/><br/>Located on a quiet road within easy reach to all restaurants, shops and cafes Putney offers its residents as well as Richmond park and Putney Heath. The property is within easy reach to Barnes and Putney stations which in turn provide access to the City.",A very well presented four-bedroom house located in a residential road in immaculate condition. The property comprises three double bedrooms and a further single bedroom and spacious living room.,4,2,1,HOUSE,IMMEDIATELY,3250,LT_SIX_MONTHS,false,"null",51.455915,-0.235517,CHESTERTONS
771,2025-02-25 15:41:49.953 +0000,"65c1351a-c9e3-473c-be49-4953f8b76ecc",St Georges Square,,London,SW1V 3QX,"St Georges Square, London, SW1V 3QX","An immaculately presented two bedroom period conversion in this Stucco fronted building on one of Pimlico's fines squares. The property further comprises open plan reception room with modern kitchen, family bathroom and additional storage space. <br/><br/>St George's Square is a dog friendly garden square situated moments from the river Thames and the green open spaces of Battersea Park. The location allows for easy access for cafes, shops and restaurants of Pimlico and nearby transport links including Pimlico (Victoria line) and Victoria (Victoria, Circle and District underground lines, Mainline station and Gatwick Express).","An immaculately presented two bedroom period conversion in this Stucco fronted building on one of Pimlico's finest squares. The property further comprises open plan reception room, modern bathroom.",2,1,1,FLAT,"2025-03-28",3250,SIX_MONTHS,false,"null",51.48652,-0.135137,CHESTERTONS
774,2025-02-25 15:41:51.546 +0000,"8beaa65d-2271-4d9a-b0e3-53478b59c505","Old Brompton Road, Earls Court",,London,SW5 9JH,"Old Brompton Road, Earls Court, London, SW5 9JH","A beautiful duplex apartment on the first and second floor with private terrace located moments from West Brompton tube station. <br/><br/>This apartment is conveniently located within a short walk of Earls Court Road and all amenities.<br/><br/>This apartment is over 700 square feet and offers a generous open plan kitchen reception, 2 double bedrooms with fitted wardrobes and 2 bathrooms (1 en-suite).","This apartment is over 700 square feet and offers a generous open plan kitchen reception, 2 double bedrooms with fitted wardrobes and 2 bathrooms (1 en-suite). This apartment is conveniently located within a short walk of Earls Court Road.",2,2,1,FLAT,"2025-03-06",3250,TWELVE_MONTHS,false,"null",51.488224,-0.194063,CHESTERTONS
775,2025-02-25 15:41:52.397 +0000,"1620a118-1b5b-42d9-95bd-de6df2336785",Filmer Road,,London,SW6 7BT,"Filmer Road, London, SW6 7BT","This beautifully refurbished split level maisonette consists of two large double bedrooms with the benefit of two bathrooms. The open plan living area is basked in light and the high ceilings are consistent throughout. Located equidistant from both Parsons Green and Fulham Broadway, Filmer Road is enviably located in the heart of Fulham.","TWO BEDROOM MAISONETTE IN THE HEART OF MUNSTER VILLAGE - Located equidistant from both Parsons Green and Fulham Broadway, Filmer Road is enviably located in the heart of Fulham.",2,2,0,FLAT,"2025-04-05",3250,TWELVE_MONTHS,false,"null",51.480692,-0.207293,CHESTERTONS
777,2025-02-25 15:41:53.745 +0000,"3831eee2-5a7d-4abb-893f-8d99cadae314","Ingle Mews, Clerkenwell",,London,EC1R 1XG,"Ingle Mews, Clerkenwell, London, EC1R 1XG","Fabulous mews house in gated development.<br/><br/>A fabulous Mews house located slightly West of Myddelton Square. Discreetly positioned behind secure gates, Ingle Mews is a small development of just nine units.<br/><br/>On the ground floor is an entrance hall, leading up to a stunning shower suite, cloakroom and two well proportioned bedrooms with built in storage. There are high ceilings in all the rooms.<br/><br/>A fantastic open plan living space, with windows at the front and rear this living space is flooded with natural light and gives a great view of the impressive Georgian townhouses of Myddelton Square. At the rear is a recently appointed kitchen, thoughtfully designed to make the most of the space and equipped with high specification appliances.<br/><br/>Ingle Mews is a peaceful residential location, and sits just behind Myddelton Square.<br/><br/>Approximately 370 yards from Angel Tube Station and approximately 0.6 miles from King Cross and 0.7 miles from Farringdon.<br/><br/>There are a number of schools in close proximity with Hugh Myddelton Primary and Elizabeth Garrett Anderson both being in high demand with high Ofsted ratings.","A fabulous Mews house located slightly West of Myddelton Square. Discreetly positioned behind secure gates, Ingle Mews is a small development of just nine units.",2,1,1,HOUSE,"2025-03-20",3250,GT_TWELVE_MONTHS,false,"null",51.530114,-0.109838,CHESTERTONS
780,2025-02-25 15:41:55.062 +0000,"4cc5dd21-b778-4ad1-9c27-e2c229cd3193","Adlay Apartments, 3 Millet Place",,London,E16 2YG,"Adlay Apartments, 3 Millet Place, London, E16 2YG","A stunning two bedroom apartment in this brand new development part of a new gateway to the Thames Barrier Park, boasting a gym residents lounge and roof top space. It further benefits from a balcony with River Views.","A stunning three bedroom apartment in the modern Adlay Apartments. Offering three spacious bedrooms, open plan lounge, modern kitchen and sleek bathrooms and private balcony with  boasting a gym residents lounge and roof top space.",3,1,1,FLAT,IMMEDIATELY,3250,LT_SIX_MONTHS,false,"null",51.502028,0.0343,CHESTERTONS
776,2025-02-25 15:41:52.754 +0000,"8c0026d1-7000-433c-8b23-ca341e825254",Carnwath Road,,London,SW6 3HW,"Carnwath Road, London, SW6 3HW","A modern high spec two bedroom apartment located in this desirable new build development. This spacious flat comprises two bedrooms, two bathrooms, an open plan kitchen and reception room which leads out to the private balcony. Property benefits from secure parking.<br/><br/>Higham House is located on Carnwath Road, a short walk from Wandsworth Bridge. Wandsworth Bridge Road offers access to local amenities and transport links to and from central London.","A modern high spec two bedroom apartment located in this desirable new build development. This spacious flat comprises two bedrooms, two bathrooms, an open plan kitchen and reception room which leads out to the private balcony.",2,2,0,FLAT,IMMEDIATELY,3250,TWELVE_MONTHS,false,"null",51.465703,-0.195688,CHESTERTONS
778,2025-02-25 15:41:53.821 +0000,ccb791bb-b4d3-4ec9-93fb-331cbd67fdbd,"Blake House, York Road",,London,SW11 3QR,"Blake House, York Road, London, SW11 3QR","Short Let<br/>Bills Included<br/>Located in a secure purpose built development a short walk to both Clapham Junction and Wandsworth Town Railway Stations.<br/><br/>The property comprises of 2 full double bedrooms, a separate recently refurbished  kitchen and a good size reception room ideal for entertaining. Offered on a furnished basis with high speed internet available.  Moments from Clapham Junction Station. Offered on a furnished basis.<br/><br/>Ideally located on York Road and next to Battersea High Street, within a short walk of the green open spaces at Battersea Park. Situated moments from far reaching transport links from Clapham Junction Mainline Station, the River Thames and cafés, restaurants and bars at Battersea Square.","The property comprises of 2 full double bedrooms, a separate recently refurbished  kitchen and a good size reception room ideal for entertaining. Offered on a furnished basis with high speed internet available.  Moments from Clapham Junction Station",2,1,1,FLAT,"2025-03-31",3250,LT_SIX_MONTHS,true,"null",51.465485,-0.17969,CHESTERTONS
779,2025-02-25 15:41:54.831 +0000,"86a8d3c9-83c3-4be3-b73c-04aec3321ac1",Holland Road,,London,W14 8BN,"Holland Road, London, W14 8BN","A brand new two bedroom, bathroom period conversion located on the garden level of this Victorian building.<br/><br/>The accommodation comprises an inviting entrance hall, two bedrooms (one of which benefits from access to the patio), separate family bathroom, large reception, brand new galley kitchen. The property boasts good ceiling heights and an abundance of storage throughout.  <br/><br/>Holland Road is conveniently located for the shopping, restaurants and transport facilities of Kensington High Street and is within striking distance of the green open spaces of Holland Park.<br/><br/>“The photos of the property are real, however some of the furniture and furnishing items have been computer generated for illustration purposes only.”","A  two bedroom, two bathroom period conversion located on the garden level of this Victorian building with patio garden.",2,2,0,FLAT,"2025-03-18",3250,LT_SIX_MONTHS,false,"null",51.499182,-0.208994,CHESTERTONS
781,2025-02-25 15:41:56.362 +0000,"92d4a3f5-8813-4739-b158-6440d6a4cf9c","Walsingham, St. Johns Wood Park, St John's Wood",,London,NW8 6RJ,"Walsingham, St. Johns Wood Park, St John's Wood, London, NW8 6RJ","A spacious two bedroom apartment set on the fourth floor of a purpose built block in a well looked after development, with 24hr concierge and off road parking.<br/><br/>The property comprises two double bedrooms, two bathrooms (one en-suite), fitted kitchen and large reception room.<br/><br/>Additional benefits include lift, balcony and heating and hot water being included in the rent.","A spacious two bedroom apartment set on the fourth floor of a purpose built block in a well looked after development, with 24hr concierge and off road parking.",2,2,1,FLAT,"2025-03-29",3250,SIX_MONTHS,false,"null",51.538738,-0.173419,CHESTERTONS
782,2025-02-25 15:41:56.968 +0000,"601dc2d2-da24-49ba-b93a-47268ed937f9",Frobisher Crescent,,London,EC2Y 8HD,"Frobisher Crescent, London, EC2Y 8HD","A rare opportunity to rent this stunning 2 bedroom apartment in the iconic Grade II listed Barbican complex. The property offers breath-taking views of the City skyline from a private balcony, solid wood floors throughout, two double bedrooms, two bathrooms and high spec appliances.","An opportunity to rent this stunning 2 bedroom apartment in the iconic Grade II listed Barbican complex. The property offers breath-taking views of the City skyline from a private balcony, solid wood floors throughout and high spec appliances.",2,2,0,FLAT,"2025-03-13",3250,TWELVE_MONTHS,false,"null",51.52051,-0.093716,CHESTERTONS
783,2025-02-25 15:41:57.285 +0000,"4040850a-3a22-4fc6-a50f-c1fd5cb456de",Stanhope Place,,London,W2 2HB,"Stanhope Place, London, W2 2HB","Boasting exquisite period features and impressive high ceilings, this stunning two-bedroom flat is set within an elegant period conversion, offering a refined blend of classic charm and contemporary living. <br/><br/>A highlight of the property is its generously sized private terrace, providing a tranquil outdoor retreat in the heart of the city. Ideally positioned just moments from the serene expanses of Hyde Park, the residence enjoys a prestigious location on Stanhope Place, a distinguished address nestled just west of Marble Arch.","Boasting exquisite period features and impressive high ceilings, this stunning two-bedroom flat is set within an elegant period conversion, offering a refined blend of classic charm and contemporary living.",2,2,1,FLAT,"2025-03-07",3250,TWELVE_MONTHS,false,"null",51.51343,-0.163421,CHESTERTONS
784,2025-02-25 15:41:58.465 +0000,"94f51fe4-24b4-4f7c-bec3-7206736c0974",Crookham Road,,London,SW6 4EQ,"Crookham Road, London, SW6 4EQ","A spacious three bedroom split level flat with balcony on Crookham Road, a prime street in Parsons Green. The accommodation is arranged over two floors with the reception room and kitchen on the first floor along with a single bedroom with the balcony placed just off the landing. The two further double bedrooms an two bathrooms are arranged over the top floor.","",3,2,1,FLAT,IMMEDIATELY,3250,TWELVE_MONTHS,false,"null",51.474565,-0.205302,CHESTERTONS
785,2025-02-25 15:41:59.731 +0000,"52b08852-11e4-4e91-bf3e-afa996fd08d4",Belvedere Heights,,London,NW8 8HZ,"Belvedere Heights, London, NW8 8HZ","A newly refurbished two bedroom apartment set in a secure portered block, within close proximity to LBS and Marylebone Station.<br/><br/>The property comprises two double bedrooms, two bathrooms (one en-suite), reception room, and fitted kitchen.<br/><br/>Additional benefits include wood floors, underground parking space and communal gym.","A newly refurbished two bedroom apartment set in a secure portered block, within close proximity to LBS and Marylebone Station.",2,2,1,FLAT,IMMEDIATELY,3250,SIX_MONTHS,false,"null",51.525281,-0.170253,CHESTERTONS
805,2025-02-25 15:42:21.493 +0000,"79f62d7b-e092-4b4f-ad29-f1412b71252d","Camden Park Road, Camden",,London,NW1 9AR,"Camden Park Road, Camden, London, NW1 9AR","This refurbished three bedroom apartment is situated on the third and fourth floor within this purpose built development. The property comprises; reception room, separate kitchen, three bedrooms and family bathroom. <br/><br/>The apartment further benefits; its own entrance, separate W.C, lift, wooden flooring, modern kitchen and ample storage. The property is offered furnished and available mid-march.<br/><br/>Camden Park Road is ideally situated moments from local amenities and close to Camden Over Ground and Kentish Town stations.","This refurbished three bedroom apartment is situated on the third and fourth floor within this purpose built development. The property comprises; reception room, separate kitchen, three bedrooms and family bathroom.",3,1,1,FLAT,"2025-03-11",3099,LT_SIX_MONTHS,false,"null",51.547157,-0.128879,CHESTERTONS
786,2025-02-25 15:42:01.548 +0000,"7bd7dbe7-f60d-4159-9f2e-a184a0472551",Disraeli Gardens,,London,SW15 2QB,"Disraeli Gardens, London, SW15 2QB","SHORT LET Disraeli Gardens is a highly regarded mansion flat located on a pretty tree-lined residential street just moments from East Putney Tube Station and Wandsworth Park.<br/><br/>Located on the ground floor and benefitting from its own front door, this charming property offers 842sf of accommodation, as you enter you have two double bedrooms to your left, both with large sash windows and high ceilings. There is a family bathroom before you get to the semi open plan kitchen living room area, all presented in good condition.<br/><br/>The property benefits from plenty of period features, including sash windows, high ceilings and feature fireplaces. The handsome building has been recently redecorated and benefits from beautifully maintained communal gardens and a tennis court.<br/><br/>Disraeli Gardens is conveniently located just moments from Putney High Street. It is just 0.2 miles away from Putney mainline station with its overland link into London Waterloo and 0.2 miles from East Putney tube station with access to the District line. Putney High Street itself, has an array of shops, restaurants and bars. Wandsworth Park and the River Thames are also nearby.",SHORT LET Disraeli Gardens is a highly regarded mansion flat located on a pretty tree-lined residential street just moments from East Putney Tube Station and Wandsworth Park.,2,1,1,FLAT,IMMEDIATELY,3250,LT_SIX_MONTHS,false,"null",51.460709,-0.208844,CHESTERTONS
787,2025-02-25 15:42:02.410 +0000,"416efa65-454f-42e9-a7e9-c17f56e917e6",Olive Road,,London,NW2 6UU,"Olive Road, NW2 6UU","A rare opportunity to live in a stunning ground floor apartment in a period conversion, boasting two bedrooms and one bathroom. This charming and well-maintained property is offered fully furnished, providing a comfortable and homely atmosphere. The spacious interior is beautifully styled, creating a welcoming living space that is perfect for modern living. Situated in a desirable location, this property offers the convenience of town amenities while also enjoying the tranquillity of a private garden. With permits available for residents, this serviced apartment presents an ideal opportunity for those seeking a stylish and convenient living arrangement.","*ALL BILLS INCLUDED, WITH PARKING PERMIT, INTERNET & BI-WEEKLY CLEANING* Charming 2-bed furnished ground floor apartment with garden. Stylish period conversion, well-maintained and homely.",2,1,0,FLAT,"2025-04-01",3250,TWELVE_MONTHS,true,"null",51.556902,-0.225941,CHESTERTONS
788,2025-02-25 15:42:03.852 +0000,bab17003-18ff-433a-9387-190121c79235,"Heritage Tower, 118 East Ferry Road",,London,E14 3NW,"Heritage Tower, 118 East Ferry Road, London, E14 3NW","","Set on the 22nd floor of Heritage Tower, this beautiful tow bedroom apartments boasts a spacious open plan lounge, modern kitchen, two double bedrooms and two sleek bathrooms. Dual balconies offer spectacular O2 & Greenwich views.",2,2,1,FLAT,IMMEDIATELY,3200,LT_SIX_MONTHS,false,"null",51.497147,-0.013481,CHESTERTONS
792,2025-02-25 15:42:12.646 +0000,"77dcc6b1-8a04-48fe-95a9-670a02e1cdd7","Dagnan Road, Clapham South",,London,SW12 9LH,"Dagnan Road, Clapham South, London, SW12 9LH","An immaculate two bedroom, ground floor flat with private garden located on a residential road close to Clapham South. This recently refurbished property has been beautifully finished throughout and comprises two generously sized double bedrooms, modern fully fitted open plan kitchen with integrated appliances, contemporary family bathroom and bright reception room with parquet flooring, small study area and sliding doors leading to a large private south facing garden. The property further benefits from a cellar ideal for extra storage, wooden floors throughout and alarm system.<br/><br/>Dagnan Road is a sought after tree-lined residential road moments from Clapham South Underground Station (Northern Line) which provides excellent transport links into Central London and The City whilst the green open spaces of Clapham Common can be found close by. The many shops, bars and restaurants of Balham High Road and Abbeville Village can also be found within easy reach.","An immaculate two double bedroom, ground floor flat with private south facing garden on a residential road close to Clapham South. The property has been beautifully finished throughout and benefits from an open plan kitchen and modern bathroom.",2,1,1,FLAT,"2025-04-15",3000,TWELVE_MONTHS,false,"null",51.450092,-0.144997,CHESTERTONS
794,2025-02-25 15:42:13.757 +0000,"35377581-5926-40f5-8e94-121086673ee5",Capstan Square,,London,E14 3EU,"Capstan Square, London, E14 3EU","4 bedroom 2 bathroom property in Capstan Square, Tower Hamlets. This property is situated CLOSE TO CANARY WHARF and within a very good location in terms of transport links and WITHIN WALKING DISTANCE OF AMENITIES and leisure facilities.","Spacious 3 bedroom 2 bathroom house in Capstan Square. This property boasts four well designed bedrooms, two sleek bathrooms and private rear garden. This property is situated close to Canary Wharf and local transport links.",3,2,0,HOUSE,IMMEDIATELY,3000,SIX_MONTHS,false,"null",51.498621,-0.007623,CHESTERTONS
795,2025-02-25 15:42:15.083 +0000,d3487720-433a-4ab0-b496-b181973bc07a,Southwark Park Road,,London,SE16 3RP,"Southwark Park Road, London, SE16 3RP","SHORT LET* A great two bedroom apartment located in Bermondsey. The property comprises two double bedrooms, two bathrooms and open plan living space.<br/><br/>Outside there is direct access to a shared garden and the property can be accessed by it's own private entrance.<br/><br/>The property is situated within ten minutes’ walk of Bermondsey Jubilee line station, leading from Stratford to Green Park/Bond Street. It is also close to the 381 bus route to Trafalgar Square (via London Bridge, Waterloo) and 'The Blue' shopping parade.","SHORT LET* A great two bedroom apartment located in Bermondsey. The property comprises two double bedrooms, two bathrooms and open plan living space.",2,2,0,FLAT,"2025-04-05",3000,LT_SIX_MONTHS,false,"null",51.492322,-0.067496,CHESTERTONS
798,2025-02-25 15:42:17.016 +0000,c507b006-9f4a-425a-8ade-8bd5ea520572,"Melliss Avenue, Richmond",,Surrey,TW9 4BY,"Melliss Avenue, Richmond, Surrey, TW9 4BY","A spacious property comprising of two double bedrooms (master with en-suite bathroom), family bathroom, open plan fully fitted kitchen leading to reception & dining area with doors to a spacious balcony. The property further benefits from a designated parking space for one car as well as the use of onsite leisure facilities and concierge service. EPC rating C","A spacious property comprising of two double bedrooms (master with en-suite bathroom), family bathroom, open plan fully fitted kitchen leading to reception & dining area with doors to a spacious balcony. EPC rating C",2,2,1,FLAT,IMMEDIATELY,3000,TWELVE_MONTHS,false,"null",51.479703,-0.276651,CHESTERTONS
807,2025-02-25 15:42:22.898 +0000,"0c1662cd-79e1-4ab2-88b1-a64ff3d31128",Sutherland Avenue,,London,W9 2HF,"Sutherland Avenue, London, W9 2HF","A lovely two double bedroom apartment within this impressive period building. The property comprises; large open plan reception, two double bedrooms and modern bathroom.<br/><br/>Sutherland Avenue is conveniently situated moments from all the amenities of Little Venice and close to excellent transport links including both Maida Vale and Warwick Avenue underground stations.  EPC D","A lovely two double bedroom apartment within this impressive period building. The property comprises; large open plan reception, two double bedroom and modern bathroom. EPC D.",2,1,0,FLAT,"2025-04-17",3000,TWELVE_MONTHS,false,"null",51.523805,-0.191632,CHESTERTONS
789,2025-02-25 15:42:08.273 +0000,"3150bd0b-81a2-4f3e-97e6-187ab7056e3f",Purcell Street,,London,N1 6RD,"Purcell Street, London, N1 6RD","Spacious three bedroom split level apartment ideal for the amenities of Hoxton and Shoreditch moments from Shoreditch Park, Regents Canal and Hoxton Overground station plus Old Street within close proximity.<br/><br/>The apartment boasts good sized living room with a separate fitted kitchen, three double bedrooms, fitted bathroom suite plus separate W.C and a private balcony.  The apartment benefits from plenty of natural light and space with wood floors throughout.<br/><br/>Located in the heart of Hoxton and just moments from Shoreditch Park and close proximity of Regents Canal with Hoxton Overground station just a few minutes away and close to the underground station at Old Street.  There is a vast amount of shops bars and restaurants all within close proximity within Hoxton plus ideal for trendy Shoreditch.","Spacious three bedroom split level apartment ideal for the amenities of Hoxton and Shoreditch moments from Shoreditch Park, Regents Canal and Hoxton overground station plus Old Street within close proximity.",3,1,1,FLAT,IMMEDIATELY,3200,TWELVE_MONTHS,false,"null",51.532886,-0.08205,CHESTERTONS
790,2025-02-25 15:42:10.611 +0000,"0d974e09-6479-41fe-81f7-6cec4e6e370b","Finchley Road, Hampstead",,London,NW3 6DJ,"Finchley Road, Hampstead, London, NW3 6DJ","An exceptionally spacious 2 double bedroom, 2nd floor apartment with cream carpets and period features. The property is situated in this excellent location within walking distance to Hampstead Village (Northern Line) and the amenities of Finchley Road (Jubilee Line).  Accommodation comprises reception room, spacious kitchen, master bedroom with fitted wardrobes and en-suite bathroom and direct access to a Juliette balcony, double bedroom with fitted wardrobes, family bathroom.","An exceptionally spacious 2 double bedroom, 2nd floor apartment with cream carpets and period features in this excellent location within walking distance to Hampstead Village (Northern Line) and the amenities of Finchley Road.",2,2,1,FLAT,IMMEDIATELY,3200,TWELVE_MONTHS,false,"null",51.551586,-0.184333,CHESTERTONS
791,2025-02-25 15:42:12.239 +0000,f14d3707-db1d-4367-95fd-fc16899bdc8b,"London House, 172 Aldersgate Street",,London,EC1A 4HU,"London House, 172 Aldersgate Street, London, EC1A 4HU","A generously sized two bed two bath apartment featuring a modern kitchen and separate living space, conveniently located near London Wall and walking distance to St Paul's Cathedral.","A generously sized two bed two bath apartment featuring a modern kitchen and separate living space, conveniently located near London Wall and walking distance to St Paul's Cathedral.",2,2,1,FLAT,IMMEDIATELY,3200,TWELVE_MONTHS,false,"null",51.518303,-0.097213,CHESTERTONS
793,2025-02-25 15:42:13.711 +0000,"3cba2273-e53b-44f0-86b4-41d2b207bfdc",Anstice Close,,London,W4 2RJ,"Anstice Close, London, W4 2RJ",A recently refurbished two bedroom apartment that benefits from riverside location. The property is near local green spaces and schools along with being near attractions such as Chiswick House and the River Thames.<br/><br/>Anstice Close is located within a very short walk from the River Thames and Chiswick House & Grounds. The property is also within a mile of Chiswick Station which has fast trains to Waterloo and out West.,A recently refurbished two bedroom apartment that benefits from riverside location. All bills included within the rent.,2,1,1,FLAT,IMMEDIATELY,3198,LT_SIX_MONTHS,true,"null",51.479992,-0.252556,CHESTERTONS
796,2025-02-25 15:42:15.539 +0000,"3049c33b-9e70-4253-aa90-6d48ca7b8b21","Pleasant Place, Islington",,London,N1 2BZ,"Pleasant Place, Islington, London, N1 2BZ","Light and spacious first floor apartment in a period conversion moments away from Angel. <br/><br/>The property features a spacious reception room, two large double bedrooms, a contemporary, open-plan kitchen / living room and a modern bathroom.<br/><br/>The property is close to Essex Road and Angel stations, along with major bus links to the City.",Light and spacious two bedroom first floor apartment in this period conversion in Angel.,2,1,1,FLAT,"2025-05-23",3163,TWELVE_MONTHS,false,"null",51.540039,-0.098568,CHESTERTONS
797,2025-02-25 15:42:16.648 +0000,"86bc574d-3a0c-4f29-845a-5cdbf9f9031a",Queensland Road,,London,N7 7FH,"Queensland Road, London, N7 7FH","Impeccable two bedroom apartment in this modern development next to the Emirates Stadium. The property offers a large open plan reception room with doors to a private balcony, two double bedroom and family bathroom - all finished to an excellent standard.<br/><br/>The property further benefits from access to a Gym and concierge service. Arsenal (Piccadilly Line), Highbury & Islington (Victoria Line and Overground) and Holloway Road (Piccadilly Line) stations are all a short walk from the property and there are plenty of amenities nearby.<br/><br/>Available on a furnished basis including Two smart TVs, Sonos SoundBar, bespoke furniture throughout, fully equipped kitchen.<br/><br/>The property additionally features private secure parking in the development.","Impeccable two bedroom apartment in this modern development, finished to an immaculate standard and within easy reach of Arsenal and Holloway Road stations.",2,1,1,FLAT,"2025-03-26",3150,TWELVE_MONTHS,false,"null",51.553449,-0.107445,CHESTERTONS
800,2025-02-25 15:42:18.456 +0000,"3d3654d5-9e05-4693-8b3f-16aec6f9b5b3",Sanday Drive,,London,NW9 4FT,"Sanday Drive, London, NW9 4FT","** Incentive - 2 weeks rent free for all units for any resident who can start their lease before the end of March** <br/><br/>Chestertons are thrilled to offer this selection of Unfurnished and Furnished  3 Bed Apartments at UNCLE Colindale – A beautifully designed development situated in the heart of a dynamic and thriving community in North-West London.<br/><br/>Rents from: £2,900pcm - £3,200pcm for the 3 beds.<br/><br/>These pet-friendly, spacious, peaceful apartments come with either designer furniture or are available unfurnished, featuring top-of-the-line appliances. Enjoy exceptional amenities, including a gym created in collaboration with leading personal trainers in London and a dedicated coworking space. Plus, it’s just 22 minutes from your front door to King's Cross.   <br/><br/>UNCLE Colindale is stylishly appointed with interiors furnished by BoConcept, though if you prefer, we also offer unfurnished apartments. The development also features on-site resident managers and expansive amenity spaces, including a gym and wellness area. <br/><br/>In addition to its beautiful apartments, UNCLE Colindale offers friendly, helpful on-site resident managers who live in the property. They’re there to ensure your home is everything you want it to be, from managing maintenance to handling parcel deliveries.  <br/><br/>But it's not just about the apartments – you’re also surrounded by beautiful scenery. Just a short walk from your door, you’ll find the Silk Stream, which flows through some of the most iconic areas in North-West London. You can even take walking tours that turn a simple stroll into an informative exploration of your new neighbourhood. Also nearby is Montrose Park, home to a beloved local café, a skatepark, and sports fields where you can join in bootcamps and yoga classes. And if you’re craving something tasty, the Bang Bang oriental food hall is within walking distance.  <br/><br/>To sum it up: beautifully designed apartments with designer furniture, located in Zone 4, with excellent transport links to central London, plus access to a gym, Peloton studio, coworking space, and outstanding on-site Resident Managers – all at a great price.   <br/><br/>*Disclaimer: The images show furnished UNCLE apartments and may not represent all apartment types. **BoConcept furniture is available in furnished apartments only.",Chestertons are thrilled to offer this selection of Unfurnished and Furnished  3 Bed Apartments at UNCLE Colindale – A beautifully designed development situated in the heart of a dynamic and thriving community in North-West London.,3,2,1,FLAT,IMMEDIATELY,3145,TWELVE_MONTHS,false,"null",51.595356,-0.247858,CHESTERTONS
803,2025-02-25 15:42:20.054 +0000,b2b29ab8-b273-48ef-bfac-8ff345b8d109,"Eustace Building, 372 Queenstown Road",,London,SW11 8PP,"Eustace Building, 372 Queenstown Road, London, SW11 8PP","Immaculate two bedroom, two bathroom apartment located on the seventh floor of the Eustace Building at Chelsea Bridge Wharf.<br/><br/>The property comprises two double bedrooms, two bathrooms including an en-suite and large open plan kitchen/living space. There is a private balcony overlooking Battersea Park and the property has an abundance of natural light.<br/><br/>On site facilities include 24 hour concierge & convenience store. Sloane Square underground station is within easy reach and only Queenstown Road and Battersea Park rail stations are also a short walk away.<br/><br/>This stunning apartment benefits from the peaceful location of this beautiful riverside development, a stone’s throw from Battersea Park and the buzz of Battersea Power Station.",A very well presented two bedroom two bathroom apartment overlooking the gardens on the seventh floor of the desirable Chelsea Bridge Wharf development. This apartment offers high specification appliances throughout.,2,2,1,FLAT,"2025-04-17",3120,TWELVE_MONTHS,false,"null",51.482134,-0.14898,CHESTERTONS
828,2025-02-25 15:42:50.128 +0000,a71d0427-1360-4763-abc2-6b9b11a7128c,"New Broadway, Hampton Hill, Hampton",,Middlesex,TW12 1JG,"New Broadway, Hampton Hill, Hampton, Middlesex, TW12 1JG","This stunning apartment has just been completely redecorated throughout with brand new appliances. It offers an abundance of natural light, and ample storage. <br/><br/>The property offers three double bedrooms, one of which has an en-suite, and a further family bathroom. There is secure bike storage available.<br/><br/>Situated in the heart of Hampton Hill, the flat offers proximity to local shops and restaurants. This property is offered fully furnished.",Stunning three bedroom property which has been completely refurbished throughout. This property offers two bathrooms and an abundance of natural light and storage. Offered fully furnished.,3,2,0,FLAT,IMMEDIATELY,2998,SIX_MONTHS,false,"null",51.428811,-0.353565,CHESTERTONS
799,2025-02-25 15:42:17.760 +0000,"01abb296-5885-42a9-9e74-04c08152a238",Gwendolen Avenue,,London,SW15 6EP,"Gwendolen Avenue, London, SW15 6EP","SHORT LET -  A truly unique, two bedroom, two bathroom apartment, which offers amazing features to include in the reception room/open plan living, the most gorgeous original fireplace & parquet flooring with a fully fitted kitchen and doors onto your own private patio garden. There are two double bedrooms with storage and both with en-suite  bathrooms. This gorgeous ground floor conversion, has the benefit of a good sized patio garden with its own side entrance, as well as access from reception room and bedroom. The property includes one off street parking space.<br/><br/>Gwendolen Avenue is superbly located within easy reach to Putney High Street, with its array of excellent shopping, bars and restaurant facilities and Putney Mainline Station with direct access to Clapham Junction and London Waterloo, also easy walking distance to East Putney Underground Station (District line).<br/><br/>Offered unfurnished & Available now.","SHORT LET - A truly unique, two bedroom, two bathroom apartment, which offers amazing features to include in the reception room/open plan living, the most gorgeous original fireplace & a private garden.",2,2,1,FLAT,IMMEDIATELY,3000,LT_SIX_MONTHS,false,"null",51.458884,-0.22309,CHESTERTONS
801,2025-02-25 15:42:18.634 +0000,"3e2882ee-4ea6-43a8-a8b9-32f2de7a1996",Chapter Street,,London,SW1P 4NR,"Chapter Street, London, SW1P 4NR","The property is offered on a short term basis and inclusive of bills. A bright and well laid-out two double bedroom flat within this popular mansion block situated in the heart of Westminster. The property further comprises reception room, modern kitchen and bathroom. <br/><br/>Chapter Street is conveniently situated for shops, cafes and restaurants of Westminster and Pimlico as well as numerous transport links including Pimlico (Victoria line) and Victoria (Victoria, Circle and District underground lines, Mainline station and Gatwick Express).","A light, very well presented two double bedroom flat within this popular mansion block in the heart of Westminster. The property  comprises modern kitchen, bathroom, reception room. Bills included.",2,1,1,FLAT,"2025-03-19",3000,LT_SIX_MONTHS,true,"null",51.491287,-0.133769,CHESTERTONS
802,2025-02-25 15:42:19.942 +0000,f1a968b7-1ca4-4766-9d07-a47de0641b55,"Island Apartments, 30 Coleman Fields",,London,N1 7BY,"Island Apartments, 30 Coleman Fields, London, N1 7BY","This spectacular two double bedroom, two bathroom apartment is situated on the third floor within this impressive modern purpose built development. The apartment comprises; spacious reception room, separate kitchen, two double bedrooms and two bathrooms. <br/><br/>The property further benefits; wooden flooring, modern fixtures and fittings, floor to ceiling windows offering an abundance of natural light and ample storage.<br/>Coleman Fields is ideally situated moments away from all the amenities of Islington and close to excellent transport links into the City.<br/><br/>We are aware that there is scaffolding present at the property of purpose of works to the building, we are not informed of a date when this will be removed.","Spectacular 2 double bed, 2 bath bathroom apartment is situated on the third floor within this impressive modern purpose built development. Ideally located for many transport links into The City & amenities of Upper Street",2,2,1,FLAT,"2025-04-01",3000,LT_SIX_MONTHS,false,"null",51.537788,-0.093749,CHESTERTONS
804,2025-02-25 15:42:21.148 +0000,d3ab0bfa-f9be-4b9a-92f2-52e9bcb34898,Lambrook Terrace,,London,SW6 6TG,"Lambrook Terrace, London, SW6 6TG","A recently refurbished, two bedroom ground floor garden flat on Lambrook Terrace. The accommodation comprises open plan kitchen reception room with bifolding doors opening onto a large patio garden. Two spacious double bedrooms and bathroom. The flat has just finished the renovation and suits a family or professional sharers.",The accommodation comprises open plan kitchen reception room with bifolding doors opening onto a large patio garden. Two spacious double bedrooms and bathroom.,2,1,1,FLAT,"2025-03-24",3000,LT_SIX_MONTHS,false,"null",51.47696,-0.214534,CHESTERTONS
806,2025-02-25 15:42:21.958 +0000,"8c55e5a3-428a-4d3f-bff9-7db907506913","Camden Road, Camden",,London,NW1 9LR,"Camden Road, Camden, London, NW1 9LR","This stunning two double bedroom apartment is situated on the first floor within this stunning waterside development. The property comprises; spacious open plan reception room, two double bedrooms and modern bathroom. <br/><br/>This impressive apartment further benefits; wooden flooring, lift, private balcony with views over the Regents Canal, floor to ceiling windows, communal roof terrace and day time porter. The property is offered furnished and available October.<br/><br/>Camden Road is ideally situated moments from all the amenities of Camden and close to both Camden's Over Ground and Underground stations.","This stunning two double bedroom apartment is situated on the first floor within this stunning waterside development. The property comprises; spacious open plan reception room, two double bedrooms and modern bathroom.",2,1,1,FLAT,"2025-04-17",3000,LT_SIX_MONTHS,false,"null",51.541507,-0.139059,CHESTERTONS
808,2025-02-25 15:42:23.627 +0000,"5b48512f-1386-4b39-b909-3979e4a10806",Woking Close,,London,SW15 5LA,"Woking Close, East Sheen, SW15 5LA","A brilliant two-bedroom apartment located near Barnes Station and Barnes Common.<br/><br/>The apartment features a spacious reception room with plenty of natural light, large bathroom, two large double bedrooms and a modern fully-fitted kitchen.<br/><br/>Woking Close is just 0.4 miles from Barnes Station, offering regular trains to Waterloo and direct access to Hammersmith via the 33 bus. The property is also close to Richmond Park and Barnes Common.",A spacious and modern two bedroom apartment within close proximity to Barnes and Putney.,2,1,1,FLAT,IMMEDIATELY,3000,LT_SIX_MONTHS,false,"null",51.464451,-0.24811,CHESTERTONS
810,2025-02-25 15:42:24.588 +0000,"0141e74f-5857-44f7-8a77-ee6de31bcbf3","Brunswick House, 94-96 Balcombe Street, Marylebone",,London,NW1 6NG,"Brunswick House, 94-96 Balcombe Street, Marylebone, London, NW1 6NG","A well presented two bedroom apartment in a prime location, within close proximity to LBS, Baker Street Station and the amenities of Marylebone. <br/><br/>The property comprises two good sized double bedrooms, open plan kitchen/living room with integrated appliances and breakfast bar, and modern shower room.<br/><br/>Additional benefits include secure entry phone system and gas central heating.","A well presented two bedroom apartment in a prime location, within close proximity to LBS, Baker Street Station and the amenities of Marylebone.",2,1,1,FLAT,"2025-03-27",3000,SIX_MONTHS,false,"null",51.52497,-0.163028,CHESTERTONS
812,2025-02-25 15:42:26.475 +0000,c522dae4-56a7-420f-b0bc-802691a84900,"New Kings Road, Fulham",,London,SW6 4XE,"New Kings Road, Fulham, London, SW6 4XE","A beautifully refurbished two bedroom flat overlooking Parsons Green. The flat comprises reception room, modern kitchen, two double bedrooms and bathroom. The flat is located on New Kings Road in a sought after location only a few minutes’ walk to Parsons Green tube and amenities","A beautifully refurbished two bedroom flat overlooking Parsons Green. The flat comprises reception room, modern kitchen, two double bedrooms and bathroom. The flat is located on New Kings Road in a sought after location.",2,1,1,FLAT,"2025-04-19",3000,TWELVE_MONTHS,false,"null",51.472669,-0.198709,CHESTERTONS
809,2025-02-25 15:42:23.667 +0000,"061ae2f4-84d6-441d-96a4-3e8f66b337b9","Carronade Court, Eden Grove, Islington",,London,N7 8GP,"Carronade Court, Eden Grove, Islington, London, N7 8GP","SHORT LET!<br/>A stunning and spacious 2 bedroom penthouse apartment with 2 bathrooms, including one en suite, set on the 9th floor of this sought after lifestyle development in lower Holloway. <br/><br/>The 808sq ft of accommodation is complimented by a south-west facing private balcony, offering the most phenomenal views across the City of London. The apartment is accessed via a lift to the 9th floor, parking available by separate negotiation.<br/><br/>Accommodation comprises master bedroom with en-suite shower room, a further double bedroom, main bathroom and a fabulous, vast open-plan kitchen/ reception room with double doors opening to the private balcony.<br/><br/>Carronade Court is within the Vision 7 Development in Eden Grove and benefits from on site Concierge, communal gardens, on site coffee shop and communal gymnasium. Eden Grove is superbly situated for transportation as Holloway Road Underground (Piccadilly Line) is a stones throw away. Access to the transportation hub of Highbury & Islington (Victoria Line and North London Line) is also within walking distance.<br/><br/>BILLS INCLUDED","SHORT LET !  Spacious 2 bedroom penthouse with private balcony, offering superb views of the city, set over the 9th floor of a popular development with porter & gymnasium, moments away from Holloway Road Underground",2,2,1,FLAT,"2025-04-17",3000,LT_SIX_MONTHS,true,"null",51.550363,-0.115694,CHESTERTONS
811,2025-02-25 15:42:25.054 +0000,"977a3450-e506-43e7-9902-d507bc53bdce",Barons Court Road,,London,W14 9DT,"Barons Court Road, London, W14 9DT","SHORT TERM LET - A two bedroom two bathroom flat located on the ground floor of this period conversion, just moments from Barons Court Tube Station. Available on a furnished basis.","SHORT TERM LET - A two bedroom two bathroom flat located on the ground floor of this period conversion, just moments from Barons Court Tube Station. Available on a furnished basis.",2,2,1,FLAT,"2025-03-30",3000,LT_SIX_MONTHS,false,"null",51.489949,-0.20863,CHESTERTONS
813,2025-02-25 15:42:38.843 +0000,"8fdca5ea-221f-4f76-9492-2607ab8b4746","Steamer Building, 3 Riverscape Walk",,London,E16 2HF,"Steamer Building, 3 Riverscape Walk, London, E16 2HF","A brand new two bedroom, two bathroom available in the new development, Riverscape, E16. The property benefits of sleek modern finishes, a private balcony and will be furnished to a luxury standard. Available now!","A brand new two bedroom, two bathroom available in the new development, Riverscape, E16. The property benefits of sleek modern finishes, a private balcony and will be furnished to a luxury standard. Available now!",2,1,1,FLAT,IMMEDIATELY,3000,SIX_MONTHS,false,"null",51.49992,-0.012273,CHESTERTONS
814,2025-02-25 15:42:39.892 +0000,"286a5cce-2346-44c8-b363-651644d3b9da","Kilby Court, Child Lane",,London,SE10 0PZ,"Kilby Court, Child Lane, London, SE10 0PZ","SHORT LET A very well presented two-bedroom apartment situated in the Greenwich Millennium Village development, located just by the River. The apartment has been refurbished & furnished to a high standard and offers several attractive features.<br/><br/>The apartment compromises 2 double bedrooms, 2 bathrooms, an open plan kitchen and reception area complete with a high standard off white gloss kitchen with island, a well-sized bathroom leading from a large hallway and a private balcony. These features contribute to a comfortable and appealing living space.<br/><br/>The location of Kilby Court is particularly popular, as it is situated next to the River and in close proximity to the O2 Arena. This means residents can enjoy easy access to a variety of shops, bars, and restaurants. Additionally, the North Greenwich Underground Station (Jubilee Line), which is just a 10-minute walk from the development, offers direct access to Canary Wharf and makes commuting into the city easy.","A very well presented two-bedroom apartment situated in the Greenwich Millennium Village development, located just by the River. The apartment has been refurbished & furnished to a high standard and offers several attractive features.",2,2,1,FLAT,IMMEDIATELY,3000,LT_SIX_MONTHS,false,"null",51.493259,0.013018,CHESTERTONS
816,2025-02-25 15:42:41.729 +0000,"65550da3-68f9-402a-9cf7-ae89d84a87b3","Abingdon Close, Camden",,London,NW1 9UP,"Abingdon Close, Camden, London, NW1 9UP","This newly refurbished three bedroom apartment is situated on the first floor within this secure purpose built development. The property comprises; spacious reception room, separate kitchen, three double bedrooms and modern bathroom. <br/><br/>This stunning apartment further benefits; wooden flooring, brand new kitchen, brand new bathroom and two private balconies. The property is offered furnished or unfurnished and available NOW. <br/><br/>Abingdon Close is ideally situated moments from Camden Square and close to all the amenities of Camden Town.","This spacious three bedroom apartment is situated on the first floor within this secure purpose built development. The property comprises; spacious reception room, separate kitchen, three double bedrooms and modern bathroom.",3,1,1,FLAT,IMMEDIATELY,3000,LT_SIX_MONTHS,false,"null",51.545572,-0.131725,CHESTERTONS
818,2025-02-25 15:42:43.424 +0000,c1db1546-b2a6-4377-b0d0-2f5801b0361a,"Old School House, Bridge Lane, The Lanterns",,London,SW11 3AD,"Old School House, Bridge Lane, The Lanterns, London, SW11 3AD","A beautifully presented loft-style, split level apartment within a Victorian school conversion moments from Battersea Park. Situated on the ground floor, the deep sash windows provide wonderful natural light. Off street parking included.<br/><br/>The Lanterns are located just off the Battersea Bridge Road. On the Battersea bridge road you can get buses to Victoria, South Kensington and Sloane Square. This property is located 0.8 from Clapham junction taking you to Victoria and Waterloo as well as Battersea Park (1 mile) from the property which takes you also into Victoria station. Just a short walk away from the property is the vast open space of Battersea Park, which offers cafes, athletics sports centre, sports pitches, children's zoo and beautiful walks.","A beautifully presented loft-style, split level apartment within a Victorian school conversion moments from Battersea Park. Situated on the ground floor, the deep sash windows provide wonderful natural light. Off street parking included.",2,2,0,FLAT,"2025-03-24",3000,GT_TWELVE_MONTHS,false,"null",51.474233,-0.16694,CHESTERTONS
821,2025-02-25 15:42:44.573 +0000,"6af12336-41da-4824-b835-e51a6d75ca38","Cecil Court, 2 Acol Road",,London,NW6 3AP,"Cecil Court, 2 Acol Road, London, NW6 3AP","This delightful first-floor apartment offers a perfect blend of charm and modern convenience. Situated in a sought-after location, this property boasts two spacious bedrooms, making it an ideal choice for a small family or professionals looking for a comfortable living space.<br/><br/>The apartment is beautifully furnished, with the option for it to be provided as either fully furnished or part-furnished, catering to your individual needs. Bright and peaceful, this property offers a tranquil retreat from the hustle and bustle of city life.<br/><br/>Benefitting from well-maintained communal areas and a convenient town location, this apartment is perfect for those seeking a lateral living experience in a purpose-built property.",Bright and spacious 2-bedroom furnished apartment in a peaceful town setting. Well-maintained with a lateral living layout.,2,2,0,FLAT,IMMEDIATELY,3000,TWELVE_MONTHS,false,"null",51.542397,-0.189472,CHESTERTONS
815,2025-02-25 15:42:40.974 +0000,"6f02c795-1f55-4392-9e4c-e0570cd9933e","Gaumont Tower, Dalston Square",,London,E8 3BQ,"Gaumont Tower, Dalston Square, London, E8 3BQ","(SHORT LET)  Bright and stylish two bedroom,  two bathroom apartment with private sunny balcony and fantastic views located within this popular Dalston Square development with 24 hour concierge, residents gym and communal roof gardens.  <br/><br/>The apartment boasts a spacious reception room with open plan contemporary fully fitted kitchen, large private balcony, modern bathroom suite, two double sized bedrooms plus an en-suite shower room to the master bedroom.  <br/><br/>Situated in the heart of Dalston close to both Dalston Junction and Dalston Kingsland Overground stations with plenty of amenities surrounding and providing great access to London Fields, The City and Shoreditch with Stoke Newington in the North.  The development boasts a 24 hour concierge, landscaped communal roof gardens and access to a residents gymnasium.<br/><br/>BILLS INCLUDED","(SHORT LET)  Bright and stylish two bedroom,  two bathroom apartment with private sunny balcony and fantastic views located within this popular Dalston Square development with 24 hour concierge, residents gym and communal roof gardens.",2,2,1,FLAT,IMMEDIATELY,3000,LT_SIX_MONTHS,true,"null",51.545726,-0.073829,CHESTERTONS
817,2025-02-25 15:42:42.422 +0000,bbf0bf5e-a38d-485f-9234-82343617ad81,"Vineyard Heights, 30 Mortlake High Street",,London,SW14 8HX,"Vineyard Heights, 30 Mortlake High Street, London, SW14 8HX","A split level 3rd and 4th floor modern apartment with 2 double bedrooms, 2 bathrooms and 2 reception areas with a south facing balcony and allocated underground parking.<br/><br/>Located close to Mortlake Station as well as White Hart Lane which has shops and restaurants.","A 2 bedroom, 2 bathroom loft style apartment within a desirable development with high ceilings, additional mezzanine level, wonderful views from a south facing balcony and underground parking.",2,2,2,FLAT,IMMEDIATELY,3000,TWELVE_MONTHS,false,"null",51.469472,-0.265397,CHESTERTONS
819,2025-02-25 15:42:43.716 +0000,a9e05c3f-23e9-4af5-90f9-6d3f81f5a6e4,"Oriel Drive, Barnes",,London,SW13 8HF,"Oriel Drive, Barnes, London, SW13 8HF","A well-proportioned and modern second floor apartment in the highly sought-after Harrods Village gated development.<br/><br/>The property comprises a generous reception room, a fully-fitted kitchen, two double bedrooms and two bathrooms (one en suite).<br/><br/>Harrods Village is set on the banks of the Thames in north Barnes.  It boasts 24-hour concierge service, manicured communal gardens and a residents' leisure suite, including a swimming pool, gym, sauna and business centre.<br/><br/>Renowned schools in the area include St. Paul's Boys & Juniors, The Harrodian, The Swedish School and Lowther Primary.<br/><br/>Note: Harrods Village Estate grants access for removals between the hours of 8am-5pm Monday-Friday and 9am-1pm Saturday only.","A large and modern second floor apartment in the highly sought-after Harrods Village gated development.  The property comprises a spacious reception room, a kitchen, two double bedrooms and two bathrooms (one en-suite).",2,2,1,FLAT,"2025-11-02",2999,TWELVE_MONTHS,false,"null",51.484165,-0.229841,CHESTERTONS
820,2025-02-25 15:42:44.541 +0000,"8eeaa552-a053-4c2e-a90b-e8bde9f9d61a","Aborfield, Peckwater Street., Kentish Town",,London,NW5 2UD,"Aborfield, Peckwater Street., Kentish Town, London, NW5 2UD","This stunning three double bedroom apartment is situated on the ground floor within this impressive purpose built development. The property comprises; reception room, separate kitchen, three double bedrooms and modern bathroom. <br/><br/>This impressive apartment had been refurbished to a high standard and further benefits; farrow and ball decoration, ample storage and separate W.C. The property is offered furnished.<br/><br/>Peckwater Street is ideally situated moments from all the amenities of Kentish Town and close to excellent transport links including Kentish Town's underground and over ground stations.","This stunning three double bedroom apartment is situated on the ground floor within this impressive purpose built development. The property comprises; reception room, separate kitchen, three double bedrooms and modern bathroom.",3,1,1,FLAT,"2025-03-06",2999,TWELVE_MONTHS,false,"null",51.54991,-0.135718,CHESTERTONS
822,2025-02-25 15:42:45.731 +0000,"02069288-d3f5-4678-b233-88b210bf90fd","Campsfield Road, Hornsey",,London,N8 7AL,"Campsfield Road, Hornsey, London, N8 7AL","A spacious and bright and generously proportioned four-bedroom property, close to transport links and Alexandra Palace.<br/><br/>This large house comprises of four double bedrooms, two bathrooms,  a spacious open plan kitchen & lounge which leads on to a private garden. Property is available to sharers<br/><br/>Outstanding  Primary and secondary schools in the area.<br/><br/>Pets may be considered.","A Spacious 4 Bedroom property ideal for sharers and conveniently located near Alexandra Park with local amenities near by. Property comprises of 4 bedrooms, kitchen/living room",4,2,0,FLAT,IMMEDIATELY,2999,TWELVE_MONTHS,false,"null",51.591176,-0.119546,CHESTERTONS
824,2025-02-25 15:42:47.589 +0000,"768d6604-2ba5-46f4-a6d5-9b0444af2b14",Askew Road,,London,W12 9AH,"Askew Road, London, W12 9AH",SHARERS WELCOME<br/>A large four double bedroom apartment split over two floors. The apartment has been finished to a modern standard and offers two bathrooms and wood floors throughout.<br/><br/>Askew Road offers easy access to all local amenities on Askew Road including supermarkets and boutique coffee shops. It also offers access to Ravenscourt Park Station an allows for easy access to the A40/M40.,SHARERS WELCOME<br/>A large four double bedroom apartment split over two floors. The apartment has been finished to a modern standard and offers two bathrooms and wood floors throughout.,4,2,1,FLAT,IMMEDIATELY,2998,TWELVE_MONTHS,false,"null",51.504187,-0.243374,CHESTERTONS
826,2025-02-25 15:42:49.129 +0000,f3bae3b2-322c-4f2e-8f18-2a901a1ecaa7,"Heathshott, Friars Stile Road, Richmond",,Surrey,TW10 6NT,"Heathshott, Friars Stile Road, Richmond, Surrey, TW10 6NT","**Stunning 3-Bedroom Apartment in Prime Location**<br/><br/>Situated in a sought-after area within walking distance of the town centre, this spacious 3-bedroom apartment offers a perfect blend of style and convenience. Boasting a generous 860 sq ft of living space, this upper floor property features a bright and airy living room, a modern kitchen, and three well-proportioned bedrooms.<br/><br/>The apartment also benefits from private parking, providing added convenience for residents. Unfurnished, the property offers a blank canvas for you to make it your own.<br/><br/>With its prime location, proximity to local amenities, and excellent transport links, this apartment presents a fantastic opportunity for those seeking a comfortable and stylish living space in the heart of the town. Don't miss out on the chance to make this property your new home!","Spacious 3-bedroom upper floor apartment in town with private parking. Unfurnished, 860 sq. ft. Don't miss out on this great property!",3,2,1,FLAT,IMMEDIATELY,2998,TWELVE_MONTHS,false,"null",51.455899,-0.295857,CHESTERTONS
910,2025-02-25 15:44:15.257 +0000,"6d2763b6-069d-42fa-b4cb-d765c8f9099f","Charlwood Court, Putney",,London,SW15 1PE,"Charlwood Court, Putney, London, SW15 1PE","A charming second floor, three bedroom apartment set in a fantastic location, just a stone`s throw away from Putney High Street and all of its amenities. Boasting a light and spacious living/dining area, two generous double bedrooms with ample built in storage, and a great sized single bedroom.  This property also benefits from the use of a private garden.","A second floor, three bedroom flat with two generous double bedrooms with ample built in storage and a third single bedroom.",3,1,1,FLAT,"2025-04-21",2350,TWELVE_MONTHS,false,"null",51.462978,-0.220872,CHESTERTONS
823,2025-02-25 15:42:46.281 +0000,"7a77516d-c5c5-4580-b704-348230e0c771","Cygnet House, Woodland Crescent",,London,SE10 9UF,"Cygnet House, Woodland Crescent, London, SE10 9UF","A beautifully presented 3 bedroom modern apartment in Greenwich. The home comprises entrance hall,living area, modern kitchen, Primary bedroom with en-suite shower room with access to a large balcony. There are two further double bedrooms and a family bathroom. The property is conveniently located for the over ground station; Maze Hill rail station, and a variety of shops, cafes/bakeries, bars and restaurants of central Greenwich. <br/><br/>The pleasant apartment block in a desirable location very close to Greenwich Royal Park and a short walk to Greenwich town centre. The property is conveniently located within a short stroll to Central Greenwich ( DLR Cutty Sark).",The pleasant apartment block in a desirable location very close to Greenwich Royal Park and a short walk to Greenwich town centre. The property is conveniently located within a short stroll to Central Greenwich ( DLR Cutty Sark).,3,2,1,FLAT,"2025-04-28",3000,LT_SIX_MONTHS,false,"null",51.48422,0.002091,CHESTERTONS
825,2025-02-25 15:42:47.829 +0000,bc64b97b-4adb-4f8b-9b42-f2161193eda3,"Albany Court, Spring Grove",,London,W4 3BF,"Albany Court, Spring Grove, London, W4 3BF","The property comprises two double bedrooms, one of which has en suite shower rooms and there is a main family bathroom. There is an open plan integrated kitchen/reception room with a door leading to the balcony. The property further benefits from luxury fittings, wooden flooring and ample storage.   <br/><br/>Wonderfully located close to Kew Village, in an enviable location with lots of open green spaces nearby. Albany Court is an incredibly desirable address, enhanced by it’s convenient location, with Kew Bridge Station opposite and the A4/M4 routes for central London and the west of England just five minutes drive away.","An immaculate two bedroom first floor apartment, with a lift, in a purpose-built block at the foot of Kew Bridge, close to Strand on the Green with a selection of independent shops, riverside pubs and restaurants.",2,2,1,FLAT,IMMEDIATELY,3000,TWELVE_MONTHS,false,"null",51.488678,-0.286627,CHESTERTONS
827,2025-02-25 15:42:49.340 +0000,d64201b8-8231-4b61-b4e0-755c3b1c5550,Spectrum Way,,London,SW18 4GL,"Spectrum Way, London, SW18 4GL","An impressive two-bedroom, two-bathroom apartment located in the heart of Wandsworth, offering the perfect base for both comfort and convenience. Ideal for those seeking easy access to local amenities and transport links. The building features a 24-hour concierge service for added peace of mind. Inside, the apartment boasts modern appliances, a spacious layout, and a private balcony, providing a relaxed and contemporary living space. The property is moments from a range of vibrant restaurants, bars and the popular Southside Shopping Centre which also has a cinema and many entertainment spaces including Gravity and Strike. Available immediately on a fully furnished basis.",Chestertons are delighted to offer this stylish option to the market for those looking for an apartment with two bedrooms and two bathrooms in the heart of Wandsworth.,2,2,0,FLAT,IMMEDIATELY,3000,LT_SIX_MONTHS,false,"null",51.456177,-0.197214,CHESTERTONS
829,2025-02-25 15:42:50.790 +0000,c2a95f14-7b61-4fcc-8662-4ad942e4c779,"Burnelli Building, 352 Queenstown Road",,London,SW11 8NG,"Burnelli Building, 352 Queenstown Road, London, SW11 8NG","Chestertons are delighted to market this high specification two double bedroom, two bathroom apartment in the  sought after Chelsea Bridge Wharf Development. <br/><br/>The property is offered furnished and has been recently redecorated with new carpets.<br/><br/>Located opposite Battersea Park and next to the River, you are just a short walk from Battersea Power Station, Sloane Square and Queenstown Road & Battersea Park stations.<br/><br/>Please call Chestertons for information on parking.",High specification two double bedroom apartment in the sought Chelsea Bridge Wharf Development opposite Battersea Park. Offered furnished with storage throughout.,2,2,1,FLAT,IMMEDIATELY,3000,SIX_MONTHS,false,"null",51.48107,-0.148163,CHESTERTONS
831,2025-02-25 15:42:51.763 +0000,"76eeffd6-c5cd-4aa2-bbf3-413e29704532","Eamont Court, Shannon Place, St John's Wood",,London,NW8 7DN,"Eamont Court, Shannon Place, St John's Wood, London, NW8 7DN","A well presented two double bedroom apartment in a secure purpose build block which has undergone renovations, within close proximity to St John's Wood High Street.<br/><br/>The property comprises two double bedrooms, one bathroom with full sized bath, fitted kitchen, large reception room and spacious entrance hall. <br/><br/>Additional benefits include communal garden and lift.","A well presented two double bedroom apartment in a secure purpose build block which has undergone renovations, within close proximity to St John's Wood High Street.",2,1,1,FLAT,IMMEDIATELY,3000,SIX_MONTHS,false,"null",51.534673,-0.166347,CHESTERTONS
833,2025-02-25 15:42:52.958 +0000,"7a1dee2e-876a-4cbf-b743-653ec9b621ef","Orchard Road, Richmond",,Surrey,TW9 4AQ,"Orchard Road, Richmond, Surrey, TW9 4AQ","A modern and spacious 2 bedroom property to let on Orchard Road, with an additional study.<br/><br/>The property comprises 2 double bedrooms, 1 additional room / study, 2 bathrooms and a large open plan kitchen and reception room. The property comes unfurnished and is in excellent condition throughout.<br/><br/>Orchard Road is ideally located within a short walk to North Sheen station and local supermarkets and shops.","A modern and spacious 2 bedroom property to let on Orchard Road, with an additional study.",2,2,0,HOUSE,IMMEDIATELY,3000,LT_SIX_MONTHS,false,"null",51.466969,-0.285404,CHESTERTONS
834,2025-02-25 15:42:54.115 +0000,"040e62d7-85d2-4c41-863f-9330a7e955bc",Manchester Road,,London,E14 3FD,"Manchester Road, London, E14 3FD","The property comprises 2 double bedrooms, 2 bathrooms, reception with access to a private balcony. Located at the top of Manchester Road, within walking distance of Canary Wharf, historic Coldharbour & the Gun Pub and South Quay DLR station.","The property comprises 2 double bedrooms, 2 bathrooms, reception with access to a private balcony. Located at the top of Manchester Road, within walking distance of Canary Wharf, historic Coldharbour & the Gun Pub and South Quay DLR station.",2,2,1,FLAT,IMMEDIATELY,3000,LT_SIX_MONTHS,false,"null",51.500211,-0.008521,CHESTERTONS
837,2025-02-25 15:43:04.915 +0000,"076b9d0e-2c68-4e25-8602-509938039016","Yvon House, Alexandra Avenue",,London,SW11 4GA,"Yvon House, Alexandra Avenue, London, SW11 4GA","A well proportioned two bedroom, two bathroom apartment benefiting from modern open plan kitchen reception, spacious double bedrooms with built in storage, a private balcony and two bathrooms (one is en-suite). <br/><br/>The apartment is presented in excellent condition and is situated on the second floor of a gated development with concierge. It is offered furnished and available in April, underground parking is included in the monthly rent.<br/><br/>Superb location, right next to the green spaces of Battersea Park, Yvon House is close to the local shops and eateries of Battersea Park Road, furthermore it is a short walking distance from Battersea Power Station which offers a variety of shopping, food and entertainment options. <br/><br/>In terms of transport, you have Battersea Power Station (Northern line tube), Battersea Park (Train) and Clapham Junction (BR Mainline) available.","The property comprises a large reception room leading to a balcony overlooking the courtyard.  There is a contemporary fully fitted kitchen,2 good size double bedrooms, 1 main bathroom and a further en-suite. There is secure underground parking also.",2,2,1,FLAT,"2025-04-11",2900,TWELVE_MONTHS,false,"null",51.474656,-0.156108,CHESTERTONS
830,2025-02-25 15:42:50.962 +0000,"83de185d-7b5b-4744-b43f-7dc3887dac5a","Oriel Drive, Barnes",,London,SW13 8HG,"Oriel Drive, Barnes, London, SW13 8HG","A well-proportioned first floor apartment, set on the first floor of a modern building, in the renowned gated development, Harrods Village.  The property boasts an allocated parking space and lift access.<br/><br/>Accommodation includes a generous reception room, with space for dining, and a fully-fitted kitchen.  The dual-aspect principal bedroom offers built-in wardrobes and an en-suite bathroom with a bathtub and a separate shower.  The second double bedroom also has built-in wardrobes and large windows.  There is a second bathroom across the hallway and additional cupboard storage space.<br/><br/>Harrods Village is a well-kept community, located close to the River Thames in north Barnes.  It benefits from 24-hour concierge, manicured communal gardens and a residents' leisure suite with a swimming pool, sauna, gym and meeting room.  Necessary amenities and several independent retailers and eateries are available on nearby Castelnau.<br/><br/>There are several local bus routes available from Castelnau and pedestrian access across Hammersmith Bridge provides convenient access to the underground network at Hammersmith.","A well-proportioned apartment with allocated parking in gated Harrods Village.  The property boasts a generous reception room, a modern kitchen, two double bedrooms, two bathrooms, lift access and a residents' swimming pool and gym.",2,2,1,FLAT,IMMEDIATELY,2995,TWELVE_MONTHS,false,"null",51.483818,-0.229524,CHESTERTONS
832,2025-02-25 15:42:52.876 +0000,"3f4062af-29e3-410b-855c-a24b05ac7914","Ashley Mansions, 254 Vauxhall Bridge Road",,London,SW1V 1BS,"Ashley Mansions, 254 Vauxhall Bridge Road, London, SW1V 1BS","A fourth floor property in a red brick mansion block with a lift, located very close to Victoria Main Line and Underground Station. Two large double bedrooms, a spacious bathroom, reception and a separate kitchen. high ceilings throughout.  No Chain. <br/><br/>Ashley Mansions is a sought after mansion block situated on Vauxhall Bridge Road. With Victoria station (Victoria, District and Circle lines, mainline station and Gatwick Express) only moments away. The property is in close proximity to some of London's most famous landmarks as well as a wide range of shops, bars, restaurants, theatres and the beautiful St. James's Park.","A fourth floor property in a red brick mansion block with lift, located very close to Victoria Main Line and Underground Station. Two large double bedrooms, a tiled bathroom, reception with a gas fire and a separate kitchen.",2,2,1,FLAT,IMMEDIATELY,2950,TWELVE_MONTHS,false,"null",51.494522,-0.140757,CHESTERTONS
835,2025-02-25 15:42:54.157 +0000,"74f53f18-f2db-4470-8112-554471317b63",St. Charles Square,,London,W10 6EN,"St. Charles Square, London, W10 6EN","This stunning period apartment offers a modern touch while retaining its original charm. Located moments away from Portobello Road, this two bedroom property comes fully furnished, ready for you to move in and make it your own. The apartment boasts a beautiful garden, perfect for relaxing or entertaining guests. The property has easy access to local amenities, shops, and restaurants. The interior features spacious rooms with ample natural light, creating a warm and inviting atmosphere.","Stylish two bed flat in sought-after location, furnished to a high standard and comes with a with a charming private garden. Moments away from Portobello Road.",2,1,1,FLAT,IMMEDIATELY,2925,LT_SIX_MONTHS,false,"null",51.519638,-0.215494,CHESTERTONS
836,2025-02-25 15:42:55.863 +0000,"8742380d-f397-4037-a8b6-e78d5a11e23f","Island Apartments, 30 Coleman Fields",,London,N1 7BY,"Island Apartments, 30 Coleman Fields, London, N1 7BY","A two double bedroom maisonette set on the ground and first floor of this popular modern development by Taylor Wimpy. <br/><br/>With its own private entrance, the property consists of a large open plan reception room with doors leading onto a private patio, two double bedrooms with build in storage, a modern family bathroom with bath and stand alone shower and a separate guest WC. <br/><br/>The property is light, airy and spacious and is well positioned for access to both Highbury & Islington (National Rail & Victoria line) and Old Street (Northern line).  Angel is also within easy reach along with the amenities of Upper Street.<br/><br/>There is scaffolding currently erected and we are informed this is due to come down in summer 2025 although we have no confirmed end-date.","A two double bedroom maisonette apartment set on the ground and first floor of this popular modern development. With its own private entrance, the property consists of a large open plan reception room, two bedrooms, bathroom and patio",2,1,1,FLAT,"2025-05-06",2900,TWELVE_MONTHS,false,"null",51.538095,-0.094006,CHESTERTONS
838,2025-02-25 15:43:05.725 +0000,adae9b71-1bbb-43bd-aaed-e00975aa8662,"Russell Road, Kensington",,London,W14 8HU,"Russell Road, Kensington, London, W14 8HU","A well presented two bedroom apartment short walk from High Street Kensington and Holland Park. Comprising an open-plan modern kitchen and reception room with wooden floors, two double bedrooms, one with shower room and a separate bathroom. The apartment boasts good storage space and private patio and direct access to communal gardens at the rear.<br/><br/>Russell Road is a pretty tree-lined street conveniently located for Kensington Olympia, Holland Park and local  amenities of High Street Kensington.","A well presented two bedroom apartment short walk from High Street Kensington and Holland Park. Comprising an open-plan modern kitchen and reception room with wooden floors, two double bedrooms, one with shower room and a separate bathroom.",2,2,1,FLAT,"2025-03-20",2800,SIX_MONTHS,false,"null",51.498151,-0.209178,CHESTERTONS
840,2025-02-25 15:43:06.877 +0000,ff99f4af-ea0e-4a54-92f1-179b4f497fcc,Pilot Walk,,London,SE10 0UN,"Pilot Walk, London, SE10 0UN","The property offers two large bedrooms, one being a principle bedroom for maximised privacy as well as an additional bathroom.<br/><br/>Discover this bright and spacious two-bedroom, two-bathroom apartment located in the sought-after Greenwich Peninsula. This property offers a perfect blend of comfort and style, with an open-plan design that maximizes natural light throughout.<br/><br/>The spacious reception area opens directly onto a private balcony, offering outdoor space to enjoy the views and relax. Whether you're entertaining or simply unwinding, this space provides the perfect setting.<br/><br/>Located in the vibrant Greenwich Peninsula, you'll enjoy easy access to local amenities, transport links, and the stunning riverside, making this property a perfect choice for modern living.","The property offers two large bedrooms, one being a principle bedroom for maximised privacy as well as an additional bathroom.",2,2,1,FLAT,IMMEDIATELY,2800,LT_SIX_MONTHS,false,"null",51.458472,0.013733,CHESTERTONS
842,2025-02-25 15:43:08.076 +0000,a9703bae-0a80-49b9-aa0e-db89d796dcb7,"Maurer Court, John Harrison Way",,London,SE10 0SX,"Maurer Court, John Harrison Way, London, SE10 0SX","SHORT LET <br/><br/>Set on the 7th floor, this spectacular apartment boasts 2 spacious double bedrooms, a bright reception room with a modern, fully integrated kitchen and a family bathroom. There is also a spacious,  terrace and 2 resident parking spaces.","SHORT LET / BILLS INC - this spectacular apartment boasts 2 spacious double bedrooms, a bright reception room with a modern, fully integrated kitchen and a family bathroom. There is also a spacious,  terrace and 2 resident parking spaces.",2,1,1,FLAT,"2025-04-28",2800,LT_SIX_MONTHS,true,"null",51.495722,0.015187,CHESTERTONS
839,2025-02-25 15:43:06.221 +0000,"5a503209-be08-4f1d-8b6e-86df97e076f4","Church Gate Court, Steele Road",,London,W4 5BU,"Church Gate Court, Steele Road, London, W4 5BU","Chestertons are delighted to offer this stunning two bedroom two bathroom apartment located in this popular in the heart of Chiswick.<br/><br/>The accommodation comprise; entrance hall with spacious storage cupboard, open plan fully equipped modern fitted kitchen with built in appliances, leading to a lovely & bight reception room featuring a large balcony. The property also offers two double bedrooms with en-suite to master and modern family bathroom with shower over bath. The property also offers two underground parking spaces. All Bills included. <br/><br/>The property is ideally located a short walk away from Acton Town Station and Chiswick Park Station.",Chestertons are delighted to offer this stunning two bedroom two bathroom apartment with underground parking. All bills included.,2,2,1,FLAT,"2025-04-10",2900,LT_SIX_MONTHS,true,"null",51.499125,-0.267009,CHESTERTONS
841,2025-02-25 15:43:07.309 +0000,"0dfd3cfb-ee91-4c6e-bcb0-10a9272f7958","Coriander Court, 20 Gainsford Street",,London,SE1 2PG,"Coriander Court, 20 Gainsford Street, London, SE1 2PG","A charming two bedroom flat set within stunning warehouse conversion in the sought after Shad Thames.<br/>Retaining many of its original industrial features, the property boasts original beams and windows.<br/>The open plan kitchen and reception area creates a specious and airy feel, perfect for both relaxing and entertaining. The fully equipped kitchen offers modern appliances, sleek countertops, and ample storage space.<br/>The reception are is versatile, ideal for creating a comfortable lounge or dinning area. <br/>Both bedrooms are generously size, with the master bedroom featuring built-in storage. The property is completed with a stylish and contemporary bathroom.<br/><br/>Shad Thames is a unique area stepped in history and character situated along the south side of the River Thames. The area is home to London’s most iconic landmark, Tower Bridge and is within the vicinity of many attractions such as The Shard, Tate Modern and Tower of London. Shad Thames boasts a variety of bars and restaurants and is a short walk to the delights of Bermondsey Street, Maltby Street & Borough markets. Although The City is within walking distance the area is well connected with excellent transport links via London Bridge & Tower Hill stations as-well as the river taxi.",A charming two bedroom flat set within stunning warehouse conversion in the sought after Shad Thames.,2,1,1,FLAT,IMMEDIATELY,2900,TWELVE_MONTHS,false,"null",51.502119,-0.072713,CHESTERTONS
843,2025-02-25 15:43:09.071 +0000,e8f100cc-602c-4ffc-a854-b120eb4e48e1,"Hugero Point, 8 Rennie Street",,London,SE10 0GS,"Hugero Point, 8 Rennie Street, London, SE10 0GS","This spacious, dual-aspect apartment is ideally situated on the first floor of the highly desirable Hugero Point development. Offering generous living space, the property features a large reception area seamlessly connected to a sleek, modern kitchen. There are two expansive double bedrooms, a contemporary family bathroom, and an ensuite shower room. Additional highlights include ample storage and a private balcony.<br/><br/>The development is conveniently located just a short walk from North Greenwich Tube station (Jubilee Line), the Emirates Cable Cars, and the O2, which offers a variety of bars, restaurants, and entertainment options. Supermarkets such as Sainsbury’s, Aldi, Asda, and Ikea are also within walking distance. The development itself is home to an excellent primary school, nursery, and Eco park. Residents enjoy concierge services, excellent transport links, and proximity to the O2 Arena.","This spacious, dual-aspect apartment is ideally situated on the first floor of the highly desirable Hugero Point development. The development is conveniently located just a short walk from North Greenwich Tube station, cable cars & the O2.",2,2,1,FLAT,IMMEDIATELY,2885,LT_SIX_MONTHS,false,"null",51.494326,0.017989,CHESTERTONS
845,2025-02-25 15:43:10.541 +0000,b00985d4-6472-4044-9cda-2e76afdb7cfc,Hackford Road,,London,SW9 0RF,"Hackford Road, London, SW9 0RF","A spacious three bedroom top floor Victorian conversion flat conveniently located on a residential road close to Oval comprising; two generously sized double bedrooms, one smaller double bedroom, bright reception room, separate fully fitted kitchen, and modern bathroom. The property further benefits from laminate wood floors and neutral décor throughout. Ideal for three professional sharers.<br/><br/>Hackford Road is ideally located close to an abundance of local shops and bus routes on Clapham Road whilst being equidistant to both Stockwell and Oval Underground Stations which both provide excellent transport links into Central London and The City.","A well maintained three bedroom top floor flat conveniently located on a residential road within walking distance of both Stockwell and Oval Underground stations comprising three bedrooms, bright reception room, separate kitchen, and tiled bathroom.",3,1,1,FLAT,"2025-03-28",2875,TWELVE_MONTHS,false,"null",51.476318,-0.115205,CHESTERTONS
847,2025-02-25 15:43:11.620 +0000,"59c43457-8378-4805-9b1c-eea3b54aa43e","Priory Road, West Hampstead",,London,NW6 3NH,"Priory Road, West Hampstead, London, NW6 3NH","A refurbished spacious 3rd floor apartment in this purpose built block boasting a private balcony, communal gardens and a lift as well as 1 car parking space.  The property is situated in a quiet residential road in West Hampstead, a short walk to the Overground/Underground links of South Hampstead and West Hampstead and the Thames Link into the City. Accommodation comprises reception room with balcony off, fully fitted kitchen, master bedroom with en-suite shower room, further double bedroom, family bathroom. Sole Agent.","A spacious 2 bedroom 3rd floor apartment with balcony, communal gardens and lift as well as parking for 1 car  in this purpose built block in premier residential road in West Hampstead. Sole Agent.",2,2,1,FLAT,"2025-03-22",2860,GT_TWELVE_MONTHS,false,"null",51.541966,-0.189658,CHESTERTONS
850,2025-02-25 15:43:13.618 +0000,"2022e52f-e3e8-4018-9d66-8e873b6b9948","Ireton House, 3 Stamford Square",,London,SW15 2BG,"Ireton House, 3 Stamford Square, London, SW15 2BG","Having been beautifully maintained, this stylish apartment comprises a large kitchen/reception area, two double bedrooms, with an en-suite to the master and a further family bathroom.  The flat benefits from two private balconies, one off the reception are and the other accessed by each of the bedrooms.<br/><br/>Located moments from East Putney Underground Station, as well as Putney Mainline and the amenities of the High Street, this apartment couldn't be better situated.","Situated on the seventh floor of this luxury modern apartment block, this stunning two double bedroom flat offers 800 sq. ft. of contemporary living accommodation. Unfurnished",2,2,1,FLAT,"2025-04-26",2850,LT_SIX_MONTHS,false,"null",51.459238,-0.211275,CHESTERTONS
851,2025-02-25 15:43:14.760 +0000,b3926c37-452e-4435-a89b-0daff09a3c71,"Cosway Mansions, Shroton Street",,London,NW1 6UE,"Cosway Mansions, Shroton Street, London, NW1 6UE","A well presented first floor apartment set within a mansion block in Marylebone, with wood floors throughout and close to Marylebone Train Station and the amenities of Baker Street.<br/><br/>The property comprises two double bedrooms, an open plan living room/kitchen and shower room.<br/><br/>Additional benefits include wooden floors throughout and entry phone system.","A well presented apartment set within a mansion block in Marylebone, with wood floors throughout and close to Marylebone Train Station and the amenities of Baker Street.",2,1,1,FLAT,"2025-04-03",2850,SIX_MONTHS,false,"null",51.522421,-0.166104,CHESTERTONS
844,2025-02-25 15:43:09.787 +0000,e8ef75ce-de0b-4064-a60b-bbdd5c5d87fa,Barclay Road,,London,SW6 1EH,"Barclay Road, London, SW6 1EH","Stylish 3 bed lower ground floor flat with tonnes of character, good size rooms throughout, excellent storage space and the most stunning garden to the rear of the property. Barclay Road sits in a most excellent location along a quiet residential street but one street away from central Fulham, with excellent transport links, shopping, restaurants and Chelsea FC all seconds away.","Stylish 3/2 bed lower ground floor flat with tonnes of character, good size rooms throughout, excellent storage space and the most stunning garden to the rear of the property.",2,2,0,FLAT,IMMEDIATELY,2800,TWELVE_MONTHS,false,"null",51.479149,-0.197547,CHESTERTONS
846,2025-02-25 15:43:10.727 +0000,e83908a0-2dc5-49f2-86e9-4f25919c0586,"Goldsborough House, Wandsworth Road",,London,SW8 2RN,"Goldsborough House, Wandsworth Road, London, SW8 2RN","A fully furnished, three bedroom flat offering plentiful light and space. The property is located near to the amenities of Battersea Powerstation and excellent transport links from Nine Elms and Stockwell.","A fully furnished, three bedroom flat offering plentiful light and space. The property is located near to the amenities of Battersea Powerstation and excellent transport links from Nine Elms and Stockwell.",3,1,0,FLAT,IMMEDIATELY,2750,LT_SIX_MONTHS,false,"null",51.473106,-0.133078,CHESTERTONS
848,2025-02-25 15:43:11.997 +0000,"8e344913-ef24-479f-8e65-884ddb55d98e","Kings Road, East Sheen, London",,UK,SW14 8PF,"Kings Road, East Sheen, London, UK, SW14 8PF","A beautifully presented 2 bedroom cottage in East Sheen within walking distance of Mortlake station. <br/><br/>Downstairs, the property consists of a large bright reception room with wooden floors and a modern fully fitted kitchen. From the kitchen there is access to a large well kept private garden.<br/><br/>On the first floor, there is a modern family bathroom with a free standing bath and two double bedrooms, one including built in wardrobes. <br/><br/>Located in 'The Royals', this stunning cottage is only minutes away from Richmond park, close transport links to Central London and also East Sheen village.",A Two Double Bedroom Cottage located in the Popular Royals area of East Sheen.,2,1,1,FLAT,"2025-04-14",2750,TWELVE_MONTHS,false,"null",51.466103,-0.260198,CHESTERTONS
849,2025-02-25 15:43:13.450 +0000,"220526f1-0e61-4b54-a439-e257f5fbdf76","Seymour Court, 333 Upper Richmond Road",,Putney,SW15 6UB,"Seymour Court, 333 Upper Richmond Road, Putney, SW15 6UB","Spacious & bright 3 bedroom apartment in this purpose built private development located in West Putney. <br/><br/>The property comprises 3 double bedrooms, 2 bathrooms (1 en-suite) eat-in kitchen & expansive reception room with doors leading out to private balcony. <br/><br/>The property further benefits from communal gardens, a lift and off-street parking.<br/><br/>Offered furnished & available in April.","A large three double bedroom, two bathroom flat to rent, extending over 1400sqft with communal gardens, a lift and allocated parking.",3,2,1,FLAT,"2025-04-09",2750,LT_SIX_MONTHS,false,"null",51.463733,-0.233367,CHESTERTONS
852,2025-02-25 15:43:15.121 +0000,c9b62e30-5ac3-4990-b14e-8b52e2ff4eb0,"Moreland Court, Lyndale Avenue",,London,NW2 2PJ,"Moreland Court, Lyndale Avenue, London, NW2 2PJ","A beautifully refurbished 2 bedroom 1st floor apartment in this period mansion block with balcony, communal gardens, high ceilings, wood floors and plenty of storage. The property is situated in an excellent location walking distance to the shops and amenities of Finchley Road (Jubilee Line) with easy access into the City and close proximity to the amenities of West End Lane. Accommodation comprises spacious reception room and dining area with triple aspect and direct access to the balcony, fully fitted kitchen, master bedroom with fitted wardrobes, further double bedroom with fitted wardrobes, refurbished bathroom. Sole Agent.","A beautifully refurbished 2 bedroom 1st floor apartment in this period mansion block with balcony, communal gardens, wood floors, high ceilings and plenty of storage in this excellent location. Sole Agent.",2,1,1,FLAT,IMMEDIATELY,2750,TWELVE_MONTHS,false,"null",51.560358,-0.198122,CHESTERTONS
855,2025-02-25 15:43:17.539 +0000,"1297558c-0f42-427b-937a-78c4e9125a98","Ashburton Triangle, Drayton Park",,London,N5 1GE,"Ashburton Triangle, Drayton Park, London, N5 1GE","Introducing a fantastic tenth-floor flat with unobstructed views of the leafy hills of Highbury. The flat is well-proportioned and is in excellent condition, featuring two double bedrooms and a family bathroom. All the windows and the balcony are south-east facing so the flat gets a lot of natural light.<br/><br/>The flat is superbly located in between Arsenal Underground (Piccadilly Line) and Drayton Park Overground station allowing fantastic direct transport links into the City, King's Cross St. Pancras and Heathrow Airport. Enjoy being minutes away from the cafés, pubs and parks of Highbury Fields, as well as a short walk away from the restaurants of Holloway Road and fashionable Upper Street.<br/><br/>Available NOW, Quick viewing highly recommend",Introducing a fantastic tenth-floor flat with unobstructed views of the leafy hills of Highbury. The flat is well-proportioned and is in excellent condition.,2,1,0,FLAT,IMMEDIATELY,2750,GT_TWELVE_MONTHS,false,"null",51.556898,-0.108268,CHESTERTONS
857,2025-02-25 15:43:19.892 +0000,fbfab7d9-aba2-4e02-acfc-13121c45e518,Colville Gardens,,London,W11 2BA,"Colville Gardens, London, W11 2BA","Located moments away from Portobello Road, this period two bedroom, raised ground floor apartment offers a unique blend of character and convenience. Boasting two double bedrooms, this part-furnished property is perfect for those seeking a cosy yet stylish living space. The apartment features a well-equipped kitchen, a spacious living area and a en suite bathroom. The property is ideally situated close to local amenities, shops, and transport links, making it convenient for daily essentials and commuting. Perfect for professionals or a small family, this charming apartment offers a comfortable and convenient lifestyle in a sought-after location.","Located moments away from Portobello Road, this period two bedroom apartment offers a unique blend of character and convenience. Boasting two double bedrooms, this part-furnished property is perfect for those seeking a cosy yet stylish living",2,2,1,FLAT,IMMEDIATELY,2750,LT_SIX_MONTHS,false,"null",51.515967,-0.202267,CHESTERTONS
859,2025-02-25 15:43:20.802 +0000,"2150f9c5-75ab-4e10-a786-bc790cefde67","Bute Walk, Islington",,London,N1 2QX,"Bute Walk, Islington, London, N1 2QX","An immaculately presented two bedroom split level maisonette with private garden ideally located for Canonbury station close to the New River Path.<br/><br/>The property is finished to a fantastic standard with a fully equipped kitchen, including dishwasher, washer and separate tumble dryer. Open plan living space and also featuring an additional study and ample storage throughout.  There are also two large double bedrooms and modern family bathroom. <br/><br/>Bute Walk is located on Essex Road and has access to direct bus routes in to the city. Both Essex Road and Highbury and Islington Stations are located close by.",An immaculately presented two bedroom split level maisonette with private garden ideally located for Canonbury station close to the New River Path.,2,1,1,FLAT,IMMEDIATELY,2750,TWELVE_MONTHS,false,"null",51.545446,-0.088624,CHESTERTONS
853,2025-02-25 15:43:15.581 +0000,cd02f7b0-c187-4b82-974f-a84fa1c5764c,"Greville Hall, Greville Place, St John's Wood",,London,NW6 5JS,"Greville Hall, Greville Place, St John's Wood, London, NW6 5JS","A spacious two double bedroom apartment situated in this purpose built mansion block moments away from the shops and cafes of Maida Vale and St John's Wood. <br/><br/>The property comprises of; large double bedrooms with fitted wardrobes, master double bedroom with fitted wardrobes and en-suite bathroom; separate family bathroom, large open plan reception room with modern fully fitted kitchen. The block benefits from live in porterage, communal heating & hot water and parking space.",A spacious apartment situated in this purpose built mansion block moments away from the shops and cafes of Maida Vale and St John's Wood. The apartment benefits from communal heating and hot water and parking space.,2,2,1,FLAT,IMMEDIATELY,2850,TWELVE_MONTHS,false,"null",51.53502,-0.187375,CHESTERTONS
854,2025-02-25 15:43:16.734 +0000,"546c3378-18ff-48b6-86a6-52ce7996712f","Artisan Point, 136 Victoria Road",,London,W3 6GG,"Artisan Point, 136 Victoria Road, London, W3 6GG","Chestertons is thrilled to offer this selection of interior designed and curated two-bedroom apartments in this new development, Uncle Acton is ideally positioned in the heart of the Old Oak Common regeneration area and offering stunning views of London.  <br/><br/>These pet-friendly apartments are designed to offer lots of natural light and luxurious comfort. Features include top-spec soundproofing, BoConcept furniture, modern fitted kitchens with top-of-the-range appliances, spacious open-plan reception rooms, built-in wardrobes, underfloor heating throughout, and beautifully designed bathrooms with high-quality fixtures and fittings. ** Several apartments benefit from a sizeable balcony**<br/><br/>Rents starting at £2,700 for the 2 Beds.<br/><br/>The finishing touches on the building are currently underway. Once complete, you will also have access to the fantastic amenity spaces, such as a private gym, roof terrace, and more, which will be released in the course of 2025.  <br/><br/>Uncle Acton is ideally located in Zone 2, it is only 20 minutes from Central London. The Central Line underground services are only a few minutes' walk away at North Acton Station. Elizabeth Line services are accessible from Acton Main Line, which is around a 10-minute walk from the development. They transport you directly to Bond St in 9 minutes, Heathrow in 18 minutes, and Canary Wharf in 25 minutes.<br/><br/>Disclaimer: Photographs of show apartments are for guidance purposes only.","Chestertons is thrilled to offer this selection of interior designed and curated  two-bedroom apartments in this new development, Uncle Acton is ideally positioned in the heart of the Old Oak Common regeneration area.",2,2,1,FLAT,IMMEDIATELY,2800,TWELVE_MONTHS,false,"null",51.521887,-0.257906,CHESTERTONS
856,2025-02-25 15:43:18.534 +0000,"5d460cab-a70c-42d7-8544-03d369329894",Baltimore Wharf,,London,E14 9AQ,"Baltimore Wharf, London, E14 9AQ","A wonderful opportunity to rent a larger than average apartment in the desirable Baltimore Wharf development. Boasting large rooms, very generous storage and spacious balcony. The apartment comprises 2 double bedrooms, 2 bathrooms, open plan fully fitted kitchen and futher benefits from valet parking. The development further benefits from 24 hour porter, gym and is ideally located next to Crossharbour DLR.","Boasting large rooms, very generous storage and spacious balcony. The apartment comprises 2 double bedrooms, 2 bathrooms, open plan fully fitted kitchen and further benefits from valet parking. The development is located next to Crossharbour DLR",2,2,1,FLAT,IMMEDIATELY,2800,LT_SIX_MONTHS,false,"null",51.497186,-0.015297,CHESTERTONS
858,2025-02-25 15:43:20.492 +0000,efff0330-0a52-42e1-bfd8-d786f8b1e5e7,Long Walk,,London,SE1 3NQ,"Long Walk, London, SE1 3NQ","A stylish and beautifully presented two-bedroom duplex penthouse apartment on the upper floors of a modern residential development.  <br/><br/>On the entrance floor the property boasts a substantial entrance hallway, two double bedrooms, one with an en suite shower room and a family bathroom, tiled and fitted with a three-piece suite. The top floor provides a large reception room with floor to ceiling glass that floods the space with natural light and provides access to a south facing balcony. The semi open plan kitchen is fitted with gloss cabinets and modern appliances.<br/> <br/>Zeno Court is ideally located for quick and easy access to Bermondsey Street, Maltby Street market, Tanner Street Park, Shad Thames, Bermondsey Square and Borough Market.   <br/><br/>Nearby transport links at London Bridge and Bermondsey Stations provide access for Jubilee and Northern underground lines plus National Rail.",A stylish two-bedroom two bathroom duplex penthouse apartment in a modern development moments from the fashionable Bermondsey Street.,2,2,1,FLAT,"2025-03-18",2800,TWELVE_MONTHS,false,"null",51.497342,-0.079772,CHESTERTONS
861,2025-02-25 15:43:28.776 +0000,"40518fc1-bb9f-402f-87c0-d1a1b7bb7ceb","Astley House, 42 Trinity Church Road, Barnes",,London,SW13 8EA,"Astley House, 42 Trinity Church Road, Barnes, London, SW13 8EA","A generous apartment on the first floor of Astley House on Trinity Church Road in Barnes Waterside, with ample storage and a lift.<br/><br/>The property offers a large entrance hall, a separate fully-fitted kitchen and a light and spacious reception room with dining area and French doors to a small conservatory which leads onto a private South West facing balcony.  There is a master bedroom with fitted wardrobes and an en-suite bathroom with a separate shower, a second double bedroom and a further separate shower room.   <br/><br/>Astley House is well-maintained and has a secure entry system.  Its location in North Barnes is close to the river Thames and Hammersmith Bridge and is convenient for access to bus and underground routes from Hammersmith Bus Station and Broadway.  Schools in the area include St Paul's School, The Harrodian and The Swedish School.","A generous first floor apartment, in Barnes Waterside, with two bedrooms, two bathrooms, a small conservatory and south west facing balcony.  Conveniently located for local schools and for commuting via Hammersmith Station.",2,2,1,FLAT,"2025-03-06",2750,TWELVE_MONTHS,false,"null",51.483321,-0.230537,CHESTERTONS
862,2025-02-25 15:43:29.844 +0000,"231b74cf-dcdd-460d-91be-ac9982875629","Corringham Court, Corringham Road",,London,NW11 7BY,"Corringham Court, Corringham Road, London, NW11 7BY","A spacious 3 bedroom ground floor apartment in this purpose built block situated in an excellent location close to shops and restaurants and Underground Station (Northern Line) of Golders Green, moments' away from Hampstead Heath.  The property has the benefit of wood floors, private off street parking space for 1 car and manicured communal gardens. Accommodation comprises reception room, fully fitted kitchen with breakfast bar, 3 double bedrooms, family bathroom, plenty of storage.","**HMO** Spacious 3 bedroom ground floor apartment in purpose built block with manicured communal gardens and private parking for 1 car, short walk to Hampstead Heath.",3,1,1,FLAT,IMMEDIATELY,2750,GT_TWELVE_MONTHS,false,"null",51.573973,-0.191042,CHESTERTONS
930,2025-02-25 15:44:27.761 +0000,e0bbb6f0-6aa5-40f1-81d4-08e6c42965ff,Chester Close,,London,TW10 6NR,"Chester Close, Richmond, TW10 6NR","Spacious and well presented flat, just a short walk from the town centre. The property has two large double bedrooms, a large reception room leading out to a private balcony and separate dining area. There is a spacious family bathroom with separate shower and a modern eat-in kitchen. The property further benefits from a private garage. EPC = C","Spacious and well presented flat, just a short walk from the town centre.",2,1,1,FLAT,"2025-03-10",2300,TWELVE_MONTHS,false,"null",51.456841,-0.294247,CHESTERTONS
860,2025-02-25 15:43:21.984 +0000,"136a4d8f-efdf-4a7c-bfda-7a026bbd2dc6","Bartonway, 27-32 Queens Terrace, St John's Wood",,London,NW8 6DY,"Bartonway, 27-32 Queens Terrace, St John's Wood, London, NW8 6DY","A spacious and modern ground floor apartment within close proximity to St John's Wood High Street and Underground Station situated in a purpose built block.<br/><br/>The property comprises two double bedrooms, fitted kitchen, bathroom and reception room with double doors that lead to the communal garden.<br/><br/>Additional benefits include wooden flooring and pets being considered at the landlords discretion.",A spacious and modern ground floor apartment within close proximity to St John's Wood High Street and Underground Station situated in a purpose built block.,2,1,1,FLAT,"2025-04-26",2750,SIX_MONTHS,false,"null",51.536028,-0.174984,CHESTERTONS
863,2025-02-25 15:43:30.625 +0000,"9c505916-f9e8-4866-bd82-f1fa92ef4136",Grinstead Road,,London,SE8 5FN,"Grinstead Road, London, SE8 5FN","An exceptional new build-to-rent development in Deptford, offering modern, high-spec 1, 1.5, 2 and 3 bedroom apartments with fantastic connectivity to central London.<br/><br/>Key Features:<br/>- Choice of furnished or unfurnished apartments<br/>- Private balcony or terrace in every home<br/>- Ultra-fast 1GB Wi-Fi included<br/>- Pet-friendly development<br/>- Secure cycle storage<br/>- Off-street parking available (at an additional cost) <br/>- Beautiful communal gardens<br/> - Residents' amenities including a lounge, co-working space & 24/7 on-site management<br/><br/>Location & Connectivity:<br/>This development is ideally situated for easy access to Canary Wharf, London Bridge, and The City:<br/>- 6 minutes to Canary Wharf<br/>- 7 minutes to London Bridge<br/>- 10 minutes to Whitechapel (Elizabeth Line)<br/>- 12 minutes to Bank<br/><br/>Surrounded by green spaces, including Deptford Park and Folkestone Gardens, the development offers a perfect balance of city living and natural retreat. Nearby, you’ll find a vibrant cultural scene, bustling markets, and waterside dining at Greenland Dock and Surrey Quays.<br/><br/>Viewing & Enquiries:<br/>Don't miss out on this fantastic opportunity! Contact us today to book your viewing.<br/><br/>Disclaimer: The images shown are of the show apartment and are for illustrative purposes only. Layouts and finishes may vary.","An exceptional new build-to-rent development in Deptford, offering modern, high-spec 1, 2 and 3 bedroom apartments with fantastic connectivity to central London.<br/><br/>2 bedroom units range from £2600 to £2840 per month",2,2,1,FLAT,"2025-03-10",2600,TWELVE_MONTHS,false,"null",51.480847,-0.026368,CHESTERTONS
865,2025-02-25 15:43:32.236 +0000,c6e2be5d-4ddc-46ba-b46e-8c9ffcc2f3a9,Gunwhale Close,,London,SE16 6BS,"Gunwhale Close, London, SE16 6BS",A three double bedroom and two bathroom house within short walk of Canada Water tube and Rotherhithe station.,A three double bedroom and two bathroom house within short walk of Canada Water tube and Rotherhithe station.,3,2,1,FLAT,"2025-03-08",2600,TWELVE_MONTHS,false,"null",51.502781,-0.044719,CHESTERTONS
868,2025-02-25 15:43:33.609 +0000,"5c7ff68a-80ce-4652-87cf-8297fb33aee7","Gayton Road, Hampstead",,London,NW3 1TX,"Gayton Road, Hampstead, London, NW3 1TX","*VIDEO TOUR AVAILABLE*.A delightful 2 bedroom raised ground floor apartment in this period conversion.  The property is situated in a prime location in the heart of Hampstead within walking distance to the smart shops and amenities of Hampstead High Street and within close proximity to Heath Extension.  Accommodation comprises reception room, kitchen, master bedroom, small double bedroom, family bathroom. Sole Agent.",*VIDEO TOUR AVAILABLE*. A delightful 2 bedroom raised ground floor apartment in a period conversion in this prime location in the heart of Hampstead within walking distance to the smart shops and amenities of Hampstead High Street. Sole Agent.,2,1,1,FLAT,IMMEDIATELY,2600,GT_TWELVE_MONTHS,false,"null",51.556448,-0.175982,CHESTERTONS
871,2025-02-25 15:43:35.907 +0000,"9135ed0b-ade3-4e68-a659-3ece38dd9caa",Kelvedon Road,,London,SW6 5BW,"Kelvedon Road, London, SW6 5BW","A fantastic two bedroom property ideally located moments from Fulham Broadway and Parsons Green. This lovely flat further benefits from an open plan kitchen, wooden flooring and private roof terrace.<br/><br/>This property is offered furnished.<br/><br/>Kelvedon Road is located just off the Fulham Road and is a short walk from Parsons Green and Fulham Broadway, ideal for transport links and local amenities including supermarkets, shops, bars and restaurants.","A fantastic two bedroom property ideally located moments from Fulham Broadway and Parsons Green. This lovely flat further benefits from an open plan kitchen, wooden flooring and private roof terrace.",2,1,1,FLAT,"2025-04-24",2600,TWELVE_MONTHS,false,"null",51.478487,-0.203592,CHESTERTONS
872,2025-02-25 15:43:36.694 +0000,d7aa6a19-88be-41f1-a3a8-81a6019e6ed6,"Cowdenbeath Path, Islington",,London,N1 0LF,"Cowdenbeath Path, Islington, London, N1 0LF","Tremendously spacious and bright two double bedroom garden maisonette arranged over the lower and ground floors of this secure development close to Kings Cross station with Coal Drops Yard & Granary Square within easy reach.<br/><br/>The property is presented very well boasting 2 double bedrooms, bathroom, large reception / dinning room and fantastic separate  kitchen, as well as ample storage with cupboard at the top of the stairs which could equally be used as a utility room and access to a private rear patio garden. The development further benefits from landscaped communal gardens.<br/><br/>Positioned to the North of Kings Cross, the property is exceptionally well located not only for access to one of London's most convenient and biggest transport hubs, with links across London and indeed to Europe, but also to benefit from the vast investment and regeneration that the area is currently undergoing including the shopping hub of Coal Drops Yard and the open spaces of Granary Square.",A spacious 2 double bedroom garden maisonette within a secure gated development and located close to a wealth of shops and amenities on Caledonian Road and Kings Cross. Transport can be found at Caledonian Road & Kings Cross.,2,1,1,FLAT,IMMEDIATELY,2600,TWELVE_MONTHS,false,"null",51.53877,-0.118831,CHESTERTONS
875,2025-02-25 15:43:38.325 +0000,"180bd6d4-c889-46a0-9280-228b1af96801","Hera Court, Homer Drive",,London,E14 3UJ,"Hera Court, Homer Drive, London, E14 3UJ","A large, 939sq ft, 1st floor 2 bedroom 2 bathroom apartment with a terrace of approximately 400sq ft in the secure Cyclops Wharf development.  The development is located off Westferry Road, within half a mile from Mudchute DLR station & benefits from excellent facilities including: 24 hour concierge, swimming pool & gym.  The property is offered in good internal condition, benefits from secure parking.<br/><br/>Bus Routes to Canary Wharf also run approximately every two minutes.","A large, 939sq ft, 1st floor 2 bedroom 2 bathroom apartment with a terrace of approximately 400sq ft in the secure Cyclops Wharf development. Located off Westferry Road, & benefitting from excellent facilities including: 24hr concierge, gym & pool.",2,2,1,FLAT,"2025-03-30",2600,LT_SIX_MONTHS,false,"null",51.491215,-0.025311,CHESTERTONS
928,2025-02-25 15:44:26.326 +0000,"2358c0be-2d0c-42bd-b694-8b17e0ab2562",Windmill Road,,London,SW18 2EU,"Windmill Road, London, SW18 2EU","A two double bedroom apartment well located close to Wandsworth Common and Clapham Junction. This spacious property boasts a large open plan reception/kitchen leading on to a large garden, two good size double bedrooms as well as a further study room and a modern bathroom.",A 2 bedroom apartment well located close to Wandsworth Common and Clapham Junction. This spacious property boasts a large open plan reception/kitchen leading on to a large garden and 2 good size double bedrooms.,2,1,1,FLAT,"2025-04-30",2300,TWELVE_MONTHS,false,"null",51.453268,-0.178286,CHESTERTONS
864,2025-02-25 15:43:31.373 +0000,"677f3316-aada-4897-ba46-3b95301524f9","Mediterranean House, 175 Wandsworth High Street",,London,SW18 4JB,"Mediterranean House, 175 Wandsworth High Street, London, SW18 4JB","Spacious and modern two bedroom, three bathroom apartment. <br/><br/>The property is located on the second floor of this purpose built block and comprises two double bedrooms both benefiting from built in wardrobes, two bathrooms, spacious open plan kitchen and dining room leading to private balcony. <br/><br/>The property has been finished to a very high standard and benefits from underfloor heating, marble work surfaces, Miele and Smeg appliances, separated WC for visitors, built in desk in the living room and separate utility cupboard.<br/><br/>The property is located in the heart of Wandsworth close to Southside Shopping centre with its many shops, eateries and Gravity entertainment area.  You are a short walk away from Wandsworth Town Station but also have many bus routes on your door step.","The property is located on the second floor of this purpose built block and comprises two double bedrooms both benefiting from built in wardrobes, two bathrooms, spacious open plan kitchen and dining room leading to private balcony.",2,2,0,FLAT,IMMEDIATELY,2750,TWELVE_MONTHS,false,"null",51.457174,-0.195898,CHESTERTONS
866,2025-02-25 15:43:32.536 +0000,ba76738a-5c7e-4c71-b183-8eb11d342f69,"Hive House, 18 Capital Interchange Way, Brentford",,Middlesex,TW8 0SL,"Hive House, 18 Capital Interchange Way, Brentford, Middlesex, TW8 0SL","A brand new 2 bedroom, 2 bathroom apartment to let in Hive House, part of the new Verdo development in Kew Bridge.<br/><br/>The property comprises 2 bedrooms, 2 bathrooms and a large open plan kitchen and reception.<br/><br/>Further benefits include a balcony and access to the residents facilities including a private gym, cinema room, concierge, residents lounge, wework space and communal gardens.","A luxury, bright and spacious brand new 2 bedroom, 2 bathroom apartment to let in Hive House, within the new Verdo development at Kew Bridge.",2,2,0,FLAT,IMMEDIATELY,2750,LT_SIX_MONTHS,false,"null",51.485699,-0.308578,CHESTERTONS
867,2025-02-25 15:43:33.426 +0000,"233629f4-5787-4540-91bd-bc2754acd866",Grinstead Road,,London,SE8 5FN,"Grinstead Road, London, SE8 5FN","An exceptional new build-to-rent development in Deptford, offering modern, high-spec 1, 1.5, 2 and 3 bedroom apartments with fantastic connectivity to central London.<br/><br/>Key Features:<br/>- Choice of furnished or unfurnished apartments<br/>- Private balcony or terrace in every home<br/>- Ultra-fast 1GB Wi-Fi included<br/>- Pet-friendly development<br/>- Secure cycle storage<br/>- Off-street parking available (at an additional cost) <br/>- Beautiful communal gardens<br/> - Residents' amenities including a lounge, co-working space & 24/7 on-site management<br/><br/>Location & Connectivity:<br/>This development is ideally situated for easy access to Canary Wharf, London Bridge, and The City:<br/>- 6 minutes to Canary Wharf<br/>- 7 minutes to London Bridge<br/>- 10 minutes to Whitechapel (Elizabeth Line)<br/>- 12 minutes to Bank<br/><br/>Surrounded by green spaces, including Deptford Park and Folkestone Gardens, the development offers a perfect balance of city living and natural retreat. Nearby, you’ll find a vibrant cultural scene, bustling markets, and waterside dining at Greenland Dock and Surrey Quays.<br/><br/>Viewing & Enquiries:<br/>Don't miss out on this fantastic opportunity! Contact us today to book your viewing.<br/><br/>Disclaimer: The images shown are of the show apartment and are for illustrative purposes only. Layouts and finishes may vary.","An exceptional new build-to-rent development in Deptford, offering modern, high-spec 1,  2 and 3 bedroom apartments with fantastic connectivity to central London.<br/><br/>3 bedroom units range from £2700 to £2950 per month",3,2,1,FLAT,"2025-03-10",2700,TWELVE_MONTHS,false,"null",51.480847,-0.026368,CHESTERTONS
869,2025-02-25 15:43:34.588 +0000,fc481011-3368-45eb-b94c-fbe8369eda69,Ingelow Road,,London,SW8 3PE,"Ingelow Road, London, SW8 3PE","A recently refurbished two bedroom, ground floor maisonette situated close to Battersea Park. The property has been neutrally decorated throughout and benefits from a private entrance, wooden floors throughout and comprises two good sized double bedrooms, spacious reception room, separate fully fitted kitchen and modern shower room. The property further boasts a private patio garden.<br/><br/>Located on Ingelow Road, the property is moments away from the picturesque Battersea Park and close to both Queenstown Road and Battersea Park Stations which provide easy access into Central London. The many shops and cafes of Battersea Park Road can be found within easy reach whilst the new Battersea Power Station development and Underground Station (Northern Line) can be found within close proximity.","A recently refurbished two double bedroom, ground floor maisonette with private garden located on a residential road close to Battersea Park. The property benefits from wooden floors, a separate fully fitted kitchen and modern shower room.",2,1,1,FLAT,IMMEDIATELY,2700,TWELVE_MONTHS,false,"null",51.469319,-0.150582,CHESTERTONS
870,2025-02-25 15:43:35.516 +0000,e569e127-2d21-49ed-8ba6-7155bccd1549,"Bronze Building, 18 Buckhold Road",,London,SW18 4RG,"Bronze Building, 18 Buckhold Road, London, SW18 4RG","Spacious two double bedroom apartment located on the iconic ‘Bronze’ development. This stylish apartment offers in excess of 790 sq. ft. of living space, is finished to a high specification throughout and a private balcony overlooking King George’s park.<br/><br/>'Bronze' is a brand new development situated within the heart of Wandsworth and benefits from a residents roof terrace with children’s play area and day time concierge. It is also well situated opposite the green spaces of King George’s Park and moments away from the local shops, gymnasiums and restaurants.","Spacious two double bedroom apartment located on the iconic ‘Bronze’ development. This stylish apartment offers in excess of 790 sq. ft. of living space, is finished to a high specification throughout and a private balcony overlooking King George’s.",2,2,1,FLAT,IMMEDIATELY,2700,LT_SIX_MONTHS,false,"null",51.455887,-0.196491,CHESTERTONS
873,2025-02-25 15:43:36.738 +0000,aba85728-9166-456c-926e-a3b8b82f0817,"Jessel House, Page Street",,London,SW1P 4BJ,"Jessel House, Page Street, London, SW1P 4BJ","Exclusive to Chestertons. A newly refurbished two double bedrooms apartment benefiting from wooden floors throughout, spacious reception room, separate modern kitchen and bathroom. The property is located conveniently between St James, Victoria and Pimlico Underground Stations.","Exclusive to Chestertons. A newly refurbished two double bedrooms apartment benefiting from wooden floors throughout, spacious reception room, separate modern kitchen and bathroom. Located conveniently between St James, Victoria and Pimlico Stations.",2,1,1,FLAT,"2025-03-29",2700,TWELVE_MONTHS,false,"null",51.493034,-0.131482,CHESTERTONS
906,2025-02-25 15:44:07.420 +0000,"18e41803-3078-4258-b1bb-ec6d07eb9971","Arthur Henderson House, Fulham Road",,London,SW6 4JU,"Arthur Henderson House, Fulham Road, London, SW6 4JU","A fantastic two double bedroom apartment located on Fulham Road, comprising two double bedrooms, bathroom, WC, separate kitchen/diner and  a reception room leading on to a private balcony.<br/><br/>This property is located close to the transport links of Parsons Green and Fulham Broadway and the amenities of Fulham Road.","A fantastic two double bedroom apartment located on Fulham Road, comprising two double bedrooms, bathroom, WC, separate kitchen/diner and  a reception room leading on to a private balcony.",2,1,1,FLAT,"2025-03-31",2500,LT_SIX_MONTHS,false,"null",51.473609,-0.207427,CHESTERTONS
874,2025-02-25 15:43:37.886 +0000,"55f790b6-6a7d-41a7-97cf-6a02bb711e83",Denbigh Street,,London,SW1V 2EX,"Denbigh Street, London, SW1V 2EX","This beautiful two bedroom flat is situated on the first floor of an in a beautiful Victorian terraced house in the Heart of Pimlico. <br/><br/>The reception room is flooded with natural light through the floor to ceiling windows, semi-open plan modern kitchen, two bedrooms, one shower room, with access to a large roof terrace from the main bedroom.<br/><br/>Transport links are second to none with Victoria Station located just walking distance away. Frequent bus services are also available in and out of Central London. <br/><br/> Managed by Chestertons.","The reception room is flooded with natural light through the floor to ceiling windows, semi-open plan modern kitchen, two bedrooms, one shower room, with access to a large roof terrace from the main bedroom. Managed by Chestertons.",2,1,1,FLAT,IMMEDIATELY,2700,TWELVE_MONTHS,false,"null",51.489064,-0.138491,CHESTERTONS
877,2025-02-25 15:43:39.641 +0000,dd7d74ba-1434-46da-abe8-02b148d2ab5d,"Maskelyne Close, London",,UK,SW11 4AE,"Maskelyne Close, London, UK, SW11 4AE","Three bedroom split level apartment positioned a short walk to Battersea Park and Clapham Junction. The property comprises three bedrooms, bathroom and sperate WC, large kitchen and separate reception room and balcony.  <br/><br/>At circa 825sqft this is a well-balanced well-presented apartment just a short walk from Clapham Junction Station and Kings Road, Chelsea.",Three bedroom split level apartment positioned a short walk  Battersea Park.  At circa 825sqft this is a well-balanced well-presented apartment with Clapham Junction Station and the kings road are a short walk away.,3,1,1,FLAT,"2025-04-01",2695,TWELVE_MONTHS,false,"null",51.476479,-0.165257,CHESTERTONS
879,2025-02-25 15:43:41.378 +0000,a3a9ec06-161a-4192-84e3-8ee6f2adcbd0,Cobalt Place,,London,SW11 3DD,"Cobalt Place, London, SW11 3DD","An impressive two double bedroom, two bathroom apartment located in Cobalt Place, a modern development just moments from Battersea Square. Kept in immaculate condition throughout, the property comprises two large double bedrooms, two bathrooms, open plan reception and kitchen and a large balcony. Private off street car parking space available in consultation.<br/><br/>This beautifully presented and well proportioned apartment is situated on the third floor of this popular block in a superb position offering easy access to Battersea Square and to Battersea Park. The property features two double bedrooms and two bathrooms (one en-suite) and a spacious reception with open plan fully integrated modern kitchen. The reception opens onto a private balcony with views across London. Cobalt Place is a modern development in a superb position close to the shops and restaurants of Battersea Square, including Gail's Bakery and London House by Gordon Ramsay, and Battersea High Street, where the notable Thomas' School is situated and Battersea Park with its 200 acres of open spaces and recreational facilities is easily accessible. There is a bus stop close by with links to Victoria and both Chelsea and Clapham Junction are less than a mile away.",Bright and modern two double bedroom apartment with two bathrooms. The apartment offers an open plan reception and kitchen with a large balcony. Private off street car parking space available in consultation.,2,2,0,FLAT,IMMEDIATELY,2650,TWELVE_MONTHS,false,"null",51.47461,-0.172588,CHESTERTONS
881,2025-02-25 15:43:43.074 +0000,"65d2a8c6-47a7-4003-a2b2-2541eab652b4","Bartholomew House, 4 Southern Row, Notting Hill",,London,W10 5AG,"Bartholomew House, 4 Southern Row, Notting Hill, London, W10 5AG","Located just moments away from Portobello Road, this stunning upper floor apartment offers a modern and luxurious living experience. The property boasts two double bedrooms, making it ideal for small families or professionals looking for a stylish urban retreat. The apartment comes fully furnished with contemporary fixtures and fittings, creating a comfortable and inviting atmosphere. <br/><br/>Featuring a private wrap around terrace, residents can enjoy breath-taking views. With it's prime location, this apartment offers the perfect blend of style and functionality for those seeking a sophisticated urban lifestyle.","This elegant upper floor apartment is a modern, new build featuring two bedrooms and tasteful furnishings. The apartment boasts a large wrap around terrace with incredible views, two modern bathrooms and two double bedrooms.",2,2,1,FLAT,IMMEDIATELY,2650,LT_SIX_MONTHS,false,"null",51.52423,-0.209909,CHESTERTONS
885,2025-02-25 15:43:52.170 +0000,c5af03be-0c83-4b88-ab36-f300f291ccbe,Centenary Plaza,,London,SO19 9UG,"Centenary Plaza, Southampton, SO19 9UG","Seize the opportunity to rent a stunning 2-bedroom penthouse apartment in one of Southampton's most prestigious locations, overlooking the breathtaking Solent. With modern conveniences and exceptional views, these apartments are perfect for anyone seeking a blend of comfort and style.<br/><br/>Location Highlights:<br/><br/>Just 0.5 miles from Woolston train station, offering regular services to Southampton Central, Portsmouth, and Southsea.<br/><br/>Convenient access to London Waterloo in under two hours by train.<br/><br/>A short walk to the vibrant Quayside, featuring a variety of wine bars, coffee shops, pubs, and a 24-hour gym (Snap Fitness).<br/><br/>Apartment Features:<br/><br/>Spacious, contemporary designs with clever storage solutions.<br/>Integrated appliances, including washer/dryers and sleek Silestone countertops.<br/>Electric heating and secure fob entry for peace of mind.<br/>Building Amenities: Enjoy a range of thoughtfully designed amenities, including:<br/><br/>Residents' lounge and terrace<br/>Co-working spaces<br/>Gym and fitness studio<br/><br/>Pricing:<br/><br/>Apartments range from £1,695 to £2,445 per month.<br/>Additional Information:<br/><br/>Pet-friendly: £70.00 pcm<br/>Wi-Fi: £40.00 pcm<br/>Parking available from: £50.00 pcm<br/>Furniture packages available from: £200.00 pcm<br/>Council Tax: Southampton (bands TBC)<br/><br/>Incentives: Please note that incentives are available on select apartments for early securing. For more information, contact our team today!<br/><br/>EPC rating: B  to C depending on the flat.<br/><br/>Disclaimer: Photographs of show apartments are for guidance purposes only.",A selection of brand new 2 bedroom luxury penthouse flats with balconies in this brand new professionally managed waterside development in Woolston benefiting from a gym and yoga studio; residents lounge and kitchen; co-working spaces and a quayside.,2,2,1,FLAT,IMMEDIATELY,2521,TWELVE_MONTHS,false,"null",50.894502,-1.383193,CHESTERTONS
886,2025-02-25 15:43:53.743 +0000,"53887292-27a9-49e1-9ba2-c3e4ad80a539","Abercorn Place, St John's Wood",,London,NW8 9DT,"Abercorn Place, St John's Wood, London, NW8 9DT","A modernised two bedroom property set on the fifth floor of a secure portered block in central St John's Wood. <br/><br/>The property has wood floors throughout and comprises; two bedrooms, reception room with modern open plan kitchen, bathroom, and 24hr porterage. The property further benefits from heating & hot water being included in the rent.",A modernised apartment set on the fifth floor of a secure portered block in central St John's Wood. The property further benefits from heating & hot water being included in the rent.,2,1,1,FLAT,IMMEDIATELY,2500,SIX_MONTHS,false,"null",51.533176,-0.180044,CHESTERTONS
887,2025-02-25 15:43:54.686 +0000,c575e248-a437-4985-abd9-52bcd7b48d14,London,,London,SW4 9BX,"London, SW4 9BX","","A spacious two bedroom flat with private roof terrace and unrivalled views of Clapham Common. Located on the ever popular southside, the property is moments from Abbeville Village, Clapham South, and Clapham Common.",2,1,1,FLAT,"2025-03-18",2500,LT_SIX_MONTHS,false,"null",51.457924,-0.140203,CHESTERTONS
876,2025-02-25 15:43:39.641 +0000,af443dfe-ff03-4cb3-98a1-15e0112dbf88,"Greencroft Gardens, South Hampstead",,London,NW6 3LU,"Greencroft Gardens, South Hampstead, London, NW6 3LU","*VIDEO TOUR AVAILABLE*. A neutrally refurbished 2 bedroom apartment on the lower ground floor of this period building benefiting from its own private entrance, wood floors throughout and a private patio garden leading to large communal gardens.  The property is situated in the heart of South Hampstead within close proximity to all the shopping facilities of the 02 Centre, Finchley Road (Jubilee Line).  Accommodation comprises entrance hall with storage cupboard, reception room and dining area, fully fitted kitchen, master bedroom with fitted wardrobes and direct access to the rear terrace leading to the communal gardens, single bedroom, brand new bathroom, brand new shower room, utility cupboard.","*VIDEO TOUR AVAILABLE*. A neutrally refurbished 2 bedroom lower ground floor apartment with its own private entrance, wood floors throughout and a private patio garden leading to large communal gardens in South Hampstead.",2,2,1,FLAT,"2025-03-28",2600,GT_TWELVE_MONTHS,false,"null",51.544672,-0.182008,CHESTERTONS
878,2025-02-25 15:43:41.233 +0000,"925bed9e-380c-4b7c-8192-960ad11b3509","City View Apartments, Devan Grove",,London,N4 2GP,"City View Apartments, Devan Grove, London, N4 2GP","Fantastic two bedroom apartment in the superb Woodberry Grove Development close to Finsbury Park Station.  Boasting lots of light throughout with stellar interiors the property offers a large reception room leading to a balcony with City Views.  Both bedrooms are doubles with 2 stylish bathrooms. Ample storage included.<br/>24hr concierge service.<br/><br/>The development further benefits from a large communal roof terrace. City View Apartments is well positioned for access to Essex Road station, the bus routes of Essex Road, Canonbury Road and New North Road. The peace and tranquillity of New River Walk with its wildlife is only moments away. Essex Road is superbly positioned and affords easy access to the transport at Highbury & Islington (National Rail & Victoria Line), Canonbury station and Dalston Junction (both London Overground). The extensive shops, restaurants and bars of Upper Street are close by, with the local conveniences of Tesco’s and Sainsbury’s on Essex Road itself.","Fantastic 2 bedroom apartment in the superb Woodberry Grove Development by Finsbury Park.  Boasting lots of light, storage, 2 double bedrooms, bathrooms and balcony.  24hr Concierge Service.",2,2,1,FLAT,"2025-05-14",2600,TWELVE_MONTHS,false,"null",51.571551,-0.089201,CHESTERTONS
880,2025-02-25 15:43:42.253 +0000,"243cc885-d75b-4628-bb0c-f84388f5f2e2","Turner House, Townshend Estate",,London,NW8 6LN,"Turner House, Townshend Estate, London, NW8 6LN","A spacious two bedroom apartment in a secure purpose built block, within close proximity to St John's Wood High Street and Underground Station.<br/><br/>The property comprises two double bedrooms, bathroom, fitted kitchen and spacious reception room with balcony.<br/><br/>Additionally the property is offered furnished and has a lift.","A spacious two bedroom apartment in a secure purpose built block, within close proximity to St John's Wood High Street and Underground Station.",2,1,1,FLAT,"2025-04-01",2600,SIX_MONTHS,false,"null",51.535716,-0.16708,CHESTERTONS
882,2025-02-25 15:43:43.593 +0000,c28d5afd-029a-4004-b513-d4062130351f,"Thistley Court, Glaisher Street",,London,SE8 3JW,"Thistley Court, Glaisher Street, London, SE8 3JW","The property is enviably located in a peaceful residential area, close to a selection of local shops and amenities. Cutty Sark, Greenwich and Deptford Stations area all nearby for a choice of reliable transport links<br/><br/>Set on the Thames riverside, this excellent 2nd floor 2 bedroom apartment offers spacious and light-filled interiors finished to good modern standard, benefitting an Ensuite main bedroom and good storage space.","SHORT LET - Set on the Thames riverside, this excellent second floor two-bedroom apartment offers spacious and light-filled interiors finished to good modern standard, benefitting from an en-suite main bedroom and good storage space.",2,2,1,FLAT,IMMEDIATELY,2600,LT_SIX_MONTHS,false,"null",51.483458,-0.020814,CHESTERTONS
883,2025-02-25 15:43:45.525 +0000,bedecd87-537d-4248-abe7-27203c00d95d,"Iris House, 12 Hemlock Street",,London,E14 0XY,"Iris House, 12 Hemlock Street, London, E14 0XY","A large two bedroom, two bathroom in the popular development, Poplar Riverside, E14. This property benefits from exceptionally modern finishes, floor to ceiling glass windows, and offers a free shuttle-bus into Canary Wharf. Offered furnished.","A large two bedroom, two bathroom in the popular development, Poplar Riverside, E14. This property benefits from exceptionally modern finishes, floor to ceiling glass windows, and offers a free shuttle-bus into Canary Wharf. Offered furnished.",2,2,1,FLAT,"2025-05-01",2550,SIX_MONTHS,false,"null",51.515653,-0.003278,CHESTERTONS
884,2025-02-25 15:43:47.373 +0000,"1dda80d7-ab12-4b18-83bd-32b1d9c3f5d4","Oyster Wharf, 18 Lombard Road",,London,SW11 3RR,"Oyster Wharf, 18 Lombard Road, London, SW11 3RR","A well-presented sixth floor riverside apartment within the popular Oyster Wharf development. Benefiting from two double bedrooms, spacious master bedroom with en-suite, open place reception with river view and a modern kitchen and family bathroom. The property also benefits from a designated underground parking space. <br/><br/>Residents benefit from an onsite concierge and gym facilities. Located a short walk to Clapham Junction Station and the cafe's bar's and restaurants of Battersea Square.<br/><br/>Rent includes the cost of the water bill.","A modern two bedroom, two bathroom riverside apartment. The property benefits from underground parking, concierge and a residents only gym. Walking distance to Battersea Park and Clapham Junction. Offering direct Thames river views.",2,2,1,FLAT,IMMEDIATELY,2545,TWELVE_MONTHS,false,"null",51.467419,-0.179235,CHESTERTONS
888,2025-02-25 15:43:54.992 +0000,d71c149a-d044-441c-91f2-130c6b5ebfd8,Pepper Street,,London,E14 9RB,"Pepper Street, London, E14 9RB","A bright, spacious & recently-refurbished 890sq ft 2nd floor 2 bedroom 2 bathroom apartment in Pepper Street, overlooking the Millwall docks.  The property is situated in block 2 Pepper Street which has always been residential, & benefits from lift access, as well as shares in the freehold company.<br/><br/>The property boasts a large, fully-fitted & separate kitchen with window, gas hob & ample work surfaces.  The kitchen is complete with high specification Neff & Bosch appliances. The spacious South-facing reception room has views over Outer Millwall Dock, benefits from a large window seat and brand new light wood flooring.  Both double bedrooms face North, & enjoy views up the dock towards Canary Wharf. The principal bedroom enjoys a brand new en suite bathroom, complete with high quality fittings.  The guest bathroom matches the en suite, complementing the overall sleek, modern finish.<br/><br/>Pepper Street is located on the Eastern end of Glengall Bridge, a pedestrian bridge over The Outer Millwall Dock.  Situated nearby are a variety of cafes, takeaways, shops & convenience stores, including a Tesco Local, Asda superstore, & an excellent Indian restaurant, Grand Cholan. 2 local public houses are conveniently located close (but not too close) by Crossharbour DLR station is located approximately 100 metres from the property for easy access to Canary Wharf, The City, & Greenwich or Stratford. Canary Wharf Jubilee Line station is located approximately 3/4 of a mile away, & Elizabeth Line station is situated within 1 mile.  The property also benefits from a secure, allocated parking space.","A bright, spacious & recently-refurbished 890sq ft 2nd floor 2 bedroom 2 bathroom apartment in Pepper Street, overlooking the Millwall docks.  The property benefits from an excellent location close to local shops, cafes & amenities.",2,2,1,FLAT,IMMEDIATELY,2500,TWELVE_MONTHS,false,"null",51.496343,-0.016426,CHESTERTONS
889,2025-02-25 15:43:56.168 +0000,"6005a22a-5a66-45e3-92f7-472658d6c074",Ferndale Road,,London,SW4 7SF,"Ferndale Road, London, SW4 7SF","A spacious two bedroom ground floor flat with private garden located moments from Clapham North. The property has been finished to a high standard throughout and benefits from two double bedrooms, a large fully fitted open plan kitchen, bright reception room and modern four-piece family bathroom. The property further boasts ample fitted storage, wooden floors throughout and private garden.<br/><br/>Ferndale Road is a residential road moments from Clapham North Underground Station (Northern Line) and within easy reach of the vast array of shops, bars and restaurants of both Clapham High Street and Brixton. The green open spaces of Clapham Common can also be found a short walk away.","A spacious two double bedroom ground floor flat with private garden located moments from Clapham North Station boasting a bright reception room, large open plan kitchen, modern bathroom and hard wood floors throughout.",2,1,1,FLAT,"2025-03-31",2500,TWELVE_MONTHS,false,"null",51.463197,-0.127507,CHESTERTONS
890,2025-02-25 15:43:56.765 +0000,fc990904-95ca-4f00-a25f-c1be01b027ac,Henry Purcell House,,London,E16 1UU,"Henry Purcell House, Evelyn Road, E16 1UU","**FULLY FURNISHED TWO BEDROOM APARTMENT TO RENT IN BRITANNIA VILLAGE, E16, JUST 3 MINUTES TO WEST SILVERTOWN DLR!** **VIDEO TOUR AVAILABLE** Charming two bedroom apartment to rent in the ever popular Britannia Village, E16, a quiet residential development less than 5 minutes walk from West Silvertown DLR, and only a 15 minute commute from Canary Wharf. The apartment comes fully furnished, with spacious reception, large master bedroom, separate fully-fitted kitchen, modern bathroom and second bedroom/ large office.","SHORT LET. Charming two bedroom apartment to rent in the  popular Britannia Village, E16, a quiet residential development less than 5 minutes walk from West Silvertown DLR, only a 15 minute commute from Canary Wharf.",2,1,1,FLAT,"2025-04-02",2500,LT_SIX_MONTHS,false,"null",51.5,0.03,CHESTERTONS
892,2025-02-25 15:43:58.373 +0000,"26fbc9ad-934e-402d-bc48-7e544c93bdc9","Gunter Grove, Chelsea",,London,SW10 0UJ,"Gunter Grove, Chelsea, London, SW10 0UJ","A bright apartment with an open plan reception space, well-appointed kitchen and a modern bathroom in an excellent location for access to nearby public transport links.","A bright apartment with an open plan reception space, well-appointed kitchen and a modern bathroom in an excellent location for access to nearby public transport links.",2,1,1,FLAT,IMMEDIATELY,2500,TWELVE_MONTHS,false,"null",51.482206,-0.184651,CHESTERTONS
893,2025-02-25 15:43:59.079 +0000,"9217f77a-17ac-4794-8822-2d08c05f8cbe",Brick Lane,,London,E1 6QL,"Brick Lane, London, E1 6QL","Located on Brick Lane, this 2-bedroom, 2-bathroom flat offers a convenient and functional living space in one of East London’s most well-known areas. With the vibrant atmosphere of Brick Lane right on your doorstep, you’ll have easy access to local cafés, restaurants, shops, and markets.<br/><br/>The flat features an open-plan living and kitchen area, providing a practical space for everyday living. The two bedrooms are of a good size, with the master benefiting from an en-suite bathroom. A second bathroom is also available for use by the second bedroom and guests.<br/><br/>The flat is well-connected with transport links, including nearby stations at Aldgate and Liverpool Street, making it a straightforward commute into the city.","Located on Brick Lane, this 2-bedroom, 2-bathroom flat offers a convenient and functional living space in one of East London’s most well-known areas.",2,2,1,FLAT,"2025-04-02",2500,TWELVE_MONTHS,false,"null",51.521038,-0.072032,CHESTERTONS
895,2025-02-25 15:44:00.086 +0000,"054cadb7-94cb-41de-a31d-56f6aa94156e","Courtyard Apartments, 70b Hampton Road, Teddington",,Middlesex,TW11 0JF,"Courtyard Apartments, 70b Hampton Road, Teddington, Middlesex, TW11 0JF","This stunning recently renovated three-bedroom duplex in the heart of Teddington offers the perfect blend of contemporary style and comfort. Situated in a highly sought-after location, this property boasts a private off-street gated parking space for added convenience and security.<br/><br/>Inside, the spacious living area flows seamlessly into a modern kitchen, ideal for both family living and entertaining. Each of the three well-sized bedrooms comes with its own luxurious ensuite bathroom, ensuring privacy and convenience for all. The property also features a dedicated utility room, providing ample storage and laundry space.<br/><br/>With high-end finishes throughout and an abundance of natural light, this duplex offers an exceptional living experience in one of South West London’s most desirable areas. Conveniently close to Teddington’s shops, cafes, and transport links, this home is an ideal choice for those seeking comfort, style, and practicality.",This stunning three-bedroom duplex in the heart of Teddington offers the perfect blend of contemporary style and comfort.,3,4,0,FLAT,IMMEDIATELY,2500,LT_SIX_MONTHS,false,"null",51.428665,-0.351441,CHESTERTONS
897,2025-02-25 15:44:00.990 +0000,"8c7b0469-aed5-4d35-9e0c-887e2b53a115",Cahir Street,,London,E14 3QR,"Cahir Street, London, E14 3QR","Nestled in Cahir Street a classic Victorian terraced house on a quaint street moments from Canary Wharf or Greenwich.<br/><br/>The property is spread over approx. 768 sq. ft. with three double bedrooms, a study area, a living area, kitchen diner, bathroom, guest toilet and a garden it is a must see property.<br/><br/>The property is less than a 30 minute walk to Greenwich or Canary Wharf giving you the best of both worlds","Located moments from the River Thames and fabulous riverside amenities, this 3 bedroom house is well presented throughout. It further benefits from a generous rear garden and a loft for ample storage space.",3,1,1,FLAT,IMMEDIATELY,2500,SIX_MONTHS,false,"null",51.4902,-0.019096,CHESTERTONS
899,2025-02-25 15:44:02.849 +0000,c838c9be-8eab-4b6a-bef8-a44837d1759d,"Michigan Building, 2 Biscayne Avenue",,London,E14 9QT,"Michigan Building, 2 Biscayne Avenue, London, E14 9QT","A well-presented 2 Bedroom apartment situated within the Michigan Building. The apartment has a private Balcony and located on the 6th floor. Further benefits include 24 hour concierge and access to all onsite amenities such pool and gym. Ideally located to Blackwall DLR station. Accommodation comprises of; spacious Reception with open-plan Kitchen,  2 generous sized Double Bedrooms and Bathroom. EPC Rating C",A well-presented 2 Bedroom apartment situated within the Michigan Building. The apartment has a private Balcony and located on the 6th floor. Further benefits include 24 hour concierge and access to all onsite amenities such pool and gym.,2,1,1,FLAT,"2025-03-07",2475,LT_SIX_MONTHS,false,"null",51.506406,-0.005815,CHESTERTONS
901,2025-02-25 15:44:04.136 +0000,"1ff4ec7a-6180-48a9-bd89-f227a76fb7fc",Sanday Drive,,London,NW9 4FT,"Sanday Drive, London, NW9 4FT","** Incentive - 2 weeks rent free for all units for any resident who can start their lease before the end of March** <br/><br/>Chestertons are thrilled to offer this selection of Unfurnished and Furnished 2  Bed Apartments at UNCLE Colindale – A beautifully designed development situated in the heart of a dynamic and thriving community in North-West London.<br/><br/>Rents from: £2,425pcm - £2,900pcm  for 2 Beds.<br/>  <br/>These pet-friendly, spacious, peaceful apartments come with either designer furniture or are available unfurnished, featuring top-of-the-line appliances. Enjoy exceptional amenities, including a gym created in collaboration with leading personal trainers in London and a dedicated coworking space. Plus, it’s just 22 minutes from your front door to King's Cross.   <br/><br/>UNCLE Colindale is stylishly appointed with interiors furnished by BoConcept, though if you prefer, we also offer unfurnished apartments. The development also features on-site resident managers and expansive amenity spaces, including a gym and wellness area. <br/><br/>In addition to its beautiful apartments, UNCLE Colindale offers friendly, helpful on-site resident managers who live in the property. They’re there to ensure your home is everything you want it to be, from managing maintenance to handling parcel deliveries.  <br/><br/>But it's not just about the apartments – you’re also surrounded by beautiful scenery. Just a short walk from your door, you’ll find the Silk Stream, which flows through some of the most iconic areas in North-West London. You can even take walking tours that turn a simple stroll into an informative exploration of your new neighbourhood. Also nearby is Montrose Park, home to a beloved local café, a skatepark, and sports fields where you can join in bootcamps and yoga classes. And if you’re craving something tasty, the Bang Bang oriental food hall is within walking distance.  <br/><br/>To sum it up: beautifully designed apartments with designer furniture, located in Zone 4, with excellent transport links to central London, plus access to a gym, Peloton studio, coworking space, and outstanding on-site Resident Managers – all at a great price.   <br/><br/>*Disclaimer: The images show furnished UNCLE apartments and may not represent all apartment types. **BoConcept furniture is available in furnished apartments only.",Chestertons are thrilled to offer this selection of Unfurnished and Furnished 2  Bed Apartments at UNCLE Colindale – A beautifully designed development situated in the heart of a dynamic and thriving community in North-West London.,2,2,1,FLAT,IMMEDIATELY,2472,TWELVE_MONTHS,false,"null",51.595356,-0.247858,CHESTERTONS
903,2025-02-25 15:44:05.687 +0000,"71c57e7f-8ac2-49a8-a5cb-790a51d82da0","Hamond Court, Queenshurst Square",,Kingston upon Thames,KT2 5FY,"Hamond Court, Queenshurst Square, Kingston upon Thames, KT2 5FY","A stunning two bedroom apartment located in the highly desirable Queenshurst development. This chic, exquisite apartment, offers perspective tenants contemporary living at its finest. * NB. The photographs used are for illustrative purposes and are of the original show apartment so may differ from the property you are shown or may be interested in pursuing.",A stunning two bedroom apartment located in the highly desirable Queenshurst development.,2,0,0,FLAT,"2025-03-31",2450,LT_SIX_MONTHS,false,"null",51.414482,-0.302144,CHESTERTONS
905,2025-02-25 15:44:06.724 +0000,fdac483c-a92b-4987-8385-2587ede241fa,"Bittacy Hill, Mill Hill East",,London,NW7 1TG,"Bittacy Hill, Mill Hill East, London, NW7 1TG","This newly built upper floor apartment offers 777 sq ft of modern, stylish living space. Boasting two bedrooms, this furnished property is perfect for those seeking a convenient and contemporary home. The apartment is flooded with natural light, creating a bright and welcoming atmosphere. Enjoy the fresh air on your own private balcony or relax in the communal garden. Situated in a town location, this purpose-built property offers easy access to local amenities and transport links. With a lift for added convenience, this apartment ticks all the boxes for comfortable and practical living.","Luxury 2-bed apartment in prime location. Modern design, spacious living area, en-suite bathrooms, and balcony with stunning views. Close to amenities and transport links. Ideal for professionals or couples.",2,2,0,FLAT,"2025-05-01",2400,TWELVE_MONTHS,false,"null",51.609224,-0.21021,CHESTERTONS
891,2025-02-25 15:43:57.283 +0000,"0ff7f114-0b6b-4324-b732-82e6c2b94130",Grantham Road,,London,SW9 9EB,"Grantham Road, London, SW9 9EB","Chestertons are delighted to market a fantastic two bedroom, two bathroom, double reception room, ground floor flat with private garden. The property is perfectly located on a quiet residential road, and sits almost equidistant from both Stockwell and Clapham North tube stations.<br/><br/>The flat is spacious, at 827sqft, and flooded with natural light. It comprises of a large, open plan double-reception area and separate kitchen to the rear. The kitchen then gives direct access to a large private garden to the rear of the property. There are two generously sized bedrooms and a cellar which currently houses the utility room.The bathroom and the separate toilet/shower room were refurbished very recently.<br/><br/>The apartment is well-finished throughout with charming hardwood flooring, bespoke hardwood indoor shutters and even a piano! Residents parking permits also available.","A beautifully presented two bedroom, two bathroom, double reception room, ground floor flat with private garden. The property is perfectly located on a quiet residential road, a short distance away from Clapham North and Stockwell tube stations.",2,2,2,FLAT,"2025-04-26",2500,LT_SIX_MONTHS,false,"null",51.467979,-0.124662,CHESTERTONS
894,2025-02-25 15:43:59.322 +0000,"1e3fc738-d0f0-48e6-82e8-d0238e94414b","Silverthorne Road, Battersea",,London,SW8 3HH,"Silverthorne Road, Battersea, London, SW8 3HH","A beautifully presented two bedroom, ground floor maisonette located within the Diamond Conservation Area of Battersea. The property benefits from a private entrance and comprises a good sized primary bedroom with fitted storage, a second double bedroom, fully fitted eat in kitchen, separate reception room with wooden floors and modern bathroom. The property further boasts a private south west facing patio garden.<br/><br/>Located on Silverthorne Road, the property is moments away from the picturesque Battersea Park and close to both Queenstown Road and Battersea Park Stations which provide easy access into Central London. The many shops and cafes of Battersea Park Road can be found within easy reach whilst the new Battersea Power Station development and Underground Station (Northern Line) can be found within close proximity.","A beautifully presented two bedroom, ground floor maisonette with private patio garden in the Diamond Conservation Area of Battersea. The property benefits from a fully fitted eat in kitchen, separate reception and modern bathroom.",2,1,1,FLAT,"2025-03-19",2500,TWELVE_MONTHS,false,"null",51.470818,-0.146994,CHESTERTONS
896,2025-02-25 15:44:00.543 +0000,b5fedf2a-f30b-4df6-bde3-3ab2eec637f9,Putney Hill,,London,SW15 6BF,"Putney Hill, Putney, SW15 6BF","An immaculate 2 double bedroom, 2 bathroom apartment, set on the fourth floor of this sought after development. Reception room with doors to balcony offering open plan living, 2 bedrooms and a separate study/dressing room. Residents gym, concierge and a parking space <br/><br/>The property is located moments from Putney Mainline Station and Putney High Street and within easy walking distance of East Putney tube (District Line).<br/><br/>Offered Furnished & Available in April.","Immaculate two double bedroom, two bathroom apartment with residents gym, concierge & underground parking space .",2,2,1,FLAT,"2025-04-17",2500,TWELVE_MONTHS,false,"null",51.458538,-0.217532,CHESTERTONS
898,2025-02-25 15:44:01.494 +0000,"5574223b-5947-43a6-9e24-580ab1e94244",Weimar Street,,London,SW15 1SJ,"Weimar Street, London, SW15 1SJ","A fantastic two bedroom apartment to rent in central Putney! Overground and Putney Bridge Tube station are a short walk from the flat and the bars, restaurants and fantastic shopping options are on your doorstep. <br/><br/>The living area is open plan with a modern kitchen including dishwasher. Both bedrooms are double rooms and the main bathroom is very modern.<br/><br/>Offered unfurnished & available in April.",First time letting of this modern two bedroom flat in the heart of Putney a short walk to Putney Bridge Tube and Putney Overground.,2,1,1,FLAT,"2025-04-05",2500,TWELVE_MONTHS,false,"null",51.465621,-0.215514,CHESTERTONS
900,2025-02-25 15:44:02.927 +0000,"2e562791-121f-481d-b025-0785e7dd14d1","Apex Court, 47 Grange Walk",,London,SE1 3DY,"Apex Court, 47 Grange Walk, London, SE1 3DY","This modern two-bedroom two bathroom apartment at Apex court features an open plan kitchen living space, fully tiled family bathroom and a private terrace and patio. <br/>Situated on a quiet leafy street, this property is in fantastic condition and has ample storage. This property is finished to a high specification, with modern fittings and the open plan kitchen living space is bright and spacious, with direct access to the terrace. The bedrooms are large doubles boasting fitted wardrobes and are flooded with natural light.<br/>Apex Court was constructed in 2020 and is ideally located for quick and easy access to Bermondsey Street, Maltby Street market, Tanner Street Park, Shad Thames, Bermondsey Square and Borough Market.   <br/>Nearby transport links at London Bridge and Bermondsey Stations provide access for Jubilee and Northern underground lines plus National Rail.",A contemporary two-bedroom two-bathroom apartment with balcony on the ground floor of a highly desirable residential development.,2,2,1,FLAT,IMMEDIATELY,2500,TWELVE_MONTHS,false,"null",51.496061,-0.077838,CHESTERTONS
902,2025-02-25 15:44:04.690 +0000,"15fc501e-9da1-483b-b8f2-11bb52d30aba","Blenheim Terrace, St John's Wood",,London,NW8 0EB,"Blenheim Terrace, St John's Wood, London, NW8 0EB","A spacious split level apartment located in St John’s Wood. The property has been newly redecorated and comprises: three double bedrooms, two bathrooms, separate kitchen and a study. The property is available unfurnished.<br/><br/>*** this property is not suitable for 3 or more sharers",A spacious split level apartment located in St John’s Wood. The property has been newly redecorated and  also benefits from a study and is available unfurnished.   *** this property is not suitable for 3 or more sharers,3,2,1,FLAT,IMMEDIATELY,2500,TWELVE_MONTHS,false,"null",51.535268,-0.182026,CHESTERTONS
904,2025-02-25 15:44:05.791 +0000,"4ed45b13-2e54-4f79-b819-cc4a832ab0f2",Robertson Street,,London,SW8 3TQ,"Robertson Street, London, SW8 3TQ","A unique two bedroom semi-detached house with private garage on Robertson Street. The property has been meticulously designed to the highest of standards throughout and comprises two good sized double bedrooms, both with fitted storage and en-suite bathrooms, an additional shower room and an incredibly spacious fully fitted kitchen with space for dining which is perfect for entertaining. The property further benefits from a separate reception room on the mezzanine level, eaves storage and a private patio garden. Available on an unfurnished basis.<br/><br/>Situated in the Diamond Conversation Area, the property is moments from Queenstown Road and Lavender Hill which feature many bars, restaurants and shops whilst the open green spaces of both Clapham Common and Battersea Park can be found close by. Queenstown Road and Battersea Park train stations are also within close proximity and provide direct links to Waterloo and Victoria.","A unique two bedroom, semi-detached house with private garage and patio garden located on Robertson Street featuring three bathrooms, an incredibly spacious kitchen with space for dining/entertaining, separate reception room and ample storage.",2,3,1,FLAT,IMMEDIATELY,2500,TWELVE_MONTHS,false,"null",51.467846,-0.149851,CHESTERTONS
907,2025-02-25 15:44:08.081 +0000,cbe7e6d8-02bd-4878-bc54-3f11fb2873bd,"The Chase, Clapham",,London,SW4 0NG,"The Chase, Clapham, London, SW4 0NG","A wonderful, recently decorated first floor Victorian conversion apartment located in the highly desirable Clapham Old Town and within a short walk of the array of local amenities, cafes, restaurants, the Common and the underground station. The property is presented with tasteful contemporary decor and a wealth of period features including large sash windows, an ornate fireplace and high ceilings. The apartment boasts a charming reception room with three large sash windows and an open plan fully fitted kitchen, a master bedroom with built-in wardrobes, a second double bedroom with high ceilings and an original sash window and a modern bathroom. The chase is one of Clapham Premier roads which adds to the appeal of this delightful property.","A wonderful, recently decorated first floor Victorian conversion apartment located in the highly desirable Clapham Old Town and within a short walk of the array of local amenities, cafes, restaurants, the Common and the underground station.",2,1,1,FLAT,IMMEDIATELY,2400,LT_SIX_MONTHS,false,"null",51.465672,-0.147026,CHESTERTONS
908,2025-02-25 15:44:09.430 +0000,fb54af74-9728-483c-91fa-46547f1c8562,"Cascades Tower, 4 Westferry Road",,London,E14 8JN,"Cascades Tower, 4 Westferry Road, London, E14 8JN","A spacious apartment comprising 2 double bedrooms, 2 bathrooms, open plan reception and fully fitted kitchen. The development also boasts a porter, gym swimming pool and tennis court. EPC rating C","A spacious apartment comprising 2 double bedrooms, 2 bathrooms, open plan reception and fully fitted kitchen. The development also boasts a porter, gym swimming pool and tennis court. EPC rating C",2,2,1,FLAT,"2025-03-20",2400,LT_SIX_MONTHS,false,"null",51.502456,-0.027008,CHESTERTONS
912,2025-02-25 15:44:16.436 +0000,fc036c09-c8df-474f-b9ca-202b8c4902b1,New Kings Road,,London,SW6 4RB,"New Kings Road, London, SW6 4RB","A charming two-bedroom property in the heart of Parsons Green, close to many amenities. The property briefly comprises a large bright reception room with separate kitchen, a recently refurbished bathroom, a master bedroom with built-in storage and a further double bedroom. Located close to bars, shops and restaurants, you will never be short of things to do or places to go. The flat it also located a short walk from Parsons Green Station which serves the District Line. <br/>Part furnished.","A charming two-bedroom property in the heart of Parsons Green, close to many amenities. The property briefly comprises a large bright reception room with separate kitchen, a recently refurbished bathroom, a master bedroom with built-in storage and a",2,1,1,FLAT,"2025-04-03",2300,LT_SIX_MONTHS,false,"null",51.472336,-0.201576,CHESTERTONS
913,2025-02-25 15:44:17.429 +0000,afbac04a-882b-44c0-a457-cbd399d3b77d,"Acton Lane, Chiswick",,London,W4 5HN,"Acton Lane, Chiswick, London, W4 5HN","Chestertons are pleased to offer this immaculate and recently refurbished two bedroom split level apartment arranged over the first and second floors of this attractive period building above commercial premises.<br/><br/>The accommodation comprises large reception room with feature fireplace and bay window, separate modern eat- in kitchen with integrated appliances,  bathroom with shower over bath, a large double bedroom and a single bedroom/office.<br/><br/>Ideally situated for access to Chiswick Park underground (District line) and South Acton Mainline. Also just a short walk to the many shops, Cafes and restaurants on the High Road.",Chestertons are pleased to offer this immaculate and recently refurbished two bedroom split level apartment arranged over the first and second floors of this attractive period building above commercial premises.,2,1,1,FLAT,IMMEDIATELY,2300,TWELVE_MONTHS,false,"null",51.498861,-0.264407,CHESTERTONS
915,2025-02-25 15:44:18.389 +0000,"3da49584-bdf5-4138-a713-13910445365b",Grinstead Road,,London,SE8 5FN,"Grinstead Road, London, SE8 5FN","An exceptional new build-to-rent development in Deptford, offering modern, high-spec 1, 1.5, 2 and 3 bedroom apartments with fantastic connectivity to central London.<br/><br/>Key Features:<br/>- Choice of furnished or unfurnished apartments<br/>- Private balcony or terrace in every home<br/>- Ultra-fast 1GB Wi-Fi included<br/>- Pet-friendly development<br/>- Secure cycle storage<br/>- Off-street parking available (at an additional cost) <br/>- Beautiful communal gardens<br/> - Residents' amenities including a lounge, co-working space & 24/7 on-site management<br/><br/>Location & Connectivity:<br/>This development is ideally situated for easy access to Canary Wharf, London Bridge, and The City:<br/>- 6 minutes to Canary Wharf<br/>- 7 minutes to London Bridge<br/>- 10 minutes to Whitechapel (Elizabeth Line)<br/>- 12 minutes to Bank<br/><br/>Surrounded by green spaces, including Deptford Park and Folkestone Gardens, the development offers a perfect balance of city living and natural retreat. Nearby, you’ll find a vibrant cultural scene, bustling markets, and waterside dining at Greenland Dock and Surrey Quays.<br/><br/>Viewing & Enquiries:<br/>Don't miss out on this fantastic opportunity! Contact us today to book your viewing.<br/><br/>Disclaimer: The images shown are of the show apartment and are for illustrative purposes only. Layouts and finishes may vary.","An exceptional new build-to-rent development in Deptford, offering modern, high-spec 1, 2 and 3 bedroom apartments with fantastic connectivity to central London.<br/><br/>1.5 bedroom units range from £2280 to £2570 per month",2,1,1,FLAT,"2025-03-10",2280,TWELVE_MONTHS,false,"null",51.480847,-0.026368,CHESTERTONS
917,2025-02-25 15:44:19.336 +0000,d1b03f83-fae7-4517-ac57-f76415566d9a,Constable House,,London,E14 9LH,"Constable House, Cassilis Road, E14 9LH","Located on the seventh floor of this popular development, this spacious corner unit comes with floor to ceiling windows, open plan fully fitted kitchen with granite work tops, modern bathrooms, balcony and is bright and airy. Canary Central is ideally located in the heart of South Quay minutes from South Quay station and boasts 24 hour concierge, gym, swimming pool and sauna.",,2,2,1,FLAT,"2025-03-05",2250,LT_SIX_MONTHS,false,"null",51.497842,-0.021527,CHESTERTONS
919,2025-02-25 15:44:20.582 +0000,"3b4e980c-390b-4855-87fe-6043d3f640f6","The Pavement, Clapham Common",,London,SW4 0HY,"The Pavement, Clapham Common, London, SW4 0HY","","A bright and spacious newly refurbished apartment, ideally located off Clapham High Street close to the transport links and amenities of the Old Town.",2,1,1,FLAT,IMMEDIATELY,2250,TWELVE_MONTHS,false,"null",51.461559,-0.13978,CHESTERTONS
922,2025-02-25 15:44:21.932 +0000,"44184ac7-929c-4156-8b53-9db76b6b8004","Larkhall Lane, Clapham",,London,SW4 6RD,"Larkhall Lane, Clapham, London, SW4 6RD","A superb two double bedroom apartment set in a gated development located off the always popular Clapham high street. The flat comprises a bright reception room with wooden floors and space for a dining table, a stylish open-plan kitchen with integrated appliances, a juliet balcony, a master bedroom, a second double bedroom and a family bathroom. Other benefits include additional storage.<br/><br/>The property is ideally located for the shops, bars, cafés and restaurants of Clapham High Street and Clapham North underground Station. Clapham Common is also a short stroll away.",A superb two double bedroom apartment set in a gated development located off the always popular Clapham Road.,2,1,1,FLAT,"2025-03-26",2250,LT_SIX_MONTHS,false,"null",51.471172,-0.130561,CHESTERTONS
911,2025-02-25 15:44:16.417 +0000,"18cb1582-b624-4307-80cf-aa0edf9bbb38",Manor Grove,,London,TW9 4QF,"Manor Grove, Richmond, TW9 4QF","Charming two bedroom cottage situated within a short walk to North Sheen train station.  The house has an amazing sixty foot garden and accommodation briefly comprises; two double bedrooms, a double reception room with wooden flooring leading through to the separate kitchen and a modern bathroom. Available immediately.","The house has an amazing sixty foot garden and accommodation briefly comprises; two double bedrooms, a double reception room with wooden flooring leading through to the separate kitchen and a modern bathroom. Available immediately.",2,1,1,HOUSE,"2025-03-10",2350,LT_SIX_MONTHS,false,"null",51.465931,-0.286421,CHESTERTONS
914,2025-02-25 15:44:17.595 +0000,"8368481c-7e61-4917-8b22-51240b73ecd0",Queenstown Road,,London,SW8 3RR,"Queenstown Road, London, SW8 3RR","A charming two bedroom, second floor flat situated on Queenstown Road close to Battersea Park. The property features wooden floors throughout and boasts a good sized primary bedroom with fitted storage, a second double bedroom, bright reception room with feature fireplace, separate fully fitted kitchen with space for dining, and modern shower room. The property further benefits from a private south facing balcony.<br/><br/>Located on Queenstown Road, the property is moments away from the picturesque Battersea Park and close to both Queenstown Road and Battersea Park Stations which provide easy access into Central London. The many shops and cafes of Battersea Park Road can be found within easy reach whilst the new Battersea Power Station development and Underground Station (Northern Line) can be found within close proximity.","A charming two double bedroom second floor flat located close to Battersea Park and Queenstown Road Station benefitting from a private balcony, bright reception room with wooden floors, separate eat in kitchen and modern shower room.",2,1,1,FLAT,"2025-04-02",2350,TWELVE_MONTHS,false,"null",51.47148,-0.148732,CHESTERTONS
916,2025-02-25 15:44:18.594 +0000,de931bb4-0f5a-45f9-923e-edbe0dc8e15b,Scott Avenue,,London,SW15 3PB,"Scott Avenue, London, SW15 3PB","Fantastic modern apartment, offering a spacious and contemporary living space. The property comprises of two spacious double bedrooms, modern bathroom and open plan kitchen and dining room. <br/><br/>This highly-regarded development, benefits from residents’ gym, library and communal gardens.   <br/> <br/>Offered Part-Furnished & available in April.",A modern and spacious two double bedroom property to rent with modern bathroom and open plan kitchen and dining room.,2,1,1,FLAT,"2025-04-12",2350,LT_SIX_MONTHS,false,"null",51.452104,-0.211911,CHESTERTONS
918,2025-02-25 15:44:19.731 +0000,d50f7a9f-69fa-4890-b199-2b838cbb875c,"Old Devonshire Road, Balham",,London,SW12 9RB,"Old Devonshire Road, Balham, London, SW12 9RB","A spacious and well proportioned two bedroom, first floor flat situated on a residential road moments from Balham Station. The property has been neutrally decorated throughout and benefits from a large primary bedroom with fitted storage, a second good sized double bedroom, bright reception room with feature fireplace, separate fully fitted kitchen and modern bathroom. Available on a an unfurnished basis. Ideally for a professional couple.<br/><br/>The property is ideally situated on a quiet residential road moments from the huge array of shops, bars and cafes of Balham High Road. Balham Station (Northern Line and BR) can also be found close by which provides excellent transport links into Central London and City. The green open spaces of Clapham Common, Wandsworth Common and Tooting Bed Common can all be found in close proximity.","A spacious and well proportioned two bedroom, first floor flat situated on a residential road moments from Balham Station. The property has been neutrally decorated throughout and boasts a separate kitchen, modern bathroom and large reception room.",2,1,1,FLAT,"2025-03-26",2350,TWELVE_MONTHS,false,"null",51.446384,-0.147102,CHESTERTONS
920,2025-02-25 15:44:20.709 +0000,"6c780af3-17d4-42b0-b2da-6af7905768a2",Fulham Palace Road,,London,W6 9PL,"Fulham Palace Road, London, W6 9PL","Refurbished to a high specification, Chestertons are pleased to offer this one bedroom flat overlooking green space, ideally located for Hammersmith tube and Charing Cross Hospital.<br/><br/><br/>Hammersmith station (0.4 Miles)<br/><br/>Charing Cross Hospital (0.1 Miles) <br/><br/>Hammersmith Bridge (0.5 Miles)","Refurbished to a high specification, Chestertons are pleased to offer this one bedroom flat overlooking green space, ideally located for Hammersmith tube and Charing Cross Hospital.",2,1,1,FLAT,"2025-03-25",2350,TWELVE_MONTHS,false,"null",51.488377,-0.222952,CHESTERTONS
921,2025-02-25 15:44:21.887 +0000,"6a0d5dee-9179-4d7a-b45d-905e4927667e","Clavering Avenue, Barnes",,London,SW13 8DX,"Clavering Avenue, Barnes, London, SW13 8DX","A first floor split-level conversion flat, set on a quiet tree-lined avenue, in north Barnes.  The property offers a generous reception room, a kitchen and breakfast room, two double bedrooms, a bathroom, a shower room and eaves storage space.<br/><br/>Its location is ideal for commuting via the District, Piccadilly or Hammersmith & City lines at nearby Hammersmith Station.  Amenities and buses are available on adjoining Castelnau and the river Thames towpath is moments away by foot.","A first floor split-level conversion flat, set on a quiet tree-lined avenue, in north Barnes.  The property offers a generous reception room, a kitchen and breakfast room, two double bedrooms, a bathroom, a shower room and eaves storage space.",2,2,1,FLAT,"2025-03-08",2350,LT_SIX_MONTHS,false,"null",51.485753,-0.230803,CHESTERTONS
923,2025-02-25 15:44:22.703 +0000,"6a8eeb78-7569-4df4-9eab-d50fb1bad6d3","Blenheim Court, Stanmore Road, Richmond",,Surrey,TW9 2DA,"Blenheim Court, Stanmore Road, Richmond, Surrey, TW9 2DA","A bright and spacious 3 bedroom property to let in Blenheim Court, comprising three bedrooms, two bathrooms and an open plan reception and kitchen.<br/><br/>The property is located on Stanmore Road, close to Kew Gardens and a short walk from Kew Village.","A bright and spacious 3 bedroom property to let in Blenheim Court, comprising three bedrooms, two bathrooms and an open plan reception and kitchen.",3,2,1,FLAT,"2025-04-08",2350,LT_SIX_MONTHS,false,"null",51.468842,-0.293546,CHESTERTONS
926,2025-02-25 15:44:24.994 +0000,"25a0a649-d410-47f3-9efd-87c382882ca7",Rock Avenue,,London,SW14 8PG,"Rock Avenue, London, SW14 8PG","This is a spacious two-bedroom cottage with a large living space, located on a quiet road in the ""Royals"" area of East Sheen.<br/><br/>The ground floor features a wonderful living/dining room with plenty of windows. The galley-style kitchen has double doors leading to a paved patio garden. Additionally, there is a downstairs WC on this floor. <br/><br/>Both bedrooms on the first floor are generous doubles, and you will also find the main bathroom, which boasts a modern design. <br/><br/>The cottage is conveniently located, just 0.3 miles from Mortlake station and is well situated for both Barnes & Mortlake.  <br/><br/>Viewing is highly recommended.","Situated in the enviable ""The Royals"" area of East Sheen and moments from the leafy village of Barnes, this beautiful two bed cottage is ideal for a small family or professional couple.",2,1,1,FLAT,IMMEDIATELY,2350,TWELVE_MONTHS,false,"null",51.467162,-0.26059,CHESTERTONS
924,2025-02-25 15:44:23.038 +0000,d4128210-f381-4623-bf5d-0d213e7f7bfe,"Tmadoc Road, Clapham",,London,SW4 7LL,"Tmadoc Road, Clapham, London, SW4 7LL","Chestertons has the pleasure of presenting this well presented first floor Victorian conversion flat enviably located in the heart of Clapham. The property comprises a bright front reception room with a feature fireplace, high ceilings and bay sash windows, a separate modern kitchen, two double bedrooms and a bathroom with a white bathroom suite.  The flat is only a stone’s throw away from the restaurants, bars and cafes of Clapham High Street and Clapham Common and is ideal for commuters to central London and beyond with easy access to the Clapham High-street overground station and the Northern line in a matter of minutes.  The green open spaces of Clapham Common are also nearby.","A well presented first floor, two bedroom Victorian conversion flat in the heart of Clapham. The flat has a bright and generous living room, well proportioned bedrooms, and is ideally located just off Clapham High Street.",2,1,1,FLAT,"2025-04-05",2250,TWELVE_MONTHS,false,"null",51.462463,-0.131637,CHESTERTONS
925,2025-02-25 15:44:23.989 +0000,"16939e5a-1817-47ea-a5a6-8686cece63e0","Acre Lane, Brixton",,London,SW2 5UL,"Acre Lane, Brixton, London, SW2 5UL","A well presented first floor modern flat comprising a bright open plan reception room and modern kitchen with space for dining and integrated appliances, two double bedrooms, a contemporary bathroom and a private balcony.   Acre Lane is a popular road with transport links within 5-10 minutes walk for Clapham Common, Clapham North and Brixton underground stations, Clapham High Street overground station as well as numerous bus services, all providing routes into the City, the West End and outer London. The cafes, restaurants, bars, shopping and leisure facilities local to Brixton, Clapham High Street and Clapham Common are also just a short walk from this much sought after flat.",A well presented first floor modern flat with a private balcony moments from Brixton and Clapham.<br/>12 months with a 6 month break tenancy,2,1,1,FLAT,"2025-03-18",2250,TWELVE_MONTHS,false,"null",51.459904,-0.126764,CHESTERTONS
927,2025-02-25 15:44:25.392 +0000,d3d737cf-9872-431b-9f72-b923fff03d0f,"Adams Quarter, Tallow Road, Brentford",,Middlesex,TW8 8ER,"Adams Quarter, Tallow Road, Brentford, Middlesex, TW8 8ER","A stylish two-bedroom apartment situated in a highly desirable gated community, offering a bright and spacious open-plan living and kitchen area. This property comes with the added benefits of an on-site concierge service and secure, allocated underground parking.<br/><br/>Located on the renowned development of The Island, Tallow Road is perfectly positioned close to Brentford High Street. It also boasts excellent transport links, with local bus services and Brentford Station just a short walk away, providing quick access to central London.","A stylish two bedroom apartment situated in a highly desirable gated community, offering a bright and spacious open-plan living and kitchen area. This property comes with the added benefits of an on-site concierge",2,2,1,FLAT,IMMEDIATELY,2250,LT_SIX_MONTHS,false,"null",51.484702,-0.312032,CHESTERTONS
929,2025-02-25 15:44:26.622 +0000,"2b26b993-8198-44eb-b7fe-08835c1f5094",Wheel House,,London,E14 3TA,"Wheel House, Burrells Wharf Square, E14 3TA","Two bedroom, two bathroom apartment located within the popular riverside Burrells Wharf development. The light and airy property is located on the second floor and benefits from 24 hour concierge, gym and a swimming pool in the building.<br/><br/>Burrells Wharf Square is only an 8-minute walk away from Mudchute & Island Gardens DLR and features a pier to catch the Thames Clipper boat service and a bike hire stand. A short walk away near Island Gardens DLR, you have Greenwich Foot Tunnel for easy access to the other side of the river and a little past Mudchute is a 24-hour supermarket.","Two bedroom, two bathroom apartment located within the popular riverside Burrells Wharf development. The light and airy property is located on the second floor and benefits from 24 hour concierge, gym and a swimming pool in the building.",2,2,0,FLAT,"2025-04-07",2250,LT_SIX_MONTHS,false,"null",51.490002,-0.02,CHESTERTONS
931,2025-02-25 15:44:28.334 +0000,bf91ac97-5323-4c19-ae6d-e2c0f9b92146,"Chesham Court, Trinity Road, Wandsworth",,London,SW18 3SJ,"Chesham Court, Trinity Road, Wandsworth, London, SW18 3SJ","A fantastic ground floor flat, moments from Wandsworth Common. The well presented property comprises a light and airy reception room wooden floors, a separate kitchen, two spacious double bedrooms and a shower room. The property also benefits from communal front and rear gardens as well as a secure outside storage unit.  This delightful flat is located is a short walk from the beautiful Wandsworth Common and easy walking distance to Wandsworth Common mainline station. The excellent local amenities also include the restaurants, cafes, bars and shops on Bellevue Road.","A fantastic ground floor flat that, moments from Wandsworth Common.",2,1,1,FLAT,"2025-04-01",2250,TWELVE_MONTHS,false,"null",51.44952,-0.173888,CHESTERTONS
932,2025-02-25 15:44:29.406 +0000,a8d16231-45a7-4d40-a8bc-43cdb4028685,Wandsworth Common West Side,,London,SW18 2EF,"Wandsworth Common West Side, London, SW18 2EF","Well-presented split level two bedroom apartment located in an ideal location just off of Wandsworth Common on a quiet residential street. <br/><br/>As you enter the property you are welcomed to the right by the spacious living room leading to a separate kitchen, a double bedroom. You go down a few steps and you find the bathroom with a bath , and the second double bedroom with built-in storage units.<br/><br/>Wandsworth Common West Side is a popular location and offers residents easy access to shopping facilities, cafes, restaurants. The property is within easy reach to Wandsworth Town Station and Clapham Junction offering services to Waterloo and Victoria and there are plenty of bus services.",Well-presented split level two bedroom apartment located in an ideal location just off of Wandsworth Common on a quiet residential street.,2,1,1,FLAT,"2025-03-05",2250,SIX_MONTHS,false,"null",51.455986,-0.18074,CHESTERTONS
933,2025-02-25 15:44:36.616 +0000,"39deeb3f-5ba9-4510-9e26-1c4167c36eb8","Mayflower Road, Stockwell",,London,SW9 9JY,"Mayflower Road, Stockwell, London, SW9 9JY","A well presented top floor flat within a Victorian Conversion, located on a quiet street between Clapham North and Stockwell. The property has been repainted and recarpetted throughout, and benefits from a light and spacious living room with semi-open plan kitchen, two double bedrooms and a white three piece bathroom suite. The property is a short walk from the local transport links including Clapham North and Stockwell Underground stations and Clapham High Street Mainline station. The vibrant and bustling cafes, shops, restaurants and bars on Clapham High Street are also within a convenient five minute walk of this much sought after flat.","A well presented top floor flat within a Victorian Conversion, located on a quiet street between Clapham North and Stockwell.",2,1,1,FLAT,"2025-03-18",2000,LT_SIX_MONTHS,false,"null",51.467617,-0.1262,CHESTERTONS
934,2025-02-25 15:44:37.613 +0000,f6dc5f4d-7b1c-4a53-8382-bff35d9bf33a,Prideaux Road,,London,SW9 9LG,"Prideaux Road, Clapham, SW9 9LG","A fantastic and well presented two double bedroom split-level Victorian conversion flat. <br/><br/>The flat comprises of a bright reception room, separate modern kitchen, generous master bedroom with a bay window, second double bedrooom and a stylish family bathroom.<br/><br/>The property is located on a quiet residential road, close to Clapham North and Brixton stations, as well as all the shops, bars and restaurants on Clapham High Street.",A fantastic and well presented two double bedroom split-level Victorian conversion flat situated within a short walk to Clapham North and Brixton.,2,1,1,FLAT,"2025-03-07",2000,LT_SIX_MONTHS,false,"null",51.466686,-0.125346,CHESTERTONS
935,2025-02-25 15:44:38.752 +0000,"57a53499-708d-40dd-aa7d-854e1af2ed59",Westferry Road,,London,E14 3RY,"Westferry Road, London, E14 3RY","A well proportioned two bedroom apartment with access to residents gym, swimming pool, sauna, steam room, jacuzzi and 24 hour concierge.<br/><br/>The property is conveniently located within 10 minutes walk to Mudchute DLR station, offering quick access into Canary Wharf. Canary Wharf station (Jubilee, DLR and Elizabeth line) is also a short walk away.","A well proportioned two bedroom apartment with access to residents gym, swimming pool, sauna, steam room, jacuzzi and 24 hour concierge.",2,0,0,FLAT,IMMEDIATELY,2000,TWELVE_MONTHS,false,"null",51.491904,-0.024614,CHESTERTONS
937,2025-02-25 15:44:40.209 +0000,"8dacee35-44de-4f4a-9dde-33ce42f5e472",Woking Close,,London,SW15 5LA,"Woking Close, London, SW15 5LA","A bright and spacious 2 bedroom flat on the second floor, located in East Sheen within close proximity to Barnes and Putney.<br/><br/>The property comprises a fully equipped kitchen with a gas cooker, dishwasher and washing machine and a large storage cupboard. There is a spacious reception room with lots of natural light and built in storage. Furthermore there are two double bedrooms with built in storage. Off the hallway there is a bathroom and separate WC.<br/><br/>The apartment is offer on a furnished basis.<br/><br/>Woking Close is situated with easy access to Central London, being only 20 minutes to London Waterloo Station and 24 minutes to Victoria Station from Barnes Rail Station. <br/><br/>A short walk away is East Sheen Primary School and Richmond Park Academy, making this flat perfect for a family.",A spacious and airy 2 double bedroom flat on the first floor. Modernised throughout with lots of storage and natural light.,2,1,1,FLAT,"2025-04-04",2000,TWELVE_MONTHS,false,"null",51.464424,-0.248218,CHESTERTONS
939,2025-02-25 15:44:41.598 +0000,"838dc3ce-d529-480b-ae7f-a3f81d37e570",Marketfield Road,,London,RH1 1RY,"Marketfield Road, Redhill, RH1 1RY","Discover a stylish collection of boutique, pet friendly apartments, just a short walk from Redhill Station, offering a seamless 35-minute journey to Central London. Whether you're commuting for work or catching a flight, Gatwick Airport is only 8 minutes away.<br/><br/>Each apartment is elegantly furnished and designed for modern living, featuring private balconies.  Secure private parking is also available for added convenience (additional charges apply).<br/><br/>Enjoy an exclusive range of residents-only amenities, including a fully equipped gym, stylish coworking spaces, and a tranquil communal garden—all designed to elevate and embellish your lifestyle.<br/><br/>Experience boutique living at its finest—right in the heart of Redhill.<br/><br/>Photographs of the show apartments are for illustrative purposes only.","Selection of 2 bedroom, 2 bathroom boutique, pet friendly apartments with balcony, just a short walk from Redhill Station, 35-minutes to Central London and 8 minutes to Gatwick Airport; benefiting  from residents lounge, gym and garden. EPC Rating B",2,2,1,FLAT,IMMEDIATELY,1995,LT_SIX_MONTHS,false,"null",51.239543,-0.167691,CHESTERTONS
941,2025-02-25 15:44:42.480 +0000,d2551afe-39c2-49c1-ad08-f9692d037606,"Court Royal, Carlton Drive, Putney",,London,SW15 2BJ,"Court Royal, Carlton Drive, Putney, London, SW15 2BJ","A bright and spacious split level maisonette with two generous double bedrooms, a modern fitted kitchen and well-presented shower room. The spacious reception room has plenty of room for dining, and also opens directly onto the gardens.<br/><br/> The location is fantastic, positioned in a quiet spot halfway between East Putney tube station and Putney rail station, with the High Street, shops and restaurants close by with the property further benefitting from off-street parking.<br/><br/>Offered unfurnished & available in April.",A bright and spacious split level maisonette with two generous double bedrooms which further benefits from off-street parking.,2,0,1,FLAT,"2025-04-17",1950,LT_SIX_MONTHS,false,"null",51.457285,-0.214299,CHESTERTONS
942,2025-02-25 15:44:43.469 +0000,"80e4ce74-bdd5-40be-a7f0-e545cad50cd3","Wilton Road, Colliers Wood",,London,SW19 2HB,"Wilton Road, Colliers Wood, London, SW19 2HB","A very well presented, two double bedroom first floor flat in this lovely period property close to Colliers Wood Station and the A24.<br/><br/>The property offers laminate wooden flooring throughout and comprises a very good-sized reception room, a separate modern fully fitted kitchen with white gloss units and black granite worksurfaces (includes fridge/freezer and dishwasher), there are two excellent double bedrooms, plus a stylish fully tiled bathroom with a separate shower cubicle.<br/><br/>Wilton Road is located in one of Colliers Wood's most favoured roads and is just a short walk from Colliers Wood Station (Northern Line), plus within walking distance of St Georges Hospital and St Georges, University of London.<br/><br/>Available from the 30th October<br/>Unfurnished<br/>Merton Council Tax Band C<br/><br/><strong>Reception/Dining Room</strong>  <em>5.61mx4.5m (m x 5.61m)</em> <br/> <br/><br/><strong>Bedroom 1</strong>  <em>3.66mx3.63m (m x 3.66m)</em> <br/> <br/><br/><strong>Kitchen</strong>  <em>2.62mx2.34m (m x 2.62m)</em> <br/> <br/><br/><strong>Bedroom 2</strong>  <em>3.6mx2.67m (m x 3.6m)</em> <br/> ","A very well presented, two double bedroom first floor flat in this lovely period property close to Colliers Wood Station and the A24.",2,1,1,FLAT,IMMEDIATELY,1950,LT_SIX_MONTHS,false,"null",51.418651,-0.170458,CHESTERTONS
955,2025-02-25 15:44:53.693 +0000,"5447c4b4-36fa-4528-a18f-98623141faa0",Cautley Avenue,,London,SW4 9HX,"Cautley Avenue, London, SW4 9HX","A lovely first floor Victorian conversion flat in a quiet residential road moments from Clapham Common.  The property comprises a bright reception room with space for a dining table, a bay window and a feature fireplace, a semi-open modern kitchen, a generous double bedroom with built-in wardrobes, a smaller double bedroom, a bathroom with shower over bath and a separate WC.  The flat is located close to Clapham South underground station and the amenities local to Clapham South and Abbeville Village.","A lovely, bright, first floor Victorian conversion flat in a quiet residential road moments from Clapham Common and the amenities of Abbeville Village. The property benefits from a second bedroom, ideal for guests or as a study.",2,1,1,FLAT,"2025-04-19",2000,LT_SIX_MONTHS,false,"null",51.45504,-0.142779,CHESTERTONS
936,2025-02-25 15:44:39.353 +0000,c31c36dd-32ac-4c8a-a3c8-101de3fafc47,"Chiswick High Road, Chiswick",,London,W4 2DR,"Chiswick High Road, Chiswick, London, W4 2DR","A recently refurbished apartment offering a spacious reception room with French doors leading to a private roof terrace. With a modern fully fitted kitchen, master bedroom with en-suite and shower room, additional single bedroom and bathroom.<br/><br/>Chiswick is a leafy, affluent district with a village feel. Media and creative professionals mingle in indie shops, wine bars, and high-end restaurants along Chiswick High Road. A footpath runs past the historic pubs and 18th-century homes of Strand-on-the-Green, a picturesque Thameside street. The Roman-style Chiswick House contains Old Master paintings and has vast manicured gardens with picnic and play areas.","A recently refurbished apartment offering a spacious reception room with French doors leading to a private roof terrace. With a modern fully fitted kitchen, master bedroom with en-suite and shower room, additional single bedroom and bathroom.",2,2,1,FLAT,IMMEDIATELY,2250,TWELVE_MONTHS,false,"null",51.492358,-0.256937,CHESTERTONS
938,2025-02-25 15:44:40.589 +0000,"1ce59c42-d06a-4bd3-9f87-82c88a8e706e","Acton Lane, London",,UK,W4 5DD,"Acton Lane, London, UK, W4 5DD","A modern ground floor, two bedroom, two bathroom apartment situated in this exceptional purpose built development of luxury apartments. The amenities of Chiswick High Road and Chiswick Park tube station are close by, featuring the District line tube as well as the overland service at South Acton station and road links to Heathrow Airport. Also, Acton Lane is moments away from the wide array of shops and restaurants Chiswick has to offer.<br/><br/>Accommodation briefly comprises; two generous double bedrooms with built-in wardrobes, two bathrooms comprising of a large main bathroom and an en-suite bathroom serving the master bedroom, modern recently fitted open-plan kitchen, with integrated appliances, facing onto a good size reception room. The property has wooden flooring in the majority of rooms, with the exception of the bathrooms and kitchen which contain ceramic tile flooring. The property has excellent room sizes and is beautifully presented throughout.<br/><br/>Property further benefits from a secure off-street parking space to the rear of the development within the gated car park.","A modern ground floor, two bedroom, two bathroom apartment situated in this exceptional purpose built development of luxury apartments situated close to the amenities of Chiswick High Road and Chiswick Park tube station, featuring the District line.",2,2,1,FLAT,IMMEDIATELY,2250,TWELVE_MONTHS,false,"null",51.500504,-0.263575,CHESTERTONS
940,2025-02-25 15:44:42.209 +0000,ab3b3387-346a-4a8f-ac5a-1685348b8c22,"Goldfinch Court, 713a Finchley Road, Golders Green",,London,NW11 8AT,"Goldfinch Court, 713a Finchley Road, Golders Green, London, NW11 8AT","A beautiful 2 bedroom apartment on the 4th floor of this modern purpose built block with lift, private balcony communal gardens on the 2nd floor and underground parking with charging bay.  The property is situated in this excellent location within walking distance to Golders Green and the open green spaces of Hampstead (Northern Lines). Accommodation comprises reception room, fully fitted kitchen, main bedroom with fitted wardrobes, 2nd bedroom, bathroom. Sole Agent.","A beautiful 2 bedroom apartment on the 4th floor of this modern purpose built block with lift, private balcony communal gardens on the 4th floor and underground parking with charging bay in Golders Green.  Sole Agent.",2,1,1,FLAT,"2025-04-14",2200,GT_TWELVE_MONTHS,false,"null",51.563359,-0.197452,CHESTERTONS
943,2025-02-25 15:44:43.747 +0000,a0682208-6883-44e6-8e89-7da5b094f2e5,"Blake House, York Road",,London,SW11 3QR,"Blake House, York Road, London, SW11 3QR","Located in a secure purpose built development a short walk to both Clapham Junction and Wandsworth Town Railway Stations.<br/><br/>The property comprises of 2 full double bedrooms, a separate recently refurbished  kitchen and a good size reception room ideal for entertaining. Offered on a furnished basis with high speed internet available.  Moments from Clapham Junction Station. Offered on a furnished basis.<br/><br/>Ideally located on York Road and next to Battersea High Street, within a short walk of the green open spaces at Battersea Park. Situated moments from far reaching transport links from Clapham Junction Mainline Station, the River Thames and cafés, restaurants and bars at Battersea Square.","The property comprises of 2 full double bedrooms, a separate recently refurbished  kitchen and a good size reception room ideal for entertaining. Offered on a furnished basis with high speed internet available.  Moments from Clapham Junction Station",2,1,1,FLAT,"2025-03-31",2200,GT_TWELVE_MONTHS,false,"null",51.465485,-0.17969,CHESTERTONS
945,2025-02-25 15:44:44.489 +0000,"17f3192d-8cd4-4cac-90ec-653ba5d321f5","Lincoln Lodge, 4 Wadham Mews",,London,SW14 7DA,"Lincoln Lodge, 4 Wadham Mews, London, SW14 7DA","Located in a sought-after residential area, this modern 2-bedroom apartment boasts contemporary design and a spacious layout. The property features a private balcony, providing a tranquil outdoor space to enjoy the views. The apartment benefits from private parking, offering convenience and security for residents. The interiors are stylishly designed with high-quality finishes, creating a comfortable and inviting living space. The open-plan kitchen and living area are perfect for entertaining guests, while the bedrooms offer ample storage space and natural light. Situated within walking distance of local amenities, shops, and transport links, this property offers both convenience and luxury living. Ideal for professionals or couples seeking a modern home in a desirable location. Don't miss the opportunity to make this apartment your new home. Contact us to arrange a viewing today.","A spacious and modern two bedroom apartment with private balcony, located close to Mortlake Station.",2,1,1,FLAT,IMMEDIATELY,2200,TWELVE_MONTHS,false,"null",51.471036,-0.272025,CHESTERTONS
944,2025-02-25 15:44:44.430 +0000,bde4d09a-94ab-460e-a01b-2be339bd3171,"Sextons Road, Bishop's Stortford",,Hertfordshire,CM23 3FU,"Sextons Road, Bishop's Stortford, Hertfordshire, CM23 3FU","These modern, fully furnished apartments are designed for hassle-free living. Located just next to Bishop’s Stortford Station, enjoy a 40-minute commute to Central London. The apartments feature bright open-plan living areas, contemporary kitchens with integrated appliances, and spacious double bedrooms with large wardrobes. Many apartments come with private balconies or terraces, offering a perfect space to relax.<br/><br/>Additional highlights include:<br/>Pet-friendly environment, ideal for your furry friends<br/>High energy-efficiency (EPC Rating B)<br/>Super-fast broadband included<br/>Secure parking (additional costs apply) and cycle storage<br/>Stunning communal garden and areas<br/>Flexible contract options (up to 3 years) and deposit flexibility<br/>24/7 support with a dedicated Care Manager<br/><br/>Living here means experiencing a blend of comfort and style, all while being close to local parks, shops, cafes, and excellent transport links. Whether you're commuting or relaxing, this is a perfect home for modern living.<br/><br/>1 bedrooms from £1575 per month<br/>2 bedrooms from £1900 per month<br/><br/>Photographs of the show apartments are for illustrative purposes only.","These stylish, fully furnished apartments with balcony are just minutes from Bishop’s Stortford Station, offering a 40-minute commute to Central London. Perfect for commuters and those seeking a comfortable, modern home.",2,2,1,FLAT,IMMEDIATELY,1900,LT_SIX_MONTHS,false,"null",51.867137,0.164012,CHESTERTONS
947,2025-02-25 15:44:45.482 +0000,"51ee2941-d34c-450d-bf52-f1ff06bfe801",Aylesbury Road,,London,SE17 2EQ,"Aylesbury Road, London, SE17 2EQ","This impressive 2 bedroom flat is beautifully presented throughout and is set in a quiet residential street and boasts a stylish kitchen, bright and airy reception room and lovely private garden.<br/><br/>Aylesbury Road is conveniently situated close to the amenities and transport links of Walworth and Elephant and Castle which provides superb links across London via the Underground and National Rail.","This impressive 2 bedroom flat is beautifully presented throughout and is set in a quiet residential street and boasts a stylish kitchen, bright and airy reception room and lovely private garden.",2,1,1,FLAT,"2025-04-01",1750,TWELVE_MONTHS,false,"null",51.487711,-0.087915,CHESTERTONS
949,2025-02-25 15:44:47.251 +0000,a0ac5778-c499-4fb9-8121-9b3de18c5a4b,Sylva Court,,London,SW15 3NX,"Sylva Court, 79 Putney Hill, SW15 3NX","Spacious two double bedroom apartment, which offers fantastic living space with doors onto a Juliet balcony, separate kitchen & modern bathroom.   <br/><br/>This well presented home offers great storage and is set on the second floor of this private development, benefitting from lift and on street parking with permit.<br/><br/>Sylva Court is located just off the top off Putney Hill, within striking distance of Putney Town Centre, as well as both Putney Mainline Station and East Putney Underground (District Line).  The Green Man Bus Terminus offers regular services to Putney, Fulham, Roehampton and Wimbledon.  Wimbledon Common and Putney Heath are on the doorstep and, with Richmond Park close by, there is easy access to some of South West London's best green spaces.","Spacious two double bedroom apartment, which offers fantastic living space with doors onto a Juliet balcony, separate kitchen & modern bathroom.",2,1,1,FLAT,"2025-04-08",1750,TWELVE_MONTHS,false,"null",51.45055,-0.220823,CHESTERTONS
951,2025-02-25 15:44:48.486 +0000,"173b5134-b417-442b-a348-42c0ba57c2c2","Bernard Street, Ocean Village",,Southampton,SO14 3EH,"Bernard Street, Ocean Village, Southampton, SO14 3EH","Spacious 2-Bedroom 2 Bathroom Apartments in Prime Location – Modern Living with Premium Amenities.<br/><br/>Seize the opportunity to rent a contemporary 2-bedroom apartment in this vibrant, newly developed building. Perfectly situated just 20 minutes from the station and only 2 minutes from the bustling High Street, Tesco, and Morrisons, this development offers the ultimate convenience for modern living. A variety of 2-bedroom apartments are available, each designed to blend comfort, style, and functionality.<br/><br/>Each apartment features spacious, open-plan layouts with stylish finishes, integrated appliances, and clever storage solutions. All units come equipped with washer/dryers, electric heating, and sleek, modern interiors.<br/><br/>The development goes beyond just living spaces with an array of top-tier amenities, including a communal lounge, co-working space, and a beautifully landscaped garden with a BBQ and outdoor dining area. Residents can enjoy regular social events and gatherings, creating a true sense of community. Additionally, the building features a fully-equipped gym and fitness studio offering virtual fitness classes through Wexer technology at no extra cost.<br/><br/>Rent from £1,439 per month<br/>Additional costs:<br/><br/>Pet Fee: £70 per month<br/>Wi-Fi: £40 per month<br/>Parking: Available from £100 per month<br/>Furniture Packages: Starting from £150 per month<br/>Council Tax: Southampton, Band A to C (dependent on the property)<br/><br/>Photographs of the show apartments are for illustrative purposes only.<br/><br/>Ready to move in? Contact us today to schedule a viewing and experience the convenience and luxury of living in this exceptional development.","Seize the opportunity to rent a contemporary 2-bedroom apartment in this vibrant, newly developed building.",2,2,1,FLAT,IMMEDIATELY,1669,TWELVE_MONTHS,false,"null",50.899275,-1.398261,CHESTERTONS
956,2025-02-25 15:44:54.450 +0000,"99bfc0f9-4876-41e5-a162-71dcfa0632b4",Centenary Plaza,,London,SO19 9UG,"Centenary Plaza, Southampton, SO19 9UG","Special Promotion: January's rent free if you move into a 2-bedroom before Christmas. (Only valid on tenancies 12 months +)<br/><br/>Seize the opportunity to rent a stunning 2-bedroom apartment in one of Southampton's most prestigious locations, overlooking the breathtaking Solent. With modern conveniences and exceptional views, these apartments are perfect for anyone seeking a blend of comfort and style.<br/><br/>Location Highlights:<br/><br/>Just 0.5 miles from Woolston train station, offering regular services to Southampton Central, Portsmouth, and Southsea.<br/><br/>Convenient access to London Waterloo in under two hours by train.<br/><br/>A short walk to the vibrant Quayside, featuring a variety of wine bars, coffee shops, pubs, and a 24-hour gym (Snap Fitness).<br/><br/>Apartment Features:<br/><br/>Spacious, contemporary designs with clever storage solutions.<br/>Integrated appliances, including washer/dryers and sleek Silestone countertops.<br/>Electric heating and secure fob entry for peace of mind.<br/>Building Amenities: Enjoy a range of thoughtfully designed amenities, including:<br/><br/>Residents' lounge and terrace<br/>Co-working spaces<br/>Gym and fitness studio<br/><br/>Pricing:<br/><br/>Apartments range from £1,650 to £2,445 per month.<br/>Additional Information:<br/><br/>Pet-friendly: £70.00 pcm<br/>Wi-Fi: £40.00 pcm<br/>Parking available from: £50.00 pcm<br/>Furniture packages available from: £200.00 pcm<br/>Council Tax: Southampton (bands TBC)<br/><br/>Incentives: Please note that incentives are available on select apartments for early securing. For more information, contact our team today!<br/><br/>Disclaimer: Photographs of show apartments are for guidance purposes only.",A selection of brand new 2 bedroom luxury flats in this brand new professionally managed waterside development in Woolston benefiting from a gym and yoga studio; residents lounge and kitchen; co-working spaces and a quayside terrace.,2,2,1,FLAT,IMMEDIATELY,1650,LT_SIX_MONTHS,false,"null",50.894502,-1.383193,CHESTERTONS
957,2025-02-25 15:44:55.757 +0000,"61b5881a-e5aa-4114-a197-24dfd1e2e76e",Park Close,,London,KT2 6DW,"Park Close, Kingston upon Thames, KT2 6DW","This well presented two bedroom purpose built apartment is in a peaceful gated development.<br/><br/>This well presented two bedroom, first floor apartment benefits from generous room sizes throughout starting with the bright and spacious reception room which overlooks the beautiful communal gardens. <br/><br/>The modern family bathroom, includes a white suite with shower over the bath. The kitchen benefits from a gas hob, washing machine and a modern finish. <br/><br/>Further benefits include off street parking and gas central heating. <br/><br/>This property is well presented throughout and matched with a fantastic location for commuting and unrivalled local schooling. Just 0.5 miles from Norbiton Station, offering direct services to London Waterloo and just a short distance from Kingston's lively shops, bars and restaurants.",This well presented two bedroom purpose built apartment is in a peaceful gated development.,2,1,1,FLAT,"2025-03-21",1650,LT_SIX_MONTHS,false,"null",51.416595,-0.289037,CHESTERTONS
958,2025-02-25 15:44:56.994 +0000,"8feaf9a8-34cd-45e0-9bae-e84c9db8d1aa","Bernard Street, Ocean Village",,Southampton,SO14 3EH,"Bernard Street, Ocean Village, Southampton, SO14 3EH","Spacious 2-Bedroom Apartments in Prime Location – Modern Living with Premium Amenities<br/><br/>Seize the opportunity to rent a contemporary 2-bedroom apartment in this vibrant, newly developed building. Perfectly situated just 20 minutes from the station and only 2 minutes from the bustling High Street, Tesco, and Morrisons, this development offers the ultimate convenience for modern living. A variety of 2-bedroom apartments are available, each designed to blend comfort, style, and functionality.<br/><br/>Each apartment features spacious, open-plan layouts with stylish finishes, integrated appliances, and clever storage solutions. All units come equipped with washer/dryers, electric heating, and sleek, modern interiors.<br/><br/>The development goes beyond just living spaces with an array of top-tier amenities, including a communal lounge, co-working space, and a beautifully landscaped garden with a BBQ and outdoor dining area. Residents can enjoy regular social events and gatherings, creating a true sense of community. Additionally, the building features a fully-equipped gym and fitness studio offering virtual fitness classes through Wexer technology at no extra cost.<br/><br/>Rent from £1,400 per month<br/>Additional costs:<br/><br/>Pet Fee: £70 per month<br/>Wi-Fi: £40 per month<br/>Parking: Available from £100 per month<br/>Furniture Packages: Starting from £150 per month<br/>Council Tax: Southampton, Band A to C (dependent on the property)<br/><br/>Photographs of the show apartments are for illustrative purposes only.<br/><br/>Ready to move in? Contact us today to schedule a viewing and experience the convenience and luxury of living in this exceptional development.","Seize the opportunity to rent a contemporary 2-bedroom apartment in this vibrant, newly developed building. Perfectly situated just 20 minutes from the station and only 2 minutes from the bustling High Street, Tesco, and Morrisons.",2,1,1,FLAT,IMMEDIATELY,1400,TWELVE_MONTHS,false,"null",50.899275,-1.398261,CHESTERTONS
946,2025-02-25 15:44:45.417 +0000,"52132b78-7ea3-4667-b5ee-c66b12b8f673","Station Avenue, Walton-On-Thames",,Surrey,KT12 1GT,"Station Avenue, Walton-On-Thames, Surrey, KT12 1GT","A selection of premium 2-bedroom penthouse apartments within a newly built, contemporary development, offering a high standard of living with a host of first-class amenities designed for modern living. Residents can enjoy a large rooftop terrace perfect for relaxing or socializing, a state-of-the-art gym to stay active, flexible co-working spaces ideal for remote working, and a residents' lounge for unwinding or meeting guests. Additionally, an on-site team is available to assist with any needs, ensuring a smooth and convenient living experience.<br/><br/>Perfectly situated just moments from the local train station, with direct links to central London (Waterloo in just 30 minutes), this location offers a unique balance of a peaceful suburban lifestyle with easy access to the capital. It’s an ideal choice for those looking to leave the hustle and bustle of the city behind while still being able to enjoy the vibrant city life when needed. For those who require quick access to major transport links, the M3 and M25 are conveniently nearby, making commuting and travel incredibly easy.<br/><br/>For added convenience, there are also a number of optional services to enhance your living experience:<br/><br/>• Secure parking is available from £75 per month<br/>• Furnishing packages are available from £200 per month<br/>• High-speed Wi-Fi is provided at £40 per month<br/>• A pet charge of £70 per month<br/><br/>EPC ratings (B, C, D) will vary depending on the specific unit selected.<br/><br/>Please note that photographs of show apartments are for illustrative purposes only and may differ slightly from the actual unit available.<br/><br/>Rent: Starting from £2,165 to £2,600 per month, with pricing depending on the size and layout of the apartment, offering flexibility to suit different preferences and needs.<br/>This development offers the perfect blend of luxury, convenience, and community living. Whether you’re relocating from the city or seeking a more spacious and modern home, these penthouses are designed to meet all your needs in a desirable and accessible location.","A selection of 2 bedroom luxury flats in this brand new development benefiting from a large rooftop terrace, gym, co-working spaces, residents lounge and an on-site team to assist residents. <br/><br/>NO SECURITY DEPOSIT REQUIRED",2,2,1,FLAT,IMMEDIATELY,2165,LT_SIX_MONTHS,false,"null",51.372541,-0.404326,CHESTERTONS
948,2025-02-25 15:44:46.319 +0000,ef98648a-44a5-4d27-8920-4c51f9e7ed7b,"Northside Wandsworth Common, Battersea",,London,SW18 2SL,"Northside Wandsworth Common, Battersea, London, SW18 2SL","Chestertons has the pleasure of presenting a well-proportioned two bedroom property to the rental market a stone’s throw from Wandsworth Common.<br/><br/>Boasting wood floors in the living spaces the property comprises two spacious double bedrooms, a family bathroom with white three piece suite, a bright and generous living room, and a separate modern kitchen with integrated appliances and ample storage. The property also benefits from a communal garden to the rear. <br/><br/>North Side Wandsworth Common is within close proximity to Wandsworth Common and an abundance of bars, restaurants, cafes and shops local to Northcote Road and Battersea Rise. Clapham Junction mainline station and numerous local bus routes offer excellent travel links into central London and beyond.","Benefitting from two double bedrooms, this property is ideal for couples or professional sharers and further benefits from off-street parking (garage).",2,1,1,FLAT,"2025-04-22",2150,TWELVE_MONTHS,false,"null",51.458584,-0.177283,CHESTERTONS
950,2025-02-25 15:44:47.773 +0000,efc52953-9f9b-44ef-bf08-f50821eb097e,"Scotia Building, 5 Jardine Road",,London,E1W 3WA,"Scotia Building, 5 Jardine Road, London, E1W 3WA","Nestled in a prime location, this modern upper-floor apartment offers a stylish and comfortable living experience. The property boasts two bedrooms, furnished to a high standard, ensuring a cosy and inviting atmosphere. Bright and spacious, the apartment is flooded with natural light, creating a warm and welcoming ambiance. From the balcony, residents can enjoy scenic views of the surrounding area, providing a peaceful retreat from the hustle and bustle of city life. Situated in a quiet neighbourhood, the property offers a tranquil living environment, perfect for those seeking a peaceful sanctuary. Additional features include private off-road parking, making it convenient for residents with vehicles. With its contemporary design and desirable amenities, this apartment is the ideal place to call home. Contact us today to arrange a viewing and experience the charm of this property firsthand.","A modern 2 bedroom apartment with private parking, private balcony and river views. Moments away from the River Thames and walking Distance to Canary Wharf.",2,1,0,FLAT,"2025-04-28",2100,TWELVE_MONTHS,false,"null",51.510117,-0.044144,CHESTERTONS
952,2025-02-25 15:44:49.543 +0000,ce97fe83-10ca-431a-a723-10171d7deb78,Denmark Road,,London,SE5 9EW,"Denmark Road, London, SE5 9EW","A fantastic 2 bedroom apartment that has been completely renovated throughout. This stylish apartment is offered as furnished and features, 2  spacious double bedroom, open plan kitchen / living room and modern bathroom with large terrace.","A fantastic 2 bedroom apartment that has been completely renovated throughout. This stylish apartment is offered as furnished and features, 2  spacious double bedroom, open plan kitchen / living room and modern bathroom with large terrace.",2,1,1,FLAT,IMMEDIATELY,2100,TWELVE_MONTHS,false,"null",51.470199,-0.096033,CHESTERTONS
953,2025-02-25 15:44:50.863 +0000,f400a32e-7d57-4a93-ae35-2ca167a0e3a8,"Milton Road, Highgate",,London,N6 5QD,"Milton Road, Highgate, London, N6 5QD","A  two double bedroom apartment set within a delightful period conversion on a residential road between Highgate and Archway. Located on the first floor of a period house and boasting two large double bedrooms, modern family sized bathroom, open plan kitchen with white goods and appliances, spacious reception with floor to ceiling bay windows, wooden floors throughout and an abundance of character and space.<br/><br/>Ideally located only minutes from Highgate station and within walking distance to the many wonderful shops, cafes, bars, restaurants, parks and other amenities this residential area has to offer.","On the first floor of a period house and boasting two double bedrooms, family bathroom, open plan kitchen with modern white goods and appliances, spacious reception with floor to ceiling bay windows, wooden floors throughout.",2,1,1,FLAT,"2025-05-05",2100,TWELVE_MONTHS,false,"null",51.573668,-0.136839,CHESTERTONS
954,2025-02-25 15:44:52.793 +0000,"3c6598f1-94b7-4c14-93ed-838034d84e8b",Lancaster Drive,,London,E14 9PT,"Lancaster Drive, London, E14 9PT","LONG LET | REFURBISHED TWO BEDROOM APARTMENT | CANARY WHARF, E14<br/><br/>Modern two bedroom apartment to rent in Lancaster Drive, E14, a charming dockside development just a short walk from the centre of Canary Wharf. Recently refurbished, the apartment boasts a modern interior throughout, with high end furnishings & appliances and solid wood flooring. It comprises of two double bedrooms, designer bathroom, modern separate kitchen, and a large reception with floor to ceiling windows leading out on to a south facing private balcony. Both kitchen and reception are south facing and exceptionally bright throughout the day. With the added bonus of an inclusive parking bay, this apartment really is fantastic value.<br/><br/>Our lines are open 24/7 - Call us now for more information or to book a viewing.","Recently refurbished two bedroom apartment in Lancaster Drive. The property boasts a new modern kitchen, stylish bathroom, large lounge and two well sized bedrooms and private balcony. Minutes walk from Canary Wharf.",2,1,1,FLAT,IMMEDIATELY,2075,LT_SIX_MONTHS,false,"null",51.5,-0.01,CHESTERTONS
